community_id,lng,lat,population,community_type,area_m2,A_day_raw,A_night_raw,A_day_norm,A_night_norm,TPI,accessibility_gap,accessibility_ratio,SAII,TPI_level
1,113.916231,22.546877,1962,high_end,35599.45,0.028187282355817272,0.0011464838372693203,0.096712105584358,0.04826965449279508,-50.08933555821361,0.04844245109156292,0.4991066444178639,0.04844245109156293,0-NightAdv
2,113.93485,22.527444,1580,commodity_housing,20077.88,0.012026096032788256,0.0008084256125360785,0.041262192452924194,0.03403661153495702,-17.5113838805604,0.007225580917967177,0.8248861611943961,0.007225580917967177,0-NightAdv
3,113.935645,22.528029,3123,high_end,56636.18,0.012751314210708225,0.0008825142911433285,0.04375045563875831,0.037155918412163,-15.073070966495813,0.0065945372265953095,0.8492692903350418,0.0065945372265953095,0-NightAdv
4,113.918479,22.526518,4453,high_end,80754.49,0.04224034158524986,0.0032494202240947,0.14492891949439538,0.1368082012325017,-5.603242120498741,0.008120718261893672,0.9439675787950126,0.008120718261893672,0-NightAdv
5,113.957109,22.52315,1292,high_end,23438.85,0.0016573698762966582,6.679985719215204e-05,0.005686526584768705,0.002812430425982348,-50.54220913139824,0.002874096158786357,0.4945779086860176,0.002874096158786357,0-NightAdv
6,113.92981,22.530638,1822,commodity_housing,23131.33,0.007205645671245913,0.0005816267539793224,0.024722963929766247,0.024487848450804404,-0.9510003720822742,0.00023511547896184343,0.9904899962791772,0.00023511547896184343,1-None
7,113.953239,22.518945,5226,high_end,94732.01,0.0038599308748085283,0.0002302403172293557,0.013243633692687792,0.009693656553800884,-26.80515952994802,0.0035499771388869082,0.7319484047005198,0.003549977138886909,0-NightAdv
8,113.931195,22.526954,1188,high_end,21563.64,0.020266831683316215,0.0012587486391208854,0.06953660664674814,0.05299626556302526,-23.78652321610863,0.016540341083722883,0.7621347678389138,0.016540341083722886,0-NightAdv
9,113.929679,22.506525,6150,high_end,111495.97,0.09376637975641618,0.006251548881143108,0.32171757123630657,0.26320484836168784,-18.187605560294443,0.05851272287461873,0.8181239443970556,0.05851272287461873,0-NightAdv
10,113.92211,22.541586,4619,high_end,83755.75,0.03818267528787403,0.0024184126237927275,0.1310068447649416,0.1018208351279762,-22.278232629243348,0.029186009636965396,0.7772176737075666,0.0291860096369654,0-NightAdv
11,113.930124,22.507264,5696,commodity_housing,72273.28,0.09553660670248666,0.006157300285326475,0.32779131659265204,0.25923676175757526,-20.914085079401257,0.06855455483507678,0.7908591492059874,0.06855455483507678,0-NightAdv
12,113.952473,22.531496,5583,commodity_housing,70857.07,0.00944685940511702,0.0004300294080771519,0.03241269068423367,0.018105245163390116,-44.14149278820301,0.014307445520843554,0.5585850721179699,0.014307445520843554,0-NightAdv
13,113.935223,22.521598,8903,commodity_housing,112969.77,0.04060648437822367,0.0023764154818466114,0.13932306616234932,0.10005265709918496,-28.186581120317612,0.03927040906316437,0.7181341887968239,0.03927040906316437,0-NightAdv
14,113.937297,22.539434,4131,commodity_housing,52434.5,0.007104121846688273,0.00045542078947454894,0.024374630141641405,0.019174281784147314,-21.335086223974578,0.00520034835749409,0.7866491377602542,0.00520034835749409,0-NightAdv
15,113.936653,22.539844,5600,commodity_housing,71074.73,0.00790870491566851,0.0003239482682303979,0.027135198604267406,0.013638980745044169,-49.73694151293501,0.013496217859223237,0.5026305848706499,0.013496217859223239,0-NightAdv
16,113.935174,22.532709,7115,commodity_housing,90301.9,0.0061757159907313,0.00046920969685515377,0.021189218932677636,0.019754827077031887,-6.769441857215678,0.0014343918556457488,0.9323055814278433,0.0014343918556457488,0-NightAdv
17,113.934844,22.541922,6112,high_end,110826.59,0.015429217593445383,0.0007110256559171276,0.052938488434070924,0.029935845260913533,-43.4516433195947,0.02300264317315739,0.565483566804053,0.023002643173157394,0-NightAdv
18,113.919313,22.522586,3141,high_end,56965.45,0.038288875961096314,0.0029238753061797164,0.13137122507632282,0.12310199779655198,-6.294549871911949,0.008269227279770835,0.9370545012808805,0.008269227279770835,0-NightAdv
19,113.946107,22.526839,2899,high_end,52595.89,0.014917389147010521,0.0008043732558514334,0.05118237707406709,0.03386599782834317,-33.83269835370293,0.01731637924572392,0.6616730164629707,0.01731637924572392,0-NightAdv
20,113.932012,22.524139,3236,high_end,58673.53,0.033482490607402854,0.0020385796494597824,0.11488025436344097,0.0858289773799502,-25.28831185521464,0.029051276983490776,0.7471168814478536,0.02905127698349078,0-NightAdv
21,113.954585,22.544935,8017,commodity_housing,101722.22,0.011964497770598345,0.0006511274894332425,0.041050845450346124,0.027413992176778108,-33.219421242036894,0.013636853273568016,0.667805787579631,0.013636853273568016,0-NightAdv
22,113.955945,22.541872,2972,high_end,53902.98,0.03183208150152503,0.0024782521567475505,0.1092176105622339,0.1043402196032246,-4.465755049850773,0.004877390959009312,0.9553424495014923,0.004877390959009312,1-None
23,113.951568,22.513775,1648,commodity_housing,20919.71,0.013941265937226242,0.00044470988095696406,0.047833245017406906,0.018723327451743318,-60.85708288256474,0.029109917565663588,0.3914291711743526,0.02910991756566359,0-NightAdv
24,113.943167,22.541014,3342,commodity_housing,42426.93,0.024341532221341635,0.0016943635446544424,0.0835171267864212,0.07133667324997367,-14.584378085223971,0.012180453536447533,0.8541562191477603,0.012180453536447533,0-NightAdv
25,113.934599,22.509815,3909,high_end,70881.41,0.06133654180947723,0.0036895574512689024,0.21044902565547657,0.15533900925131977,-26.186871729392898,0.0551100164041568,0.738131282706071,0.055110016404156796,0-NightAdv
26,113.94876,22.516912,6660,commodity_housing,84510.34,0.006659246942669051,0.00041951235423033677,0.022848240043219635,0.01766245256661264,-22.696660516510594,0.005185787476606994,0.7730333948348941,0.005185787476606994,0-NightAdv
27,113.918984,22.528081,9094,commodity_housing,115392.86,0.03968938395231602,0.0030735601386178654,0.1361764445014805,0.12940407978822693,-4.973227739970801,0.00677236471325357,0.950267722600292,0.00677236471325357,1-None
28,113.945794,22.522781,6418,high_end,116362.0,0.016721928035957578,0.0009110119126728949,0.057373848580823054,0.03835573501697003,-33.14770410958581,0.019018113563853023,0.6685229589041419,0.019018113563853023,0-NightAdv
29,113.940267,22.520858,7061,commodity_housing,89602.98,0.027498520583885175,0.0016316443885757204,0.09434892631901746,0.06869604989743668,-27.189367619131094,0.02565287642158079,0.728106323808689,0.02565287642158079,0-NightAdv
30,113.910596,22.525177,1856,high_end,33662.13,0.012080605643179093,0.0008355453486880116,0.04144921790393909,0.03517841593850402,-15.128878860797817,0.006270801965435065,0.8487112113920219,0.006270801965435065,0-NightAdv
31,113.943953,22.505433,3291,high_end,59678.38,0.08864220827180987,0.00711220951705882,0.30413625894816654,0.2994406767098215,-1.5439074099827415,0.004695582238345042,0.9845609259001726,0.004695582238345042,1-None
32,113.94845,22.537015,5244,commodity_housing,66559.8,0.03222369368557709,0.002338131317972004,0.11056125335879985,0.09844080414260573,-10.96265540411353,0.012120449216194124,0.8903734459588647,0.012120449216194122,0-NightAdv
33,113.936027,22.528199,3714,commodity_housing,47154.29,0.012896257686024112,0.0008598388320690953,0.044247764620573685,0.03620122848161352,-18.185181122616083,0.008046536138960163,0.8181481887738392,0.008046536138960163,0-NightAdv
34,113.918374,22.538354,2620,commodity_housing,33274.54,0.039727246001524795,0.002694179365564563,0.1363063512606528,0.11343126077308141,-16.78211636949208,0.022875090487571387,0.8321788363050792,0.022875090487571387,0-NightAdv
35,113.925233,22.535207,8788,commodity_housing,111521.37,0.026818600173834087,0.002063956715792413,0.0920160822492787,0.08689741130295635,-5.562800350981548,0.005118670946322346,0.9443719964901846,0.005118670946322345,0-NightAdv
36,113.925657,22.516953,6397,commodity_housing,81172.07,0.07628184952618242,0.0048765033997899675,0.2617271928673083,0.2053122133857937,-21.554878904048813,0.05641497948151458,0.7844512109595119,0.05641497948151458,0-NightAdv
37,113.938237,22.528294,3813,high_end,69161.59,0.01258160886233137,0.0008080296185030301,0.043168187317773284,0.034019939258789586,-21.192106102674284,0.009148248058983698,0.7880789389732572,0.009148248058983698,0-NightAdv
38,113.960374,22.535904,3631,commodity_housing,46089.36,0.015282164107970134,0.0009567742378572521,0.052433939892132644,0.04028243607775171,-23.174882222047522,0.012151503814380932,0.7682511777795248,0.012151503814380933,0-NightAdv
39,113.928049,22.512219,8985,commodity_housing,114023.02,0.08412891622325504,0.004965549279203404,0.288650907376386,0.20906125344512075,-27.57297895048167,0.07958965393126524,0.7242702104951834,0.07958965393126526,0-NightAdv
40,113.920245,22.531962,3232,high_end,58610.26,0.035668976533931515,0.0027276598958965895,0.12238220702123283,0.11484086950791682,-6.162119230295968,0.00754133751331601,0.9383788076970403,0.00754133751331601,0-NightAdv
41,113.937558,22.529191,4612,commodity_housing,58539.66,0.012777719720312245,0.0007453079226775059,0.043841054384696154,0.03137920897696439,-28.425058618302508,0.012461845407731764,0.7157494138169749,0.012461845407731764,0-NightAdv
42,113.915605,22.528483,1883,commodity_housing,23918.63,0.022969221426770853,0.0016710355987078632,0.07880865348332915,0.07035451209404325,-10.727427783135829,0.008454141389285894,0.8927257221686417,0.008454141389285894,0-NightAdv
43,113.920887,22.535363,2481,high_end,45001.64,0.0380258902383462,0.0028633173591142407,0.1304689066951207,0.12055236640479533,-7.600692411333157,0.009916540290325376,0.9239930758866685,0.009916540290325378,0-NightAdv
44,113.916034,22.537072,1670,high_end,30312.39,0.040227769487881725,0.0026343698658681898,0.13802367468505922,0.11091314076834846,-19.641944745038305,0.027110533916710755,0.8035805525496169,0.02711053391671075,0-NightAdv
45,113.934175,22.530675,6910,commodity_housing,87676.99,0.006378408868249573,0.0006052233382723227,0.02188466926819744,0.025481319910241718,16.434567038538216,-0.0035966506420442787,1.164345670385382,0.003596650642044279,2-Mild
46,113.932532,22.536866,5252,high_end,95237.45,0.008084577147680176,0.00044258419652024863,0.027738625839889453,0.018633831158829717,-32.82352461731039,0.009104794681059736,0.671764753826896,0.009104794681059736,0-NightAdv
47,113.933389,22.528056,1890,high_end,34299.17,0.012335468372830323,0.0009785749501824734,0.04232366585207412,0.04120029712160352,-2.6542330581592286,0.0011233687304706003,0.9734576694184077,0.0011233687304706,1-None
48,113.929428,22.530791,4998,high_end,90624.22,0.008660797362263661,0.0007072051831802453,0.029715668874020003,0.029774994411548152,0.199643958140942,-5.9325537528149425e-05,1.0019964395814094,5.9325537528149425e-05,1-None
49,113.927695,22.535372,7513,commodity_housing,95337.82,0.017725449582373518,0.0011725157490398048,0.06081698582718931,0.049365658942313574,-18.82915887580245,0.011451326884875733,0.8117084112419755,0.011451326884875733,0-NightAdv
50,113.923913,22.523738,1664,commodity_housing,21135.36,0.039197777317116565,0.003059293500752542,0.13448971528050724,0.12880342092314148,-4.228051450258309,0.0056862943573657565,0.9577194854974169,0.0056862943573657565,1-None
51,113.944202,22.509304,3737,high_end,67771.49,0.012845084361595574,0.0007922726568631888,0.044072186148950865,0.03335653427261646,-24.313865076079267,0.010715651876334407,0.7568613492392073,0.01071565187633441,0-NightAdv
52,113.943806,22.502073,2882,high_end,52268.64,0.0402627195434832,0.0020990013122263425,0.1381435902350878,0.08837287088355911,-36.028250942972214,0.049770719351528686,0.6397174905702779,0.049770719351528686,0-NightAdv
53,113.909399,22.518991,9423,commodity_housing,119583.14,0.04120739637391705,0.002622751826719723,0.1413848280463364,0.11042399411198045,-21.898271803399638,0.030960833934355947,0.7810172819660036,0.030960833934355943,0-NightAdv
54,113.936566,22.527584,6463,commodity_housing,82013.26,0.013478408375216504,0.0008795124898096797,0.04624515543705877,0.037029535546115495,-19.927752007420636,0.009215619890943272,0.8007224799257936,0.009215619890943272,0-NightAdv
55,113.925118,22.541016,7077,commodity_housing,89816.17,0.020943011644698036,0.00166240003588746,0.07185661703276854,0.06999093467573049,-2.596396037107125,0.0018656823570380454,0.9740360396289287,0.0018656823570380454,1-None
56,113.936429,22.529584,4859,commodity_housing,61663.91,0.011169505977982393,0.0007381540706537846,0.03832318518088051,0.031078015053201735,-18.90544873418663,0.0072451701276787725,0.8109455126581336,0.0072451701276787725,0-NightAdv
57,113.946034,22.517194,6548,high_end,118727.61,0.007732763805736647,0.0006270951196083958,0.026531535044738482,0.02640217312588649,-0.48757796574475426,0.00012936191885199247,0.9951242203425524,0.00012936191885199247,1-None
58,113.942603,22.513997,1303,high_end,23682.19,0.016576565818582554,0.0012443891373976699,0.056875102872127645,0.05239169691204524,-7.8828973200496035,0.004483405960082405,0.9211710267995039,0.004483405960082405,0-NightAdv
59,113.962906,22.52795,5789,high_end,104964.74,0.006453637324833356,0.0005405007175900121,0.022142782212334376,0.022756346005991662,2.770942638434606,-0.0006135637936572867,1.027709426384346,0.0006135637936572867,1-None
60,113.934102,22.533732,5279,high_end,95699.91,0.007124211674710146,0.0005459343622807512,0.024443559439056343,0.022985115172492323,-5.96657892726414,0.0014584442665640206,0.9403342107273586,0.0014584442665640204,0-NightAdv
61,113.911981,22.531467,2272,commodity_housing,28840.82,0.03437886622669383,0.002499824993615149,0.11795576808064834,0.10524848655665028,-10.772920842081984,0.012707281523998054,0.8922707915791801,0.012707281523998052,0-NightAdv
62,113.920562,22.510689,3036,high_end,55058.76,0.10709745926069211,0.009132950460809674,0.3674572332688517,0.3845186028030658,4.643089859039755,-0.01706136953421411,1.0464308985903976,0.01706136953421411,1-None
63,113.943036,22.522476,6478,commodity_housing,82208.67,0.016271514148520842,0.0009734803167671402,0.055828453927710894,0.04098580112372596,-26.58617919672976,0.014842652803984932,0.7341382080327024,0.014842652803984932,0-NightAdv
64,113.947339,22.521867,5193,commodity_housing,65913.58,0.007506727683562751,0.0005183186081859865,0.025755992761604927,0.02182242725193061,-15.272428230909338,0.003933565509674317,0.8472757176909066,0.003933565509674317,0-NightAdv
65,113.930503,22.523001,3311,high_end,60030.05,0.04482990371351703,0.002800579068136511,0.15381384861969444,0.11791093742819818,-23.341793677022153,0.03590291119149626,0.7665820632297785,0.035902911191496266,0-NightAdv
66,113.914194,22.540901,6470,high_end,117311.03,0.03392247763903636,0.0019823811008895086,0.1163898739046915,0.08346288687409124,-28.290250625723047,0.03292698703060025,0.7170974937427695,0.03292698703060025,0-NightAdv
67,113.929525,22.536047,2590,commodity_housing,32874.84,0.01449843881410464,0.0009344353383253805,0.049744935595348816,0.03934191609212247,-20.912720820165337,0.010403019503226349,0.7908727917983467,0.010403019503226349,0-NightAdv
68,113.933411,22.526352,4549,commodity_housing,57728.6,0.017472504387761847,0.0011075794471624098,0.05994911704652655,0.046631688559331724,-22.214553179922834,0.013317428487194825,0.7778544682007716,0.013317428487194825,0-NightAdv
69,113.937344,22.533373,4032,high_end,73126.58,0.006489858601204791,0.00040774346241315,0.02226705939026925,0.017166954659610534,-22.90425799505197,0.005100104730658715,0.7709574200494803,0.005100104730658715,0-NightAdv
70,113.947894,22.542281,5237,high_end,94961.62,0.041094166317045044,0.002856447338565909,0.14099632953565014,0.12026312245084984,-14.704784977794771,0.020733207084800295,0.8529521502220523,0.020733207084800295,0-NightAdv
71,113.935357,22.53553,2268,high_end,41144.8,0.0061094024951730145,0.0004078387614832626,0.020961693706827787,0.01717096697364261,-18.08406699478886,0.003790726733185177,0.8191593300521114,0.0037907267331851774,0-NightAdv
72,113.919179,22.517452,3851,high_end,69844.22,0.0723836869800696,0.005960901725533177,0.24835238422184666,0.25096792244564514,1.0531560757887022,-0.0026155382237984803,1.010531560757887,0.0026155382237984803,1-None
73,113.934654,22.515918,4664,high_end,84591.72,0.06024250211339851,0.004112234401672568,0.20669531569277036,0.1731346987279787,-16.236757399318996,0.03356061696479165,0.83763242600681,0.03356061696479165,0-NightAdv
74,113.929771,22.523903,4454,commodity_housing,56535.68,0.032612146914165606,0.002148735921818778,0.11189405760660218,0.09046681442059039,-19.149580991464106,0.021427243186011788,0.8085041900853589,0.021427243186011788,0-NightAdv
75,113.923645,22.526237,8014,commodity_housing,101707.21,0.02256143300357124,0.001944006499041826,0.07740950912656852,0.08184722626704939,5.732780365813941,-0.004437717140480871,1.0573278036581395,0.004437717140480871,2-Mild
76,113.94908,22.521307,7640,commodity_housing,96949.29,0.002732279575938933,0.00015851572600961237,0.009374600484663482,0.006673883292051283,-28.80887774396869,0.002700717192612199,0.7119112225603131,0.002700717192612199,0-NightAdv
77,113.935153,22.531212,2791,commodity_housing,35436.27,0.006475532755255255,0.000548475288183799,0.022217906630220677,0.023092094103590068,3.9346077374378994,-0.0008741874733693908,1.039346077374379,0.0008741874733693908,1-None
78,113.933052,22.53122,2215,high_end,40173.05,0.00737070946911039,0.0006931128087982763,0.025289306837383584,0.02918167244721856,15.39134953308067,-0.003892365609834976,1.1539134953308068,0.0038923656098349755,2-Mild
79,113.936071,22.511357,8281,commodity_housing,105072.75,0.05709413927864281,0.0036419970940014855,0.19589311081721156,0.1533366068290405,-21.724349473361862,0.04255650398817107,0.7827565052663814,0.04255650398817107,0-NightAdv
80,113.940731,22.527673,5190,high_end,94112.06,0.01692402584205608,0.001102247818227525,0.05806725719379392,0.046407214495062625,-20.080236715533196,0.011660042698731297,0.799197632844668,0.0116600426987313,0-NightAdv
81,113.935071,22.505613,4597,high_end,83375.86,0.1706298970053114,0.012081374661826894,0.5854404978357248,0.5086541665631892,-13.115992411936277,0.07678633127253565,0.8688400758806372,0.07678633127253563,0-NightAdv
82,113.929827,22.516451,5222,commodity_housing,66267.98,0.06700425104785487,0.004496551334125748,0.2298952456693154,0.18931534161382174,-17.65147597435067,0.040579904055493665,0.8234852402564933,0.04057990405549366,0-NightAdv
83,113.928262,22.536646,5853,commodity_housing,74284.93,0.014702755409002588,0.0009399280330414081,0.0504459569938991,0.039573171402976684,-21.55333398122939,0.010872785590922418,0.7844666601877062,0.010872785590922418,0-NightAdv
84,113.94925,22.545066,4044,high_end,73346.11,0.0640733229872809,0.003171627222603488,0.21983907138205253,0.13353293368674896,-39.258780139820736,0.08630613769530357,0.6074121986017926,0.08630613769530356,0-NightAdv
85,113.929179,22.506992,5938,high_end,107676.56,0.07585050026575765,0.005223276873495123,0.2602472099909412,0.21991218873553964,-15.498733399218981,0.04033502125540156,0.8450126660078102,0.04033502125540157,0-NightAdv
86,113.942742,22.535988,1929,high_end,34991.74,0.012898881183823499,0.0006840104301091347,0.04425676598484044,0.028798440987598574,-34.92872706183933,0.015458324997241868,0.6507127293816066,0.015458324997241868,0-NightAdv
87,113.922723,22.51294,3006,commodity_housing,38159.77,0.10261491520256502,0.008819034312790483,0.3520773797319372,0.37130199781307677,5.460338887938982,-0.019224618081139566,1.0546033888793898,0.019224618081139566,2-Mild
88,113.915843,22.511121,3593,commodity_housing,45601.55,0.08636719999386509,0.007142032686128949,0.296330581266846,0.3006963019703782,1.4732602638810532,-0.004365720703532194,1.0147326026388106,0.004365720703532195,1-None
89,113.954302,22.517191,3168,high_end,57443.54,0.0066256145486400155,0.0004032057908385715,0.022732845462027612,0.016975908059574406,-25.324315040409058,0.005756937402453206,0.7467568495959094,0.005756937402453206,0-NightAdv
90,113.931979,22.528964,5729,high_end,103889.81,0.008818867809610914,0.0008005858720551166,0.030258017213978333,0.03370654010086639,11.397055076348295,-0.0034485228868880585,1.113970550763483,0.0034485228868880585,2-Mild
91,113.926728,22.521339,4432,high_end,80372.15,0.052485157151389655,0.003849089563504131,0.1800794413580367,0.1620556847837384,-10.008780812720964,0.018023756574298277,0.8999121918727904,0.018023756574298277,0-NightAdv
92,113.946542,22.521932,6167,high_end,111845.47,0.011809447088617153,0.0007228704988397896,0.040518858090323205,0.03043454088732559,-24.887960022264227,0.010084317202997614,0.7511203997773577,0.010084317202997614,0-NightAdv
93,113.93518,22.544173,7727,commodity_housing,98049.57,0.016295111291246132,0.0006389529688739781,0.05590941701347168,0.02690141634979497,-51.88392620278454,0.029008000663676706,0.48116073797215464,0.029008000663676706,0-NightAdv
95,113.933449,22.526941,3685,high_end,66823.18,0.014584927064762913,0.0010628744595483509,0.05004168150805803,0.044749503886432236,-10.575539154841577,0.005292177621625795,0.8942446084515843,0.005292177621625795,0-NightAdv
96,113.929537,22.547233,5048,commodity_housing,64076.27,0.0186973458301264,0.000832530139438603,0.06415161494620827,0.035051468567803105,-45.361518026952105,0.02910014637840517,0.5463848197304789,0.02910014637840517,0-NightAdv
97,113.933931,22.529824,3356,high_end,60873.42,0.005636528855434182,0.0005332744086483229,0.019339238416630454,0.02245210147629613,16.096099508183432,-0.0031128630596656756,1.1609609950818343,0.003112863059665676,2-Mild
98,113.934589,22.527362,2377,high_end,43107.48,0.01615576111253171,0.0010276481033861104,0.055431298937847866,0.04326639179560556,-21.945917514727846,0.012164907142242304,0.7805408248527216,0.012164907142242306,0-NightAdv
99,113.946851,22.517873,9162,commodity_housing,116264.93,0.00605748861651308,0.00040904818561418707,0.02078357435318187,0.017221886561897787,-17.13703201749223,0.003561687791284081,0.8286296798250777,0.0035616877912840804,0-NightAdv
100,113.921203,22.512695,1778,high_end,32277.69,0.0995826615206287,0.008715865059102039,0.34167355170254005,0.36695833062132477,7.400273972858623,-0.025284778918784723,1.0740027397285863,0.02528477891878472,2-Mild
101,113.949807,22.518685,1290,high_end,23422.81,0.005063604327225376,0.00026520177621580264,0.01737350306248897,0.011165615853165512,-35.73192572042003,0.006207887209323458,0.6426807427957997,0.006207887209323458,0-NightAdv
103,113.942448,22.529059,2673,commodity_housing,33935.61,0.01260919885522012,0.000743042950462248,0.04326285009056727,0.03128384834237692,-27.68888717020094,0.011979001748190346,0.7231111282979906,0.011979001748190346,0-NightAdv
104,113.938602,22.53472,6146,high_end,111429.88,0.008247657073133132,0.0004176026671048035,0.02829816197288741,0.01758205026634264,-37.868578591118116,0.010716111706544768,0.6213142140888189,0.01071611170654477,0-NightAdv
105,113.923467,22.535811,5470,commodity_housing,69427.39,0.030853130487229083,0.0023186836493512613,0.10585877615381621,0.09762201174929168,-7.780898952162689,0.008236764404524533,0.9221910104783732,0.00823676440452453,0-NightAdv
106,113.933694,22.527844,7392,commodity_housing,93803.36,0.012372940042906837,0.0008753091675173932,0.04245223319911793,0.03685256583387447,-13.190513062007314,0.005599667365243456,0.8680948693799269,0.005599667365243456,0-NightAdv
107,113.928794,22.53318,5327,commodity_housing,67605.04,0.009366045166343434,0.0006697769936060438,0.032135412616262085,0.028199179977617197,-12.248894033658566,0.003936232638644888,0.8775110596634144,0.003936232638644888,0-NightAdv
108,113.935191,22.528852,8207,commodity_housing,104152.97,0.012028843617782383,0.0008332464243571818,0.04127161956713477,0.035081625840338714,-14.998184688941176,0.006189993726796059,0.8500181531105883,0.006189993726796058,0-NightAdv
109,113.925483,22.529554,5002,commodity_housing,63482.73,0.01818913925081426,0.0015273737782483022,0.06240793041015873,0.0643060130119232,3.041412508458217,-0.001898082601764467,1.0304141250845822,0.001898082601764467,1-None
110,113.932405,22.520835,4420,commodity_housing,56097.39,0.04892040683480655,0.0031762279450868974,0.1678485882858139,0.13372663487770542,-20.329008278583398,0.034121953408108474,0.796709917214166,0.034121953408108474,0-NightAdv
111,113.927336,22.526982,4002,urban_village,28241.9,0.01807065256637535,0.0014699492295317692,0.062001396123130104,0.0618883050287442,-0.18240088362093354,0.00011309109438590453,0.9981759911637906,0.00011309109438590453,1-None
112,113.917603,22.528936,810,commodity_housing,10296.6,0.030647104866943668,0.002408506802926309,0.10515189099580048,0.10140377687111635,-3.564476196470709,0.003748114124684135,0.9643552380352929,0.003748114124684135,1-None
113,113.918644,22.529622,6404,urban_village,45165.96,0.037800501234352094,0.0029565719645475224,0.12969558470981293,0.12447860368594857,-4.022481594525431,0.005216981023864364,0.9597751840547457,0.005216981023864364,1-None
114,113.903961,22.528008,2124,commodity_housing,26964.26,0.017871110640962196,0.0008384389010759545,0.06131675687641393,0.03530024127042974,-42.42969936981728,0.02601651560598419,0.5757030063018272,0.02601651560598419,0-NightAdv
115,113.908472,22.528166,3218,urban_village,22707.82,0.01274951226555217,0.0008848032521829998,0.0437442730664908,0.03725228903243756,-14.840763325031133,0.006491984034053239,0.8515923667496886,0.006491984034053239,0-NightAdv
116,113.924562,22.523573,2532,urban_village,17856.39,0.04787118893393589,0.0036701439611149175,0.16424866435100222,0.15452165585149857,-5.92212334750976,0.009727008499503642,0.9407787665249024,0.009727008499503642,0-NightAdv
117,113.925715,22.5299,4662,commodity_housing,59172.34,0.013496630137905358,0.0011847307493798097,0.046307675300267,0.04987993906286524,7.714193682656413,-0.0035722637625982406,1.0771419368265642,0.003572263762598241,2-Mild
118,113.917992,22.529927,2414,urban_village,17030.09,0.035795685339521266,0.002801385293512615,0.12281695185508995,0.11794488140462663,-3.966936466727993,0.0048720704504633255,0.9603306353327201,0.0048720704504633255,1-None
119,113.927383,22.529275,2388,urban_village,16852.63,0.008147705107140493,0.0006864615395779129,0.027955221317366948,0.028901638436472987,3.385475322701471,-0.000946417119106039,1.0338547532270148,0.000946417119106039,1-None
120,113.915219,22.527597,1578,commodity_housing,20046.93,0.03397883088165795,0.0024818871566193116,0.11658322495860449,0.10449326161061055,-10.37024267623987,0.012089963347993934,0.8962975732376013,0.012089963347993934,0-NightAdv
121,113.918471,22.533855,4602,commodity_housing,58393.34,0.030306917206956396,0.0024339020944989078,0.10398468855053195,0.10247297811940675,-1.453781755946277,0.0015117104311251905,0.9854621824405372,0.0015117104311251905,1-None
122,113.917272,22.541312,4713,commodity_housing,59809.46,0.03744866077763871,0.002285410237240794,0.12848840088240537,0.09622112317663285,-25.112988786671913,0.03226727770577252,0.7488701121332808,0.032267277705772514,0-NightAdv
123,113.91799,22.529233,2233,commodity_housing,28340.83,0.03551315505494159,0.0027517450218988936,0.12184757501456567,0.11585490971742878,-4.91816541808118,0.005992665297136893,0.9508183458191882,0.005992665297136892,1-None
124,113.918467,22.529376,1365,urban_village,9648.72,0.03666042088422634,0.0028483612004836087,0.1257839067479516,0.11992267710070577,-4.659761171984168,0.005861229647245822,0.9534023882801583,0.005861229647245821,1-None
125,113.922229,22.532361,3439,urban_village,24265.17,0.021899739104224845,0.0018645660706141007,0.0751392012107397,0.07850259818916998,4.476221365458885,-0.003363396978430272,1.0447622136545889,0.003363396978430272,1-None
126,113.90782,22.514299,1506,urban_village,10638.14,0.12548925684374934,0.006578721402281995,0.4305604954878035,0.27697957770503834,-35.66999745500703,0.15358091778276517,0.6433000254499297,0.15358091778276517,0-NightAdv
127,113.925228,22.547999,2127,urban_village,15002.91,0.0641640092053743,0.00437169959391858,0.2201502207503592,0.18405879096154376,-16.39400118055823,0.03609142978881544,0.8360599881944177,0.03609142978881544,0-NightAdv
128,113.92431,22.530253,4650,commodity_housing,59021.68,0.028672320247441846,0.002358079130440578,0.09837629708728696,0.0992806537631974,0.9192831024205286,-0.0009043566759104477,1.0091928310242053,0.0009043566759104477,1-None
129,113.901382,22.525735,3222,commodity_housing,40896.34,0.013005117556687072,0.002006498409853279,0.044621268783641144,0.08447828206165003,89.32290444556139,-0.03985701327800889,1.893229044455614,0.03985701327800889,4-Severe
130,113.917432,22.52862,4462,urban_village,31465.39,0.02977295404891519,0.0023919929685360213,0.10215263178582647,0.10070850576963358,-1.4136943815805387,0.0014441260161928843,0.9858630561841946,0.0014441260161928843,1-None
131,113.932845,22.52908,2200,commodity_housing,27947.84,0.008391445943885767,0.0007352090007700337,0.028791509443372252,0.03095402071405398,7.510933995784424,-0.0021625112706817294,1.0751093399578442,0.0021625112706817294,2-Mild
132,113.921497,22.530023,4499,commodity_housing,57103.79,0.0349007164280904,0.0028194602847620965,0.11974626462939661,0.11870588086594552,-0.8688235634497457,0.001040383763451086,0.9913117643655025,0.001040383763451086,1-None
133,113.91247,22.547632,5890,urban_village,41534.28,0.04576900300877681,0.0012061770278467962,0.15703594960306988,0.0507828776112388,-67.6616228706869,0.10625307199183108,0.323383771293131,0.10625307199183108,0-NightAdv
134,113.934308,22.526303,3101,urban_village,21877.62,0.017697741687334727,0.0010794710656212817,0.060721918525677744,0.04544825986959679,-25.15345204322244,0.015273658656080956,0.7484654795677755,0.015273658656080956,0-NightAdv
135,113.915294,22.517919,4189,commodity_housing,53168.4,0.07493907414090628,0.006709303055621929,0.2571200571669735,0.28247737111905563,9.862052082391656,-0.025357313952082128,1.0986205208239166,0.02535731395208213,2-Mild
136,113.915974,22.527943,4820,urban_village,33995.7,0.03585699928857976,0.0026977592962953113,0.1230273233637826,0.11358198424066464,-7.677432024745263,0.009445339123117957,0.9232256797525473,0.009445339123117956,0-NightAdv
137,113.914271,22.521299,1965,commodity_housing,24948.12,0.041093469856403955,0.003009641446753012,0.14099393994114415,0.126712953169908,-10.12879473911967,0.014280986771236154,0.8987120526088033,0.014280986771236156,0-NightAdv
138,113.903399,22.533302,4624,commodity_housing,58684.39,0.00897261287559066,0.0006648449786380769,0.030785524934176786,0.02799153059720894,-9.075675477165806,0.002793994336967847,0.909243245228342,0.002793994336967847,0-NightAdv
139,113.937095,22.524145,3120,urban_village,22017.39,0.02761942856407721,0.0014326365574624514,0.09476376820404617,0.060317354152298615,-36.34977239146636,0.03444641405174755,0.6365022760853364,0.03444641405174755,0-NightAdv
140,113.9178,22.529921,2818,commodity_housing,35780.59,0.035795685339521266,0.002801385293512615,0.12281695185508995,0.11794488140462663,-3.966936466727993,0.0048720704504633255,0.9603306353327201,0.0048720704504633255,1-None
141,113.913559,22.535522,1449,commodity_housing,18407.81,0.03843753966975083,0.0027565274947022093,0.1318812983819528,0.1160562630224933,-11.999453716043387,0.015825035359459505,0.8800054628395662,0.015825035359459505,0-NightAdv
142,113.917812,22.529331,841,commodity_housing,10702.51,0.031202055186048384,0.0024469289922341955,0.10705595585660647,0.10302144102167757,-3.768603813442047,0.004034514834928907,0.9623139618655795,0.004034514834928906,1-None
143,113.920385,22.522923,3663,urban_village,25847.83,0.03644918176385963,0.0029459898544178767,0.12505913378635264,0.124033072067309,-0.8204612393977817,0.0010260617190436389,0.9917953876060221,0.0010260617190436389,1-None
144,113.917793,22.528216,3293,commodity_housing,41815.3,0.03203704353946332,0.002547988525609197,0.10992084651111503,0.10727628404749207,-2.4058789097439752,0.0026445624636229625,0.9759412109025603,0.0026445624636229625,1-None
145,113.901912,22.53305,719,urban_village,5093.23,0.02259282711277907,0.005835208317056387,0.07751722403026544,0.24567593558811812,216.93077075644197,-0.16815871155785267,3.16930770756442,0.16815871155785267,4-Severe
146,113.915427,22.526443,1693,urban_village,11955.95,0.03765231066510472,0.002727676576732286,0.12918713477133564,0.1148415718101644,-11.104482645708677,0.014345562961171246,0.8889551735429132,0.014345562961171246,0-NightAdv
147,113.901921,22.539386,2775,urban_village,19580.13,0.011693611503255569,0.0009892500406071382,0.04012141986905377,0.041649743428413405,3.8092459448037905,-0.001528323559359633,1.0380924594480379,0.001528323559359633,1-None
148,113.907436,22.53814,1546,urban_village,10915.35,0.023549750998919556,0.0013229964924130607,0.08080048215867856,0.05570125064829566,-31.063219970757388,0.025099231510382902,0.6893678002924261,0.0250992315103829,0-NightAdv
149,113.919522,22.547004,2421,commodity_housing,30732.6,0.05341989709081987,0.003410115238685854,0.18328658515341698,0.143573837677499,-21.667023499115917,0.039712747475917964,0.7833297650088408,0.039712747475917964,0-NightAdv
150,113.914999,22.528016,1906,urban_village,13461.5,0.032482573065454615,0.0023739461923215255,0.11144948265328382,0.09994869422736422,-10.31928381551867,0.011500788425919603,0.8968071618448133,0.011500788425919603,0-NightAdv
151,113.91842,22.535146,1226,commodity_housing,15579.34,0.036045364428495104,0.0026940487206682435,0.1236736144488877,0.11342576031698984,-8.286208968310811,0.010247854131897868,0.9171379103168918,0.010247854131897868,0-NightAdv
152,113.917874,22.537903,3110,commodity_housing,39487.98,0.038992269789061465,0.0026742718531588094,0.13378460772523618,0.11259310787951293,-15.84001344104239,0.021191499845723244,0.8415998655895761,0.021191499845723244,0-NightAdv
153,113.922413,22.517902,1023,urban_village,7236.82,0.08684826255608634,0.00684707980303225,0.2979811331974269,0.28827809484358474,-3.2562592972667983,0.009703038353842175,0.967437407027332,0.009703038353842177,1-None
154,113.925161,22.536906,1918,urban_village,13530.47,0.0222252102748177,0.0016162887709321055,0.07625591057696011,0.06804954243340983,-10.761615829461686,0.008206368143550288,0.8923838417053831,0.008206368143550288,0-NightAdv
155,113.925067,22.530775,2348,urban_village,16557.69,0.025709111651423297,0.0021417167629940157,0.08820936651948501,0.09017129139594111,2.224168423228305,-0.001961924876456106,1.022241684232283,0.0019619248764561063,1-None
156,113.916753,22.525738,2873,urban_village,20274.19,0.035364786287341285,0.0025411111100684418,0.12133851366780478,0.10698672874704726,-11.827889172970423,0.014351784920757518,0.8817211082702958,0.014351784920757518,0-NightAdv
157,113.917515,22.544548,2098,urban_village,14806.47,0.03423343026217086,0.0018512897792145526,0.11745676934145964,0.07794363522958024,-33.64057630174589,0.0395131341118794,0.6635942369825412,0.0395131341118794,0-NightAdv
158,113.923701,22.51061,3562,urban_village,25122.62,0.10932985147578325,0.008504581433672217,0.37511669291048105,0.3580627951868493,-4.546291339719596,0.01705389772363175,0.954537086602804,0.01705389772363175,1-None
159,113.902028,22.540577,3820,urban_village,26952.54,0.0017171042563864445,0.00037374411190160643,0.0058914785060406516,0.01573550238019552,167.0891927053895,-0.009844023874154867,2.670891927053895,0.009844023874154867,4-Severe
160,113.923023,22.525156,1750,urban_village,12347.63,0.03507281430452578,0.002801274389832702,0.12033674184485002,0.11794021209997763,-1.991519554320522,0.0023965297448723943,0.9800848044567948,0.002396529744872394,1-None
161,113.908441,22.522109,1605,urban_village,11337.36,0.03258670591964831,0.0013716457424799195,0.11180676816461665,0.057749498007503064,-48.34883526686269,0.05405727015711359,0.516511647331373,0.05405727015711359,0-NightAdv
162,113.909864,22.5319,4102,commodity_housing,52052.7,0.028055540986609978,0.0019734315637020697,0.096260093749809,0.08308609039963155,-13.685840972083602,0.013174003350177446,0.8631415902791639,0.013174003350177446,0-NightAdv
163,113.924869,22.53933,3490,urban_village,24627.31,0.023178419846927836,0.0016900238015439331,0.07952642469102869,0.07115395990180237,-10.52790292252483,0.00837246478922632,0.8947209707747517,0.008372464789226318,0-NightAdv
164,113.900105,22.538303,5128,urban_village,36161.71,0.025515274990828927,0.003275251555128147,0.08754430234803064,0.13789576076325208,57.51540313274782,-0.05035145841522144,1.5751540313274783,0.050351458415221435,4-Severe
165,113.926591,22.53636,3921,commodity_housing,49757.35,0.021808479052276522,0.0016761449418757938,0.07482608298712923,0.07056962740695386,-5.6884650515616615,0.004256455580175372,0.9431153494843834,0.004256455580175372,0-NightAdv
166,113.916734,22.524137,1128,commodity_housing,14338.08,0.03783375934775816,0.002681850466605399,0.12980969511374127,0.11291218525392462,-13.017140087272214,0.016897509859816653,0.8698285991272778,0.016897509859816653,0-NightAdv
167,113.902596,22.527544,4577,commodity_housing,58072.2,0.010923810311989548,0.0006783320863527106,0.03748018992893792,0.028559369417373266,-23.801428243769422,0.008920820511564651,0.7619857175623058,0.008920820511564653,0-NightAdv
168,113.931414,22.533753,3953,urban_village,27875.58,0.007803007893022775,0.0005710687683805063,0.026772546345527858,0.02404333253140986,-10.194076345576631,0.0027292138141179964,0.8980592365442337,0.002729213814117996,0-NightAdv
169,113.911068,22.524193,1986,urban_village,14024.25,0.01625606167243682,0.001154920617852695,0.055775435638125086,0.04862486271340199,-12.820290586552318,0.007150572924723098,0.8717970941344768,0.007150572924723098,0-NightAdv
170,113.916959,22.528174,2366,commodity_housing,30045.13,0.02501108997367598,0.0018579208317834215,0.08581441601144012,0.07822281807195264,-8.846529863322063,0.007591597939487479,0.9115347013667794,0.00759159793948748,0-NightAdv
171,113.918437,22.53206,1579,commodity_housing,20061.25,0.033394844634028545,0.002591537044360897,0.11457953624084868,0.10910977867295862,-4.773764798971179,0.00546975756789006,0.9522623520102882,0.005469757567890059,1-None
172,113.915983,22.542979,2444,commodity_housing,31021.28,0.034984622498496924,0.0019002179589214482,0.1200341509406021,0.08000362617985687,-33.34927972336306,0.04003052476074523,0.6665072027663694,0.04003052476074523,0-NightAdv
173,113.919585,22.531654,1715,commodity_housing,21774.56,0.03789353177227413,0.0028908253334163714,0.13001477756751775,0.12171051654367829,-6.387167043013241,0.008304261023839465,0.9361283295698676,0.008304261023839467,0-NightAdv
174,113.912932,22.535608,3146,urban_village,22197.68,0.03629329086629547,0.0025948168277116026,0.12452426360076504,0.10924786523292866,-12.267808639136998,0.015276398367836383,0.87732191360863,0.015276398367836383,0-NightAdv
175,113.928443,22.520203,3373,commodity_housing,42813.32,0.05871863801824379,0.00394868452861458,0.20146685473628514,0.16624886605575145,-17.480785475423797,0.03521798868053369,0.825192145245762,0.0352179886805337,0-NightAdv
176,113.916759,22.519841,2934,commodity_housing,37239.43,0.07015947629863524,0.006605992198702696,0.2407209958691365,0.2781277420996676,15.539461398234907,-0.03740674623053111,1.155394613982349,0.03740674623053111,2-Mild
177,113.915927,22.529525,1534,urban_village,10821.41,0.033267193396940516,0.002434369647316812,0.11414155787303759,0.10249266318799972,-10.205655943469086,0.011648894685037867,0.8979434405653092,0.011648894685037867,0-NightAdv
178,113.924264,22.520402,3725,commodity_housing,47274.06,0.05108269118668525,0.0037529090216274776,0.17526750401889238,0.15800625872608587,-9.848514354917665,0.01726124529280651,0.9015148564508234,0.01726124529280651,0-NightAdv
179,113.921696,22.53337,1685,urban_village,11907.58,0.01765243357057482,0.0013805879248406363,0.06056646390197195,0.058125984826533535,-4.029423080383856,0.002440479075438415,0.9597057691961615,0.0024404790754384144,1-None
180,113.896176,22.530416,2044,urban_village,14420.16,0.042171646207596274,0.004179283920884201,0.14469322190095854,0.17595764050966323,21.607382984466923,-0.031264418608704686,1.2160738298446692,0.031264418608704686,3-Moderate
181,113.931754,22.516751,1951,commodity_housing,24771.45,0.06957173092640906,0.004566723624876876,0.23870440938953483,0.1922697593905193,-19.452782677022178,0.04643464999901553,0.8054721732297783,0.04643464999901553,0-NightAdv
182,113.899603,22.52091,2594,commodity_housing,32926.43,0.0763019845000669,0.0026327041108943497,0.2617962770626441,0.11084300858292802,-57.66058638167537,0.15095326847971607,0.42339413618324634,0.15095326847971607,0-NightAdv
183,113.932643,22.519115,3359,commodity_housing,42647.96,0.052738953844166284,0.00349774804067443,0.18095023167541927,0.14726338386796173,-18.61663701425017,0.03368684780745754,0.8138336298574983,0.03368684780745754,0-NightAdv
184,113.918192,22.531749,2402,commodity_housing,30489.89,0.033394844634028545,0.002591537044360897,0.11457953624084868,0.10910977867295862,-4.773764798971179,0.00546975756789006,0.9522623520102882,0.005469757567890059,1-None
185,113.918004,22.529994,2318,urban_village,16358.05,0.035795685339521266,0.002801385293512615,0.12281695185508995,0.11794488140462663,-3.966936466727993,0.0048720704504633255,0.9603306353327201,0.0048720704504633255,1-None
186,113.932294,22.53543,1074,urban_village,7584.81,0.007750353417932739,0.0005034414775204122,0.026591885965072785,0.02119606521024511,-20.291230046318777,0.005395820754827675,0.7970876995368122,0.005395820754827675,0-NightAdv
187,113.917513,22.528719,3152,commodity_housing,39991.41,0.02977295404891519,0.0023919929685360213,0.10215263178582647,0.10070850576963358,-1.4136943815805387,0.0014441260161928843,0.9858630561841946,0.0014441260161928843,1-None
188,113.915429,22.531288,3311,commodity_housing,42011.94,0.03857229928368525,0.0029099902162779342,0.13234366597904199,0.12251740299427656,-7.424807913603902,0.009826262984765424,0.925751920863961,0.009826262984765424,0-NightAdv
189,113.923328,22.528768,3745,commodity_housing,47535.07,0.03094025486070317,0.00261060932634417,0.10615770463865674,0.10991276640971943,3.5372484586439565,-0.00375506177106269,1.0353724845864396,0.00375506177106269,1-None
190,113.923291,22.530404,515,urban_village,3650.18,0.030778427257695612,0.002606357556936995,0.10560246529238113,0.1097337569604836,3.912116688435427,-0.004131291668102471,1.0391211668843543,0.004131291668102472,1-None
191,113.912148,22.530024,3535,urban_village,24932.72,0.02587001200119189,0.0019769117856772733,0.08876142440924353,0.083232615895099,-6.228841583989682,0.005528808514144529,0.9377115841601031,0.005528808514144529,0-NightAdv
192,113.920819,22.529204,3329,commodity_housing,42251.99,0.02864682387922954,0.00233578460804614,0.09828881765512888,0.09834200215898067,0.05411043201109882,-5.318450385179141e-05,1.000541104320111,5.318450385179141e-05,1-None
193,113.918457,22.529289,3331,commodity_housing,42286.4,0.035351338039161115,0.002700742403919809,0.12129237199364452,0.11370758005777819,-6.253313222585641,0.007584791935866336,0.9374668677741436,0.007584791935866336,0-NightAdv
194,113.899513,22.535927,3143,urban_village,22170.69,0.003006291833539302,0.001009631089539891,0.010314751509296975,0.042507833318740945,312.1071969637605,-0.03219308180944397,4.1210719696376055,0.03219308180944397,4-Severe
195,113.91941,22.530686,2077,commodity_housing,26369.07,0.03944102424847531,0.003114814964794363,0.13532430879015017,0.1311410045846923,-3.091317622722904,0.004183304205457872,0.969086823772771,0.004183304205457873,1-None
196,113.919647,22.522369,2882,commodity_housing,36580.03,0.03644918176385963,0.0029459898544178767,0.12505913378635264,0.124033072067309,-0.8204612393977817,0.0010260617190436389,0.9917953876060221,0.0010260617190436389,1-None
197,113.927831,22.535617,1590,urban_village,11223.57,0.018632387209357663,0.0012715693691324331,0.06392873836977579,0.05353604832130364,-16.25667941131403,0.010392690048472153,0.8374332058868598,0.010392690048472153,0-NightAdv
198,113.928188,22.527372,1272,urban_village,8976.65,0.013329586163154945,0.0010514387166329362,0.045734538297580445,0.04426803232839419,-3.206561219978111,0.001466505969186252,0.9679343878002189,0.001466505969186252,1-None
199,113.92805,22.524499,1083,commodity_housing,13762.01,0.03781858543508346,0.0028704888836852457,0.12975763259043027,0.12085430438418586,-6.861506354964926,0.008903328206244412,0.9313849364503507,0.008903328206244412,0-NightAdv
200,113.905481,22.535011,1615,commodity_housing,20516.02,0.037356546184601644,0.0037387350137577076,0.12817235068163735,0.15740949980074287,22.810808230962863,-0.02923714911910552,1.2281080823096286,0.029237149119105518,3-Moderate
201,113.920767,22.4872,2328,high_end,42237.76,0.08828157760221544,0.007033976217235582,0.3028989154201703,0.2961468715731584,-2.229140978483103,0.00675204384701189,0.977708590215169,0.00675204384701189,1-None
202,113.904135,22.481268,1382,commodity_housing,17556.06,0.011466971341664349,0.0017186972637762829,0.03934380509368177,0.07236117981199688,83.9201359393105,-0.03301737471831511,1.839201359393105,0.03301737471831511,4-Severe
203,113.900243,22.488274,3592,commodity_housing,45585.24,0.004579752535036063,0.00044719094574715163,0.01571338113151692,0.018827786089801256,19.820081573899177,-0.003114404958284335,1.1982008157389918,0.0031144049582843354,2-Mild
204,113.915129,22.476634,3333,commodity_housing,42309.02,0.03960726651446801,0.003825314073925715,0.1358946950862931,0.16105468099280787,18.514325294698363,-0.025159985906514776,1.1851432529469836,0.025159985906514776,2-Mild
205,113.906476,22.487872,3381,high_end,61314.99,0.011070850162120137,0.0011209308700363867,0.03798469168726379,0.04719381472994487,24.2443011476881,-0.00920912304268108,1.242443011476881,0.00920912304268108,3-Moderate
206,113.90692,22.474455,3794,high_end,68797.48,0.016741530732921634,0.0021140838731762363,0.05744110650496751,0.08900788202131044,54.95502687367805,-0.031566775516342925,1.5495502687367806,0.031566775516342925,4-Severe
207,113.904924,22.471066,5475,urban_village,38608.15,0.01354719776878222,0.0005759487887621118,0.04648117560422605,0.024248792817966484,-47.83093907856799,0.022232382786259566,0.5216906092143202,0.022232382786259566,0-NightAdv
208,113.895989,22.494499,651,urban_village,4614.73,0.033269609178356765,0.0029513785911338833,0.11414984655104662,0.12425995050290371,8.856870383383262,-0.010110103951857088,1.0885687038338325,0.010110103951857088,2-Mild
209,113.912976,22.478941,4201,urban_village,29633.6,0.03960726651446801,0.003825314073925715,0.1358946950862931,0.16105468099280787,18.514325294698363,-0.025159985906514776,1.1851432529469836,0.025159985906514776,2-Mild
210,113.897035,22.502307,5599,urban_village,39488.84,0.02905855731961421,0.0014941140874919294,0.09970149758136075,0.06290570214040571,-36.90596062604584,0.03679579544095504,0.6309403937395416,0.03679579544095504,0-NightAdv
211,113.894739,22.486813,1984,high_end,35999.54,0.0013965081871948923,0.0005040322580645161,0.004791495879046296,0.021220938454697368,342.8875447331326,-0.01642944257565107,4.428875447331326,0.01642944257565107,4-Severe
212,113.918666,22.481446,3524,commodity_housing,44731.65,0.08367463403142887,0.007137010843557415,0.287092240359595,0.3004848706374931,4.6649224169637,-0.013392630277898054,1.046649224169637,0.013392630277898054,1-None
213,113.902506,22.464289,1698,commodity_housing,21570.59,0.005785661258283904,0.00022861874386547392,0.01985091983764814,0.009625384517628335,-51.5116448187284,0.010225535320019805,0.4848835518127161,0.010225535320019805,0-NightAdv
214,113.89658,22.487154,5491,commodity_housing,69690.96,0.006385063357491224,0.00044719094574715163,0.02190750118430856,0.018827786089801256,-14.057810923288585,0.003079715094507305,0.8594218907671142,0.003079715094507305,0-NightAdv
215,113.882483,22.497282,2468,high_end,44752.28,0.033018187323525655,0.0019579750048792726,0.11328720443238834,0.08243533307556758,-27.233323932213064,0.030851871356820756,0.7276667606778693,0.030851871356820753,0-NightAdv
216,113.904509,22.491244,5877,commodity_housing,74583.61,0.00027879939906311083,0.0,0.0009565759685052601,0.0,-100.0,0.0009565759685052601,0.0,0.0009565759685052601,0-NightAdv
217,113.902686,22.494409,2798,urban_village,19736.07,0.0011999610418554248,6.479621590099139e-05,0.004117131886362489,0.002728072435308727,-33.738522092402654,0.0013890594510537623,0.6626147790759735,0.0013890594510537625,0-NightAdv
218,113.903162,22.488066,2720,high_end,49339.5,0.0016020106617067027,0.00017719343130362565,0.005496586095334257,0.007460258426137438,35.72530834129991,-0.0019636723308031805,1.3572530834129992,0.0019636723308031805,3-Moderate
219,113.909068,22.491059,3801,urban_village,26802.05,0.04188036529856255,0.00338649550842969,0.1436938211899012,0.14257939171880712,-0.7755583795223079,0.0011144294710940805,0.9922444162047769,0.0011144294710940803,1-None
220,113.907594,22.487536,1554,urban_village,10969.87,0.013235745869351006,0.0012604281219405242,0.04541256712320929,0.05306697572290299,16.8552651492404,-0.007654408599693699,1.168552651492404,0.007654408599693698,2-Mild
221,113.90685,22.490484,5397,urban_village,38056.78,0.01499210325200428,0.0012060455382570954,0.05143872524980053,0.0507773415915777,-1.2857699233621591,0.0006613836582228319,0.9871423007663784,0.0006613836582228319,1-None
222,113.907554,22.474747,2320,high_end,42081.04,0.016741530732921634,0.0021140838731762363,0.05744110650496751,0.08900788202131044,54.95502687367805,-0.031566775516342925,1.5495502687367806,0.031566775516342925,4-Severe
223,113.913829,22.474467,2656,high_end,48180.23,0.03960726651446801,0.003825314073925715,0.1358946950862931,0.16105468099280787,18.514325294698363,-0.025159985906514776,1.1851432529469836,0.025159985906514776,2-Mild
224,113.902743,22.488329,1466,urban_village,10344.43,0.002093765159420813,0.00017719343130362565,0.0071838226406727565,0.007460258426137438,3.848031880681195,-0.00027643578546468137,1.038480318806812,0.0002764357854646813,1-None
225,113.910138,22.50907,2291,high_end,41586.75,0.04932285998720609,0.004207073999993905,0.16922942703700303,0.17712766792160461,4.667179356977075,-0.007898240884601587,1.0466717935697707,0.007898240884601587,1-None
226,113.911132,22.492791,3532,commodity_housing,44846.88,0.03661444964862389,0.0024451535662453304,0.12562617692727202,0.10294669142968667,-18.053152656802602,0.022679485497585347,0.8194684734319739,0.022679485497585347,0-NightAdv
227,113.88983,22.501236,2971,urban_village,20962.22,0.06303474739242299,0.005530527843942778,0.216275661780541,0.23284817414062683,7.662680221920798,-0.016572512360085834,1.076626802219208,0.016572512360085834,2-Mild
228,113.911484,22.509138,3238,high_end,58712.94,0.037905009362233025,0.0031596364361627183,0.13005415780566723,0.1330280934964403,2.286690207334124,-0.0029739356907730607,1.0228669020733412,0.002973935690773061,1-None
229,113.909753,22.48415,1955,high_end,35458.52,0.04315556963804067,0.0039912096907400605,0.14806911694081587,0.1680392749706613,13.487051481388665,-0.01997015802984542,1.1348705148138867,0.019970158029845423,2-Mild
230,113.911273,22.464925,1731,urban_village,12215.04,0.009923352741857567,0.0008462242285718685,0.03404756535258155,0.0356280217904204,4.641907347771685,-0.0015804564378388494,1.0464190734777168,0.0015804564378388494,1-None
231,113.917025,22.500611,2711,high_end,49182.9,0.09011361359175546,0.005158582071745841,0.3091847309811788,0.2171883860735191,-29.75449163214333,0.09199634490765973,0.7024550836785667,0.09199634490765972,0-NightAdv
232,113.920058,22.49675,5305,commodity_housing,67334.45,0.11649477019679534,0.007248756934012795,0.39969992044915353,0.30518964274317667,-23.64530811008747,0.09451027770597686,0.7635469188991253,0.09451027770597686,0-NightAdv
233,113.883795,22.491701,2635,commodity_housing,33464.56,0.00956862264272404,0.0006928821446993006,0.03283046700417439,0.02917196094846079,-11.143630869607868,0.0036585060557136027,0.8885636913039213,0.0036585060557136027,0-NightAdv
234,113.901972,22.477695,2288,high_end,41524.57,0.01700599225419266,0.0014816975854301268,0.05834848843151514,0.06238293832547065,6.9144034445568,-0.004034449893955509,1.069144034445568,0.004034449893955509,2-Mild
235,113.911294,22.468208,2987,urban_village,21068.29,0.016741530732921634,0.0021140838731762363,0.05744110650496751,0.08900788202131044,54.95502687367805,-0.031566775516342925,1.5495502687367806,0.031566775516342925,4-Severe
236,113.90699,22.508711,5047,urban_village,35590.26,0.02911608654651989,0.0022436717741875513,0.09989888350159441,0.09446383613503014,-5.440548658862171,0.005435047366564277,0.9455945134113783,0.005435047366564277,0-NightAdv
237,113.898571,22.5034,3594,high_end,65191.31,0.02342581813470096,0.0010085599507083172,0.08037526173131064,0.04246273586543796,-47.16939646506139,0.03791252586587268,0.5283060353493861,0.03791252586587268,0-NightAdv
238,113.897307,22.475691,3103,urban_village,21893.16,0.019227294880597275,0.0014165426923407674,0.06596989908855633,0.05963976474054763,-9.595488905495046,0.006330134348008699,0.9040451109450496,0.006330134348008699,0-NightAdv
239,113.906739,22.487598,4691,commodity_housing,59538.18,0.020198900324857688,0.0021027483175099252,0.06930353044490656,0.08853062858108758,27.74331698940759,-0.019227098136181023,1.277433169894076,0.019227098136181023,3-Moderate
240,113.927916,22.490717,4334,urban_village,30569.03,0.2914555751371855,0.023751647889678786,1.0,1.0,0.0,0.0,1.0,0.0,1-None
241,113.909985,22.490741,2036,commodity_housing,25844.6,0.04724674271238666,0.003989160624732301,0.16210615525247044,0.167953004493039,3.6068027345799685,-0.005846849240568552,1.0360680273457996,0.005846849240568552,1-None
242,113.919725,22.472712,2665,commodity_housing,33828.41,0.03960726651446801,0.003825314073925715,0.1358946950862931,0.16105468099280787,18.514325294698363,-0.025159985906514776,1.1851432529469836,0.025159985906514776,2-Mild
243,113.90424,22.487167,2185,urban_village,15430.05,0.0009312590070665409,0.00011288341268103214,0.003195200526283313,0.004752656034871809,48.74359201486932,-0.0015574555085884957,1.4874359201486933,0.0015574555085884957,3-Moderate
244,113.925259,22.492423,4241,high_end,76907.71,0.26820587777883803,0.01953348698873505,0.9202290182735258,0.8224055475840594,-10.630339703153076,0.0978234706894664,0.8936966029684692,0.09782347068946638,0-NightAdv
245,113.886264,22.495729,4136,commodity_housing,52496.27,0.047473731507911225,0.003630586286071383,0.16288496620991302,0.1528561850922792,-6.156971604555296,0.010028781117633834,0.938430283954447,0.010028781117633834,0-NightAdv
246,113.90501,22.500769,1599,high_end,29009.81,0.00530225843571706,0.00014394144740079352,0.018192338345977204,0.006060272031202639,-66.68777858046641,0.012132066314774564,0.3331222141953358,0.012132066314774563,0-NightAdv
247,113.918633,22.491734,3160,urban_village,22281.63,0.05450316045603058,0.004320463845293303,0.18700332093622307,0.1819016459557212,-2.7281199900411317,0.005101674980501875,0.9727188000995887,0.005101674980501875,1-None
248,113.907447,22.500446,742,high_end,13464.78,0.003259187460062686,0.00024235401757654156,0.011182450219140999,0.010203671707421019,-8.752809022521783,0.0009787785117199802,0.9124719097747822,0.0009787785117199802,0-NightAdv
249,113.893334,22.490536,2082,high_end,37791.05,0.024710157698291026,0.002504898344915008,0.0847819009351946,0.10546208652762594,24.392217400549697,-0.020680185592431344,1.243922174005497,0.020680185592431344,3-Moderate
250,113.914466,22.478154,2618,urban_village,18468.42,0.04027681815485601,0.003883419857585954,0.1381919633408902,0.163501070562497,18.314456651270376,-0.025309107221606786,1.1831445665127038,0.02530910722160679,2-Mild
251,113.88995,22.499642,2423,commodity_housing,30770.93,0.051421380991093016,0.0038273302490644443,0.17642956723984243,0.16113956668781707,-8.66634815877533,0.015290000552025368,0.9133365184122467,0.015290000552025366,0-NightAdv
252,113.904034,22.48796,3753,high_end,68071.13,0.0008137379443447418,0.00011205109529945655,0.00279197934011632,0.004717613523908294,68.97021608017157,-0.0019256341837919741,1.6897021608017155,0.0019256341837919741,4-Severe
253,113.893846,22.470759,3450,high_end,62582.46,0.01128292431171613,0.0003700914749965484,0.03871232967976461,0.015581717812403688,-59.74998678380125,0.02313061186736092,0.40250013216198754,0.02313061186736092,0-NightAdv
254,113.890219,22.496424,3979,high_end,72162.73,0.05136200678077472,0.004047946910849627,0.17622585108073188,0.17042804480983617,-3.289986250791119,0.005797806270895711,0.9671001374920888,0.005797806270895711,1-None
255,113.906882,22.490565,4771,urban_village,33652.94,0.01499210325200428,0.0012060455382570954,0.05143872524980053,0.0507773415915777,-1.2857699233621591,0.0006613836582228319,0.9871423007663784,0.0006613836582228319,1-None
256,113.900607,22.499667,1027,commodity_housing,13061.74,0.015341642746756819,0.0005886215039896504,0.05263801435102295,0.02478234380720313,-52.91930344876028,0.02785567054381982,0.47080696551239715,0.027855670543819818,0-NightAdv
257,113.904686,22.486461,1215,commodity_housing,15433.03,0.0039036036995174802,0.0006958315058383683,0.013393477540033637,0.029296135959507044,118.73434940208567,-0.015902658419473407,2.187343494020857,0.015902658419473407,4-Severe
258,113.910154,22.468382,2615,urban_village,18454.96,0.01359186786754306,0.001794063133585915,0.04663444115332325,0.07553425942986972,61.970975874955926,-0.028899818276546467,1.6197097587495592,0.028899818276546467,4-Severe
259,113.899259,22.471456,2109,urban_village,14887.25,0.01495798598277428,0.000703423931109354,0.05132166703530612,0.02961579484407164,-42.29377852496917,0.02170587219123448,0.5770622147503083,0.02170587219123448,0-NightAdv
260,113.903878,22.488116,2498,urban_village,17620.22,0.0008137379443447418,0.00011205109529945655,0.00279197934011632,0.004717613523908294,68.97021608017157,-0.0019256341837919741,1.6897021608017155,0.0019256341837919741,4-Severe
261,113.908949,22.5122,2906,commodity_housing,36894.47,0.059946694354494984,0.004231069099631784,0.2056803831125159,0.17813791781034208,-13.390905289741188,0.02754246530217383,0.8660909471025882,0.02754246530217383,0-NightAdv
262,113.922702,22.490764,3217,urban_village,22686.61,0.26346427783338555,0.019157476200804484,0.9039603298354313,0.8065746128347294,-10.773229066194888,0.09738571700070187,0.8922677093380511,0.09738571700070187,0-NightAdv
263,113.915517,22.478276,2665,commodity_housing,33827.1,0.04027681815485601,0.003883419857585954,0.1381919633408902,0.163501070562497,18.314456651270376,-0.025309107221606786,1.1831445665127038,0.02530910722160679,2-Mild
264,113.885603,22.483066,2612,urban_village,18421.54,0.033462098829087426,0.001156355209017897,0.11481028905807383,0.0486852623611176,-57.59503546194242,0.06612502669695623,0.4240496453805757,0.06612502669695623,0-NightAdv
265,113.900293,22.493648,5764,urban_village,40639.86,0.014971034949520411,0.0012643938159131553,0.05136643875305415,0.05323394072638615,3.6356461897428463,-0.0018675019733320058,1.0363564618974284,0.0018675019733320058,1-None
266,113.907711,22.470015,1808,high_end,32807.62,0.009923352741857567,0.0008462242285718685,0.03404756535258155,0.0356280217904204,4.641907347771685,-0.0015804564378388494,1.0464190734777168,0.0015804564378388494,1-None
267,113.915525,22.490917,2321,high_end,42092.65,0.08657436623527529,0.0070449098883881844,0.297041379958251,0.2966072047341831,-0.1461665792587146,0.00043417522406785647,0.9985383342074129,0.00043417522406785647,1-None
268,113.905891,22.48137,2336,high_end,42387.29,0.02046834302452607,0.0026049285856583494,0.0702280030666485,0.10967359392315318,56.16789476281935,-0.039445590856504675,1.5616789476281934,0.03944559085650468,4-Severe
269,113.890072,22.486023,3323,urban_village,23437.85,0.007135364691481949,0.00018732656253380865,0.024481826048870045,0.007886886981648583,-67.78472747128843,0.01659493906722146,0.32215272528711564,0.01659493906722146,0-NightAdv
270,113.892155,22.479151,4906,urban_village,34599.03,0.02548036361707321,0.0014991790829179997,0.08742451951752796,0.06311895030952627,-27.801776140306494,0.024305569208001684,0.721982238596935,0.024305569208001684,0-NightAdv
272,113.948975,22.53361,4028,high_end,73045.86,0.019889213520307838,0.0012189726859019015,0.06824097810085178,0.05132160478143509,-24.793568014825247,0.01691937331941669,0.7520643198517475,0.01691937331941669,0-NightAdv
273,113.944009,22.544643,1946,high_end,35299.43,0.02723358049033574,0.0016136763523915516,0.09343990238483907,0.06793955349484489,-27.29064162007483,0.02550034888999418,0.7270935837992517,0.02550034888999418,0-NightAdv
274,113.938497,22.521938,6726,high_end,121933.91,0.02666236967114674,0.001549246421253741,0.09148004685996143,0.06522690250586621,-28.69821918028069,0.026253144354095218,0.7130178081971931,0.026253144354095218,0-NightAdv
278,113.955947,22.542616,9548,commodity_housing,121153.37,0.03560706508844828,0.0027470588789765605,0.1221697854696667,0.11565761212594801,-5.330428729725145,0.0065121733437186885,0.9466957127027485,0.006512173343718689,0-NightAdv
279,113.94522,22.530008,3207,high_end,58158.41,0.015329810415573538,0.000797217915135263,0.05259741697635372,0.03356474122714204,-36.18557116173256,0.019032675749211678,0.6381442883826745,0.019032675749211678,0-NightAdv
280,113.939291,22.536961,5051,commodity_housing,64112.89,0.009753701777108579,0.0005343462286157569,0.033465483624794616,0.022497227607013975,-32.774831945516084,0.01096825601778064,0.6722516805448391,0.01096825601778064,0-NightAdv
281,113.937919,22.535473,4975,commodity_housing,63140.35,0.009575379812109482,0.0005969050670514638,0.0328536512214681,0.0251311012113331,-23.50591098102584,0.007722550010134999,0.7649408901897417,0.0077225500101349995,0-NightAdv
282,113.945403,22.545178,5355,commodity_housing,67952.42,0.033683955973264956,0.0019461617420895802,0.11557149303941165,0.08193796704671087,-29.101922202589552,0.03363352599270078,0.7089807779741044,0.03363352599270078,0-NightAdv
283,113.943172,22.53715,6124,high_end,111016.81,0.016786070295897633,0.0009117709896890328,0.05759392417865598,0.038387693937027435,-33.34766733735826,0.01920623024162854,0.6665233266264173,0.01920623024162854,0-NightAdv
284,113.960929,22.534241,3942,commodity_housing,50034.37,0.019553382824719405,0.0010264746590091308,0.06708872463844895,0.04321698703925223,-35.582339249769674,0.023871737599196717,0.6441766075023033,0.023871737599196717,0-NightAdv
285,113.939977,22.516545,2818,commodity_housing,35782.32,0.03724242496011963,0.0022685203860322786,0.12778079452619823,0.09551002088651112,-25.254791816989997,0.03227077363968711,0.7474520818301,0.03227077363968711,0-NightAdv
286,113.934709,22.545501,6757,high_end,122493.67,0.020784500854071155,0.0008217545535027839,0.07131275785096264,0.03459779116462379,-51.48442970480806,0.03671496668633885,0.4851557029519194,0.03671496668633885,0-NightAdv
289,113.939109,22.545659,8870,commodity_housing,112565.33,0.029616125488820463,0.0009817198437899945,0.10161454442887366,0.041332704507488015,-59.32402714611455,0.060281839921385645,0.40675972853885445,0.060281839921385645,0-NightAdv
291,113.938898,22.544131,3422,high_end,62070.32,0.01911368139490789,0.000617862276759329,0.0655800850126516,0.026013448819600403,-60.333310311229496,0.039566636193051195,0.39666689688770507,0.039566636193051195,0-NightAdv
292,113.935961,22.543955,3500,commodity_housing,44424.87,0.017943139739395063,0.0007551521158372343,0.06156389264795978,0.03179367256304703,-48.356623995736456,0.02977022008491275,0.5164337600426354,0.02977022008491275,0-NightAdv
293,113.940251,22.529625,3639,high_end,65976.06,0.012955099936749665,0.0007725371133868525,0.044449655597261495,0.03252562167370949,-26.825930962413658,0.011924033923552006,0.7317406903758634,0.011924033923552006,0-NightAdv
294,113.956883,22.531018,10870,commodity_housing,137934.63,0.008289424964038908,0.00035038806973031135,0.028441469888291382,0.014752158307406178,-48.131519343593204,0.013689311580885204,0.5186848065640679,0.013689311580885204,0-NightAdv
295,113.936233,22.545298,6797,high_end,123231.36,0.013642734642253204,0.0005339689067667423,0.04680896783611599,0.022481341473522647,-51.972148686908426,0.024327626362593342,0.48027851313091574,0.024327626362593346,0-NightAdv
296,113.921159,22.528697,11647,commodity_housing,147798.4,0.03168954220084839,0.0026527840441860464,0.1087285504349416,0.11168842079958614,2.722256806334962,-0.00295987036464454,1.0272225680633496,0.00295987036464454,1-None
298,113.928863,22.535157,7996,high_end,144952.09,0.014440546483420889,0.0009284415357788253,0.04954630384621689,0.039089562968061556,-21.10498678289149,0.010456740878155332,0.7889501321710851,0.010456740878155332,0-NightAdv
299,113.937021,22.542933,5367,high_end,97304.94,0.016165044462224807,0.000722152102979496,0.055463150617777915,0.03040429473920019,-45.18108978566658,0.025058855878577726,0.5481891021433343,0.02505885587857773,0-NightAdv
300,113.954338,22.520515,6070,commodity_housing,77023.0,0.0017334440536738173,7.491510408719109e-05,0.005947541243147951,0.0031541013253124743,-46.96797892833018,0.002793439917835477,0.5303202107166981,0.002793439917835477,0-NightAdv
301,113.925801,22.545135,6704,commodity_housing,85075.62,0.03973725600743033,0.0025039582953942886,0.1363406961377437,0.1054225082413072,-22.677152730099124,0.030918187896436494,0.7732284726990087,0.030918187896436494,0-NightAdv
302,113.962783,22.547215,5720,commodity_housing,72604.93,0.017018272608251794,0.001941982961145428,0.05839062299714612,0.08176203058269954,40.025960309921196,-0.023371407585553422,1.4002596030992118,0.023371407585553422,3-Moderate
303,113.938223,22.540155,4687,high_end,84988.16,0.009056212269007786,0.0005179013396668539,0.031072359019878443,0.021804859270076433,-29.825542836555012,0.00926749974980201,0.7017445716344499,0.00926749974980201,0-NightAdv
304,113.949107,22.530719,9782,commodity_housing,124130.5,0.01913673465557002,0.0010320159620925266,0.06565918200934236,0.043450288876208304,-33.82450474325746,0.022208893133134053,0.6617549525674254,0.022208893133134053,0-NightAdv
307,113.938738,22.517457,11750,commodity_housing,149093.07,0.038960413439648164,0.002376108056408964,0.13367530685014295,0.10003971376830216,-25.162158871681555,0.03363559308184079,0.7483784112831844,0.03363559308184079,0-NightAdv
308,113.953532,22.522833,1835,high_end,33302.3,0.004046502775938772,0.00015739833841013398,0.013883772077559744,0.006626838657309795,-52.269177135076184,0.0072569334202499496,0.47730822864923816,0.0072569334202499496,0-NightAdv
309,113.942279,22.543795,5073,high_end,92003.81,0.026314846002328307,0.001582385362536366,0.09028767416763994,0.06662212954175643,-26.21126841958843,0.02366554462588351,0.7378873158041157,0.023665544625883505,0-NightAdv
310,113.960336,22.52747,4430,high_end,80333.76,0.0016803552414921324,0.0002309343785405208,0.005765390628404361,0.009722878160419038,68.64214043914588,-0.003957487532014677,1.686421404391459,0.003957487532014676,4-Severe
312,113.947359,22.521737,5698,commodity_housing,72312.31,0.007506727683562751,0.0005183186081859865,0.025755992761604927,0.02182242725193061,-15.272428230909338,0.003933565509674317,0.8472757176909066,0.003933565509674317,0-NightAdv
314,113.944687,22.543858,3666,high_end,66473.1,0.030002244666484493,0.0018856256479220415,0.10293934042044901,0.07938925571313454,-22.87763318778388,0.02355008470731447,0.7712236681221611,0.02355008470731447,0-NightAdv
317,113.921299,22.534307,4907,commodity_housing,62282.36,0.025217682829138086,0.002085147340813951,0.08652324738433413,0.08778958624256325,1.4635822123088753,-0.0012663388582291185,1.0146358221230887,0.0012663388582291185,1-None
318,113.930854,22.539701,9542,commodity_housing,121080.63,0.009703135801443573,0.0004981445448572162,0.03329198899995787,0.0209730519402691,-37.00270674637179,0.012318937059688766,0.6299729325362821,0.012318937059688766,0-NightAdv
320,113.937482,22.545767,3708,commodity_housing,47060.45,0.0247131348895069,0.000910945797026758,0.08479211584089497,0.03835295139343182,-54.76825762268063,0.04643916444746315,0.45231742377319367,0.04643916444746314,0-NightAdv
322,113.961346,22.547364,9906,commodity_housing,125705.68,0.02248799333383151,0.0015768753946217213,0.0771575336078118,0.06639014698878844,-13.955068436678516,0.010767386619023364,0.8604493156332148,0.010767386619023362,0-NightAdv
323,113.916815,22.544855,3484,commodity_housing,44219.08,0.031017807808509844,0.0014390868829533524,0.10642379303916229,0.06058892796144488,-43.06824984226121,0.045834865077717404,0.5693175015773879,0.04583486507771741,0-NightAdv
325,113.940172,22.537807,6114,high_end,110882.39,0.00891989543509636,0.0005029346391151205,0.030604648515979996,0.021174726126420452,-30.81205910479834,0.009429922389559545,0.6918794089520166,0.009429922389559545,0-NightAdv
328,113.938018,22.541959,4977,commodity_housing,63158.29,0.017310513701974888,0.000727064601829005,0.05939331815432587,0.030611122445316684,-48.46032618386864,0.028782195709009188,0.5153967381613136,0.028782195709009185,0-NightAdv
329,113.932656,22.544369,2909,high_end,52777.84,0.008349245658721709,0.00032995629780434955,0.028646717959647176,0.013891932860276662,-51.506022854536596,0.014754785099370515,0.484939771454634,0.014754785099370513,0-NightAdv
331,113.933736,22.542088,8028,commodity_housing,101885.35,0.01641174468065969,0.000803295586807827,0.056309592544026066,0.033820625437820544,-39.93807465153004,0.022488967106205522,0.6006192534846996,0.022488967106205526,0-NightAdv
332,113.934794,22.534271,6625,commodity_housing,84082.38,0.0032640302372900017,0.00024074502845006118,0.011199066052360302,0.01013592949711402,-9.493082282716038,0.0010631365552462822,0.9050691771728396,0.0010631365552462824,0-NightAdv
333,113.938,22.545061,5544,high_end,100510.3,0.02188729340436787,0.0007842015615461329,0.07509649933464378,0.03301672225811775,-56.03427250185236,0.042079777076526034,0.4396572749814765,0.042079777076526034,0-NightAdv
334,113.955406,22.546689,6622,commodity_housing,84030.51,0.019953206865613332,0.0014571026199572386,0.06846054276443858,0.061347432680257045,-10.390087190305476,0.007113110084181536,0.8960991280969453,0.007113110084181536,0-NightAdv
336,113.953784,22.526239,6509,commodity_housing,82606.2,0.007060972223515704,0.00031625898749827367,0.024226581427348466,0.013315244018740407,-45.03870032728045,0.010911337408608059,0.5496129967271954,0.010911337408608059,0-NightAdv
337,113.927949,22.526532,2642,commodity_housing,33540.49,0.0126457423326253,0.0010097383697554238,0.04338823275785019,0.042512350067053783,-2.0187102242322488,0.0008758826907964076,0.9798128977576775,0.0008758826907964076,1-None
338,113.94703,22.539362,5671,high_end,102807.81,0.031020895361166555,0.002170106017348482,0.10643438660099502,0.09136654548889198,-14.156929534991264,0.015067841112103048,0.8584307046500874,0.01506784111210305,0-NightAdv
339,113.946376,22.521775,8197,commodity_housing,104014.03,0.012193741163685991,0.0007744397289453645,0.04183739205519231,0.03260572624444703,-22.06558620711056,0.009231665810745283,0.7793441379288945,0.009231665810745283,0-NightAdv
341,113.940871,22.532998,4959,high_end,89931.81,0.01503372036803773,0.000831669599568034,0.051581515848380985,0.03501523782395889,-32.11669481198868,0.016566278024422093,0.6788330518801132,0.016566278024422093,0-NightAdv
342,113.94197,22.537178,4265,commodity_housing,54131.85,0.01386505502694904,0.000709894113583886,0.04757176122097813,0.029888204678731725,-37.172381447269885,0.017683556542246404,0.6282761855273011,0.017683556542246404,0-NightAdv
343,113.944201,22.546115,4823,commodity_housing,61228.39,0.03376291882753083,0.0016386620965142687,0.11584241890599942,0.06899151183637851,-40.443653984503015,0.0468509070696209,0.5955634601549699,0.0468509070696209,0-NightAdv
344,113.924424,22.522299,9985,commodity_housing,126701.34,0.047882168523531714,0.0037355346332714184,0.16428633592270112,0.15727475628731785,-4.267901889711816,0.007011579635383264,0.9573209811028819,0.007011579635383264,1-None
345,113.93078,22.542483,10196,commodity_housing,129374.02,0.019156483374800165,0.0010314101847006653,0.0657269409438587,0.04342478422934443,-33.931530045744665,0.022302156714514264,0.6606846995425534,0.022302156714514267,0-NightAdv
346,113.930444,22.536725,3187,high_end,57814.03,0.011657596929459058,0.0007259432823997923,0.03999785189894526,0.030563912271335453,-23.58611570302499,0.009433939627609807,0.7641388429697501,0.009433939627609807,0-NightAdv
347,113.932185,22.544886,7339,high_end,133051.71,0.009433025738388522,0.00038449593570174514,0.032365226617979366,0.016188179341814293,-49.982802429007194,0.016177047276165073,0.5001719757099281,0.016177047276165073,0-NightAdv
348,113.92607,22.548128,2431,high_end,44106.16,0.048094128414917024,0.0031832145004409714,0.16501358188903936,0.13402078521988484,-18.781967104983586,0.030992796669154526,0.8121803289501641,0.030992796669154526,0-NightAdv
349,113.940183,22.536368,3126,high_end,56683.36,0.011654486581001527,0.0005949891710074675,0.03998718012347462,0.025050437501055175,-37.35382834272621,0.014936742622419442,0.626461716572738,0.014936742622419443,0-NightAdv
351,113.931043,22.525118,10596,commodity_housing,134463.24,0.01675308368082338,0.0010962077730927112,0.057480745300335576,0.04615291444974078,-19.707174622401183,0.011327830850594793,0.8029282537759882,0.011327830850594793,0-NightAdv
352,113.93523,22.542834,3714,commodity_housing,47141.04,0.013336716621638788,0.0006625687488948139,0.045759003290162886,0.027895695994328517,-39.03779805377571,0.01786330729583437,0.6096220194622429,0.01786330729583437,0-NightAdv
353,113.942859,22.541264,6849,commodity_housing,86910.6,0.024341532221341635,0.0016943635446544424,0.0835171267864212,0.07133667324997367,-14.584378085223971,0.012180453536447533,0.8541562191477603,0.012180453536447533,0-NightAdv
354,113.95414,22.530139,9482,commodity_housing,120316.6,0.008971372210030462,0.0003750632122875625,0.030781268142864374,0.015791039595637706,-48.699190941883465,0.014990228547226668,0.5130080905811654,0.014990228547226668,0-NightAdv
356,113.942978,22.541467,7463,high_end,135282.05,0.027130624448653832,0.001828189577863619,0.09308665458152136,0.07697106265448023,-17.312462242294657,0.016115591927041137,0.8268753775770534,0.016115591927041137,0-NightAdv
359,113.944521,22.545343,6979,high_end,126539.36,0.03593409141491818,0.0019944443347291573,0.12329183066065669,0.08397077726955685,-31.89266732467091,0.03932105339109984,0.6810733267532909,0.03932105339109984,0-NightAdv
360,113.939814,22.527583,9473,commodity_housing,120209.64,0.014513796724407486,0.0008558569214996634,0.04979762942457345,0.03603358072142749,-27.639967729776842,0.013764048703145959,0.7236003227022316,0.013764048703145959,0-NightAdv
361,113.929151,22.528623,10784,commodity_housing,136849.14,0.017105472391476848,0.0013716634119920435,0.05868981021696173,0.057750241935343616,-1.6009052987984809,0.0009395682816181125,0.9839909470120152,0.0009395682816181125,1-None
362,113.922887,22.523021,8344,commodity_housing,105886.96,0.041919850338192524,0.0034897896800637415,0.14382929651786977,0.14692831824861383,2.1546526373776875,-0.003099021730744056,1.0215465263737769,0.0030990217307440555,1-None
365,113.937925,22.538249,5595,high_end,101436.39,0.0068727151417427084,0.000420336312283454,0.023580661095632786,0.017697143130271393,-24.950606522439863,0.005883517965361393,0.7504939347756013,0.005883517965361394,0-NightAdv
366,113.961472,22.542529,6604,high_end,119740.63,0.03643374353189518,0.003843550836588489,0.12500616436911918,0.16182249140947788,29.451609227563498,-0.0368163270403587,1.294516092275635,0.0368163270403587,3-Moderate
369,113.960974,22.528981,6769,commodity_housing,85899.09,0.004391652678166939,0.00035277431395174755,0.015068000247035342,0.014852624777459954,-1.4293566899679544,0.00021537546957538754,0.9857064331003205,0.00021537546957538754,1-None
370,113.963959,22.538536,6203,commodity_housing,78721.42,0.02082987100833348,0.0020891927801264198,0.07146842532872821,0.0879599087116087,23.075201820980094,-0.016491483382880492,1.2307520182098008,0.016491483382880492,3-Moderate
380,113.939581,22.548559,1158,urban_village,8179.2,0.07809966564001815,0.0023232082397056358,0.2679642192579687,0.09781250759932239,-63.49792227104827,0.17015171165864632,0.3650207772895174,0.17015171165864632,0-NightAdv
388,113.933131,22.545235,4270,affordable_housing,41704.44,0.02145154706862746,0.0008714098829544141,0.0736014298526642,0.036688396822061466,-50.15260315525863,0.036913033030602733,0.4984739684474137,0.036913033030602733,0-NightAdv
396,113.920687,22.546622,5952,affordable_housing,58109.14,0.053663660077350676,0.0033877301929242406,0.18412294927654643,0.14263137482752805,-22.534710970059166,0.04149157444901838,0.7746528902994083,0.04149157444901839,0-NightAdv
428,113.946016,22.548932,1761,commodity_housing,22360.64,0.13770226546015207,0.007349661442374754,0.47246399522581395,0.30943795885288994,-34.50549417951008,0.163026036372924,0.6549450582048992,0.16302603637292404,0-NightAdv
441,113.968296,22.542509,3168,commodity_housing,40215.4,0.03499932486865495,0.0037378907416884296,0.12008459557577887,0.15737395396943046,31.05257440794752,-0.03728935839365159,1.3105257440794753,0.03728935839365159,3-Moderate
442,113.939617,22.532222,8041,high_end,145782.51,0.010338246136232606,0.0005727887015500825,0.03547108725357711,0.024115745745750396,-32.0129502280243,0.011355341507826713,0.6798704977197569,0.011355341507826713,0-NightAdv
443,113.968104,22.537731,10404,high_end,188617.53,0.048945422596898325,0.005111273491640755,0.16793441873211779,0.21519658405940942,28.14322738847379,-0.04726216532729163,1.281432273884738,0.04726216532729163,3-Moderate
444,113.962507,22.530537,11113,commodity_housing,141020.05,0.014828982812041163,0.0009819355104728896,0.05087905010930498,0.041341784579906435,-18.74497560176409,0.009537265529398542,0.8125502439823591,0.009537265529398544,0-NightAdv
445,113.947226,22.516022,7725,commodity_housing,98040.58,0.007350808188011788,0.0005479355115820666,0.02522102445476237,0.023069368244557485,-8.531200681654305,0.0021516562102048865,0.914687993183457,0.0021516562102048865,0-NightAdv
446,113.963355,22.511592,13891,commodity_housing,176255.09,0.0073687516654420545,0.0016140771921664156,0.02528258950604616,0.06795642978809098,168.78745854667955,-0.04267384028204482,2.6878745854667954,0.042673840282044816,4-Severe
447,113.970102,22.527575,10480,commodity_housing,132991.27,0.007114413652085284,0.0004452613023642642,0.024409941888181737,0.018746543584361203,-23.20119535623521,0.005663398303820535,0.7679880464376478,0.005663398303820535,0-NightAdv
448,113.963793,22.525016,6110,high_end,110778.65,0.0061040042422448385,0.0004220312232895994,0.020943172006134173,0.017768502852932234,-15.158492477988009,0.0031746691532019387,0.8484150752201199,0.0031746691532019387,0-NightAdv
449,113.951574,22.525614,4457,commodity_housing,56549.46,0.009201076302583636,0.000430029408077152,0.03156939543274399,0.01810524516339012,-42.649376349439876,0.013464150269353867,0.5735062365056012,0.013464150269353867,0-NightAdv
450,113.958211,22.527828,3514,high_end,63714.79,0.0006297136632662829,3.681373851456894e-05,0.002160581978814035,0.0015499446053410992,-28.262633839430645,0.0006106373734729358,0.7173736616056935,0.0006106373734729357,0-NightAdv
451,113.9669,22.52143,10935,high_end,198213.69,0.0073687516654420545,0.0016140771921664156,0.02528258950604616,0.06795642978809098,168.78745854667955,-0.04267384028204482,2.6878745854667954,0.042673840282044816,4-Severe
452,113.960905,22.530019,6125,high_end,111056.57,0.013067663471610294,0.0007842133264361179,0.044835867234515804,0.03301721758753824,-26.359810517681392,0.011818649646977562,0.7364018948231861,0.011818649646977562,0-NightAdv
453,113.943896,22.51993,10621,commodity_housing,134768.22,0.017043609433677654,0.001104940035186593,0.058477555029288364,0.046520563133926454,-20.447147438659627,0.01195699189536191,0.7955285256134037,0.01195699189536191,0-NightAdv
454,113.956804,22.525929,13292,commodity_housing,168655.31,0.00416414476901609,0.00018274585697688567,0.014287408182382735,0.007694028550174718,-46.148185507418106,0.006593379632208018,0.538518144925819,0.0065933796322080185,0-NightAdv
455,113.960554,22.51477,9237,high_end,167441.36,0.0006136134683609113,2.736760522986927e-05,0.0021053413305684374,0.001152240272211251,-45.270619282425386,0.0009531010583571863,0.547293807175746,0.0009531010583571863,0-NightAdv
456,113.952417,22.527167,4658,high_end,84455.23,0.00922028988164936,0.00043002940807715205,0.031635318272122445,0.018105245163390123,-42.7688856876627,0.013530073108732322,0.572311143123373,0.013530073108732322,0-NightAdv
457,113.967371,22.526544,2572,high_end,46652.63,0.002776852160793481,0.00038713913143990247,0.009527531458221179,0.016299464072475272,71.07751513547282,-0.006771932614254093,1.7107751513547282,0.0067719326142540925,4-Severe
458,113.953642,22.539473,9354,high_end,169587.91,0.030309506122824778,0.0023266204942754562,0.10399357126230427,0.09795617150785074,-5.805550940476232,0.006037399754453526,0.9419444905952377,0.006037399754453526,0-NightAdv
459,113.952101,22.52078,10516,high_end,190652.3,0.00448156930050272,0.00025040774594944665,0.015376509090255988,0.010542752532899439,-31.435981528601154,0.00483375655735655,0.6856401847139885,0.00483375655735655,0-NightAdv
460,113.974462,22.525412,11673,commodity_housing,148106.06,0.006604985519977224,0.000833795468989649,0.022662066137758105,0.03510474190516998,54.90530162508297,-0.012442675767411877,1.5490530162508296,0.012442675767411879,4-Severe
461,113.942074,22.53779,9406,high_end,170523.1,0.011980684584758065,0.0006516995044306826,0.04110638329398525,0.027438075347768896,-33.25105944851227,0.013668307946216353,0.6674894055148772,0.013668307946216351,0-NightAdv
462,113.967259,22.53174,3211,high_end,58262.4,0.021392091506259054,0.0013509138687477593,0.07339743457022563,0.056876637571525945,-22.508684527512766,0.016520796998699683,0.7749131547248723,0.016520796998699683,0-NightAdv
463,113.97028,22.528014,5868,high_end,106393.67,0.007114413652085284,0.0004452613023642642,0.024409941888181737,0.018746543584361203,-23.20119535623521,0.005663398303820535,0.7679880464376478,0.005663398303820535,0-NightAdv
464,113.96022,22.532757,4553,commodity_housing,57793.4,0.01487702037328113,0.0008527564972127178,0.05104386960612659,0.035903045598081676,-29.6623749822988,0.015140824008044916,0.703376250177012,0.015140824008044916,0-NightAdv
465,113.957657,22.52732,4394,commodity_housing,55775.08,0.0004414502285809602,6.127038006016752e-06,0.0015146398499091107,0.00025796264892758195,-82.96871372141294,0.0012566772009815286,0.17031286278587057,0.0012566772009815286,0-NightAdv
466,113.944672,22.52546,5321,commodity_housing,67533.77,0.014526054269116908,0.0008522479860031642,0.04983968573007953,0.035881636085280055,-28.00589417917504,0.013958049644799478,0.7199410582082496,0.013958049644799478,0-NightAdv
467,113.949502,22.536875,4986,high_end,90401.66,0.032902967589613426,0.0023733084188135717,0.11289187923108451,0.09992184246908133,-11.488901460710132,0.012970036762003187,0.8851109853928987,0.012970036762003185,0-NightAdv
468,113.956632,22.531656,5056,high_end,91695.95,0.009054836192662761,0.0004173074091966877,0.03106763762676604,0.017569619216948208,-43.44719921088798,0.013498018409817833,0.5655280078911202,0.013498018409817831,0-NightAdv
469,113.945229,22.518306,2297,high_end,41678.98,0.0147209651256047,0.0009180865573167471,0.05050843552632566,0.038653594124544895,-23.47101286794335,0.011854841401780766,0.7652898713205665,0.011854841401780766,0-NightAdv
470,113.952956,22.523385,3314,commodity_housing,42065.16,0.0032061442099838165,0.0003935755380776695,0.011000455930461147,0.01657045186530812,50.63422798161672,-0.005569995934846974,1.5063422798161672,0.0055699959348469745,4-Severe
471,113.957629,22.527692,7983,commodity_housing,101314.46,0.00048707133032279337,2.2117581559612657e-05,0.0016711683421857114,0.0009312019806938865,-44.27838553499805,0.0007399663614918249,0.5572161446500195,0.0007399663614918248,0-NightAdv
472,113.965083,22.513068,4010,commodity_housing,50897.44,0.0073687516654420545,0.0016140771921664156,0.02528258950604616,0.06795642978809098,168.78745854667955,-0.04267384028204482,2.6878745854667954,0.042673840282044816,4-Severe
473,113.957726,22.528098,5870,high_end,106419.99,0.0007071536763291107,3.681373851456894e-05,0.002426282894044006,0.0015499446053410992,-36.118553646572934,0.0008763382887029068,0.6388144635342706,0.0008763382887029067,0-NightAdv
474,113.964987,22.513056,6826,high_end,123744.22,0.0073687516654420545,0.0016140771921664156,0.02528258950604616,0.06795642978809098,168.78745854667955,-0.04267384028204482,2.6878745854667954,0.042673840282044816,4-Severe
475,113.954948,22.529168,2657,high_end,48184.03,0.008971372210030462,0.0003750632122875625,0.030781268142864374,0.015791039595637706,-48.699190941883465,0.014990228547226668,0.5130080905811654,0.014990228547226668,0-NightAdv
476,113.945567,22.539273,9528,commodity_housing,120911.48,0.03130473632150231,0.0020355632242580433,0.10740826044163833,0.08570197881480854,-20.20913618522309,0.02170628162682979,0.7979086381477691,0.02170628162682979,0-NightAdv
477,113.941929,22.520923,4386,commodity_housing,55681.23,0.016527554796766555,0.0010799660378213224,0.05670694337889123,0.04546909935839099,-19.817403920740063,0.011237844020500237,0.8018259607925994,0.011237844020500239,0-NightAdv
478,113.957444,22.527278,6216,high_end,112684.54,0.005999693972580997,0.00023372239506250594,0.02058527777263137,0.009840260185234111,-52.19758366186839,0.01074501758739726,0.478024163381316,0.010745017587397258,0-NightAdv
479,113.965412,22.535254,10397,high_end,188488.28,0.03452473130962516,0.0025027428857006214,0.1184562391485381,0.10537133664684299,-11.046191062411925,0.013084902501695111,0.8895380893758807,0.013084902501695113,0-NightAdv
480,113.958535,22.528971,9326,commodity_housing,118343.05,0.0031645565456237977,7.189987744592123e-05,0.010857766382181125,0.003027153222373473,-72.11992673427392,0.007830613159807652,0.27880073265726074,0.007830613159807652,0-NightAdv
481,113.958871,22.529765,4989,high_end,90458.2,0.0032031350076673847,7.189987744592123e-05,0.01099013119292605,0.003027153222373473,-72.45571350120058,0.007962977970552577,0.27544286498799414,0.007962977970552575,0-NightAdv
482,113.964879,22.542391,4568,commodity_housing,57978.32,0.026844175646364973,0.003697132362213271,0.09210383309267514,0.15565793074171708,69.00266309773842,-0.06355409764904194,1.6900266309773841,0.06355409764904194,4-Severe
483,113.949003,22.518687,6530,high_end,118379.28,0.006953212340456719,0.00047840127901025076,0.023856851381840627,0.02014181421147367,-15.572202345171046,0.0037150371703669575,0.8442779765482895,0.003715037170366957,0-NightAdv
484,113.961874,22.528407,10445,commodity_housing,132537.56,0.00617215379152892,0.0004701239849830158,0.021176996832617607,0.019793320748380867,-6.533863584025991,0.0013836760842367395,0.9346613641597401,0.0013836760842367392,0-NightAdv
485,113.970881,22.533064,8230,commodity_housing,104438.32,0.02256807253858061,0.00138162014584129,0.07743228973389177,0.05816944374801335,-24.877019718877253,0.01926284598587842,0.7512298028112275,0.01926284598587842,0-NightAdv
486,113.954425,22.520933,5153,commodity_housing,65397.88,0.0017334440536738173,7.491510408719109e-05,0.005947541243147951,0.0031541013253124743,-46.96797892833018,0.002793439917835477,0.5303202107166981,0.002793439917835477,0-NightAdv
487,113.96216,22.527778,5898,high_end,106942.33,0.005838532753599172,0.0004303059440177749,0.02003232482635142,0.018116887974108237,-9.561730197802754,0.0019154368522431818,0.9043826980219725,0.0019154368522431816,0-NightAdv
488,113.947105,22.529955,4059,high_end,73617.15,0.01688767376395604,0.0009587912300769915,0.057942531227982735,0.04036735617378496,-30.332080221082975,0.017575175054197777,0.6966791977891703,0.017575175054197777,0-NightAdv
489,113.960128,22.516925,13192,commodity_housing,167398.98,0.0017542480614182309,5.174401548370029e-05,0.006018920930205306,0.0021785442308693667,-63.80506977693331,0.003840376699335939,0.36194930223066685,0.0038403766993359385,0-NightAdv
490,113.961501,22.531881,7494,high_end,135887.89,0.013067663471610294,0.0007842133264361179,0.044835867234515804,0.03301721758753824,-26.359810517681392,0.011818649646977562,0.7364018948231861,0.011818649646977562,0-NightAdv
491,113.952289,22.528135,15024,commodity_housing,190635.88,0.00831502606758949,0.0004174517409828446,0.028529308673116587,0.017575695923155173,-38.394245284615316,0.010953612749961414,0.6160575471538469,0.010953612749961414,0-NightAdv
492,113.950248,22.520181,6809,high_end,123420.32,0.007289765158924528,0.0003675481811483268,0.025011582487290906,0.015474639185268651,-38.1301075486457,0.009536943302022255,0.618698924513543,0.009536943302022255,0-NightAdv
493,113.96545,22.519184,7604,high_end,137863.43,0.0073687516654420545,0.0016140771921664156,0.02528258950604616,0.06795642978809098,168.78745854667955,-0.04267384028204482,2.6878745854667954,0.042673840282044816,4-Severe
494,113.959852,22.531114,8004,commodity_housing,101557.21,0.011844897515612986,0.0005771019551689361,0.04064049044194025,0.02429734382428742,-40.21395027454442,0.01634314661765283,0.5978604972545558,0.01634314661765283,0-NightAdv
495,113.973163,22.534832,9371,high_end,169898.58,0.071836869372905,0.0071079438163751665,0.24647622313998294,0.2992610807212204,21.415801049198553,-0.05278485758123744,1.2141580104919856,0.05278485758123743,3-Moderate
496,113.963615,22.51021,5091,commodity_housing,64605.39,0.0073687516654420545,0.0016140771921664156,0.02528258950604616,0.06795642978809098,168.78745854667955,-0.04267384028204482,2.6878745854667954,0.042673840282044816,4-Severe
497,113.950942,22.516397,2640,high_end,47875.35,0.006343590823057951,0.0003424839065606239,0.02176520665309655,0.01441937452724909,-33.750344037291114,0.007345832125847461,0.6624965596270889,0.007345832125847461,0-NightAdv
498,113.958507,22.530716,8163,high_end,147982.91,0.010912743803803691,0.0004894543556218657,0.037442220134808406,0.020607174621957776,-44.96273311848786,0.01683504551285063,0.5503726688151214,0.01683504551285063,0-NightAdv
499,113.954852,22.535586,5506,high_end,99831.54,0.02251445148101883,0.0009841622413334953,0.07724831295617345,0.04143553516390584,-46.3605953602972,0.0358127777922676,0.536394046397028,0.0358127777922676,0-NightAdv
500,113.957484,22.528959,10726,high_end,194433.54,0.0078123327623392915,0.0003502420166193899,0.026804540481553996,0.014746009129395464,-44.98689824754435,0.012058531352158532,0.5501310175245564,0.012058531352158532,0-NightAdv
