community_id,lng,lat,population,community_type,SCR,BFD,EWW,SVI,WES,alpha_env,v_robust,v_elderly,v_wheelchair,AI_star_robust,AI_star_elderly,AI_star_wheelchair,occlusion_factor,sidewalk_width_proxy,building_density_500m,floor_count,illusion_level
1,113.916231,22.546877,9265,high_end,0.3210634558321569,0.5506673545729942,4.437928739134149,0.7471131746462365,6.33408510322143,1.0,1.2,0.72,0.48,0.0,66.66666666666666,150.0,0.0,8.0,21,5,Minor
2,113.93485,22.527444,9949,commodity_housing,0.3606832333711924,0.6735508637884614,4.5245815505377225,0.6251041798473687,6.516135219279469,1.0,1.2,0.72,0.48,0.0,66.66666666666666,150.0,0.0,4.456891983952766,45,26,Minor
3,113.935645,22.528029,5747,high_end,0.3606832333711924,0.6735508637884614,4.5245815505377225,0.6251041798473687,6.516135219279469,1.0,1.2,0.72,0.48,0.0,66.66666666666666,150.0,0.0,4.456891983952766,45,26,Minor
4,113.918479,22.526518,6556,high_end,0.3920841014358002,0.4254413546787016,3.335926813559088,0.5590769498033736,5.442963849085332,0.82,0.9839999999999999,0.5903999999999999,0.39359999999999995,21.95121951219514,103.25203252032522,204.87804878048786,0.0,5.3383107792813815,142,17,Significant
5,113.957109,22.52315,3775,high_end,0.23771587124355376,0.6540145348099208,4.023434412921687,0.6738411086066934,6.19586616796885,0.65,0.78,0.46799999999999997,0.31200000000000006,53.84615384615383,156.41025641025647,284.6153846153845,0.0,8.0,5,26,Severe
6,113.92981,22.530638,10989,commodity_housing,0.5209130418272941,0.5524842895970471,3.236603480213531,0.5557462006052906,6.078319425818538,1.0,1.2,0.72,0.48,0.0,66.66666666666666,150.0,0.0,5.672700130621385,189,21,Minor
7,113.953239,22.518945,9863,high_end,0.3504411361997444,0.6183850889038023,4.543750274718216,0.7041829598134707,6.505652050485679,1.0,1.2,0.72,0.48,0.0,66.66666666666666,150.0,0.0,8.0,1,3,Minor
8,113.931195,22.526954,3064,high_end,0.4341779010510721,0.49626296240390944,3.8208093350991534,0.47684915654054044,5.884895256681042,0.82,0.9839999999999999,0.5903999999999999,0.39359999999999995,21.95121951219514,103.25203252032522,204.87804878048786,0.0,4.435643564356436,167,3,Significant
9,113.929679,22.506525,9184,high_end,0.34405167707701284,0.6153149165252859,3.9780248525134096,0.638998243627425,6.334704342619984,1.0,1.2,0.72,0.48,0.0,66.66666666666666,150.0,0.0,3.4808115375213884,88,6,Minor
10,113.92211,22.541586,5731,high_end,0.31582565255014416,0.6850310074250956,4.628277703028822,0.6541101902565145,6.4682748567262,1.0,1.2,0.72,0.48,0.0,66.66666666666666,150.0,0.0,8.0,28,27,Minor
11,113.930124,22.507264,9938,commodity_housing,0.34405167707701284,0.6153149165252859,3.9780248525134096,0.638998243627425,6.334704342619984,1.0,1.2,0.72,0.48,0.0,66.66666666666666,150.0,0.0,3.4808115375213884,88,6,Minor
12,113.952473,22.531496,8116,commodity_housing,0.26727735994490304,0.582886828140196,4.58655854198482,0.8283828750666486,6.415814900318496,0.65,0.78,0.46799999999999997,0.31200000000000006,53.84615384615383,156.41025641025647,284.6153846153845,0.0,8.0,10,14,Severe
13,113.935223,22.521598,8915,commodity_housing,0.25051069302994855,0.5892877799793177,4.488001704363882,0.7591817149443493,6.243114958926839,0.65,0.78,0.46799999999999997,0.31200000000000006,53.84615384615383,156.41025641025647,284.6153846153845,0.0,5.186551646922084,37,27,Severe
14,113.937297,22.539434,8450,commodity_housing,0.266487089155088,0.6550017957188979,4.80400666100692,0.7242702718383812,6.385506300439272,0.65,0.78,0.46799999999999997,0.31200000000000006,53.84615384615383,156.41025641025647,284.6153846153845,0.0,8.0,23,1,Severe
15,113.936653,22.539844,11901,commodity_housing,0.3234607513502293,0.6692489185315644,4.39236401430768,0.7111220536933381,6.5657486577662745,1.0,1.2,0.72,0.48,0.0,66.66666666666666,150.0,0.0,8.0,22,1,Minor
16,113.935174,22.532709,4495,commodity_housing,0.28992695491750264,0.5848538105914745,4.465309782135605,0.6115870300940192,6.055089451419232,0.65,0.78,0.46799999999999997,0.31200000000000006,53.84615384615383,156.41025641025647,284.6153846153845,0.0,5.031213872832371,50,10,Severe
17,113.934844,22.541922,8855,high_end,0.36363016936784404,0.6354278709141127,4.205597695724659,0.7285261454931069,6.636512476375027,1.0,1.2,0.72,0.48,0.0,66.66666666666666,150.0,0.0,8.0,43,5,Minor
18,113.919313,22.522586,3202,high_end,0.3171252335965858,0.5323594169678896,3.830993723664595,0.6675615512262693,6.011768422952391,1.0,1.2,0.72,0.48,0.0,66.66666666666666,150.0,0.0,4.105151007805875,58,28,Minor
19,113.946107,22.526839,3659,high_end,0.24293859561438025,0.6100664206208883,4.446366395676875,0.6665691557435045,6.08712014988237,0.65,0.78,0.46799999999999997,0.31200000000000006,53.84615384615383,156.41025641025647,284.6153846153845,0.0,8.0,5,6,Severe
20,113.932012,22.524139,4959,high_end,0.2994693263228399,0.5539795841701715,4.289614925007575,0.7147276023327969,6.212812144059542,0.65,0.78,0.46799999999999997,0.31200000000000006,53.84615384615383,156.41025641025647,284.6153846153845,0.0,3.7586547972304647,56,31,Severe
21,113.954585,22.544935,9287,commodity_housing,0.3264175362359375,0.6513966175500316,4.325255348979077,0.6741709444971764,6.456086041577245,1.0,1.2,0.72,0.48,0.0,66.66666666666666,150.0,0.0,7.077036490969407,17,28,Minor
22,113.955945,22.541872,10158,high_end,0.321899150508406,0.6086081125142851,4.807666921938547,0.657728325722076,6.3026743842550825,1.0,1.2,0.72,0.48,0.0,66.66666666666666,150.0,0.0,7.545754173477318,21,20,Minor
23,113.951568,22.513775,11445,commodity_housing,0.3504411361997444,0.6183850889038023,4.543750274718216,0.7041829598134707,6.505652050485679,1.0,1.2,0.72,0.48,0.0,66.66666666666666,150.0,0.0,8.0,1,3,Minor
24,113.943167,22.541014,3956,commodity_housing,0.2714984025440294,0.5784530120319674,3.888746092153803,0.6651023381855669,6.021298721679267,0.65,0.78,0.46799999999999997,0.31200000000000006,53.84615384615383,156.41025641025647,284.6153846153845,0.0,8.0,18,6,Severe
25,113.934599,22.509815,7555,high_end,0.23213436200898696,0.69415887017007,4.982970372450584,0.7038392234943603,6.339478708440857,0.65,0.78,0.46799999999999997,0.31200000000000006,53.84615384615383,156.41025641025647,284.6153846153845,0.0,4.193912691884055,46,35,Severe
26,113.94876,22.516912,7893,commodity_housing,0.3504411361997444,0.6183850889038023,4.543750274718216,0.7041829598134707,6.505652050485679,1.0,1.2,0.72,0.48,0.0,66.66666666666666,150.0,0.0,8.0,1,3,Minor
27,113.918984,22.528081,5205,commodity_housing,0.3920841014358002,0.4254413546787016,3.335926813559088,0.5590769498033736,5.442963849085332,0.82,0.9839999999999999,0.5903999999999999,0.39359999999999995,21.95121951219514,103.25203252032522,204.87804878048786,0.0,5.3383107792813815,142,17,Significant
28,113.945794,22.522781,3606,high_end,0.34065770104009163,0.674727396181664,4.111036927951903,0.7244023030685088,6.6575961997114526,1.0,1.2,0.72,0.48,0.0,66.66666666666666,150.0,0.0,8.0,5,25,Minor
29,113.940267,22.520858,9709,commodity_housing,0.30455291648289173,0.6499032119535807,4.264078036241905,0.6751426479082974,6.3887020751492205,1.0,1.2,0.72,0.48,0.0,66.66666666666666,150.0,0.0,8.0,1,47,Minor
30,113.910596,22.525177,11096,high_end,0.2455769297832933,0.5920562629698228,4.522572517832725,0.6689901913038238,6.054851829382084,0.65,0.78,0.46799999999999997,0.31200000000000006,53.84615384615383,156.41025641025647,284.6153846153845,0.0,3.7774030354131534,97,27,Severe
31,113.943953,22.505433,9655,high_end,0.23976079697583366,0.6848521162105895,4.763952303555161,0.8009610230191924,6.53333472749236,0.65,0.78,0.46799999999999997,0.31200000000000006,53.84615384615383,156.41025641025647,284.6153846153845,0.0,8.0,11,35,Severe
32,113.94845,22.537015,7146,commodity_housing,0.2823173954012447,0.6498011760037832,4.496331225333083,0.590116111954014,6.15168735012122,0.65,0.78,0.46799999999999997,0.31200000000000006,53.84615384615383,156.41025641025647,284.6153846153845,0.0,6.535799387268808,26,22,Severe
33,113.936027,22.528199,6124,commodity_housing,0.30225397920839964,0.6360575002198721,4.5349721372988085,0.6480785867922748,6.293062861759429,1.0,1.2,0.72,0.48,0.0,66.66666666666666,150.0,0.0,4.8944055532678385,38,2,Minor
34,113.918374,22.538354,10987,commodity_housing,0.33459610771192244,0.7209638330404338,4.652497245293841,0.6290295256932117,6.564256957123274,1.0,1.2,0.72,0.48,0.0,66.66666666666666,150.0,0.0,5.955056179775282,105,4,Minor
35,113.925233,22.535207,4081,commodity_housing,0.33459610771192244,0.7209638330404338,4.652497245293841,0.6290295256932117,6.564256957123274,1.0,1.2,0.72,0.48,0.0,66.66666666666666,150.0,0.0,5.955056179775282,105,4,Minor
36,113.925657,22.516953,3580,commodity_housing,0.45731173796023644,0.48909441705061985,3.072539348084966,0.5902548258617067,5.695518000783776,0.82,0.9839999999999999,0.5903999999999999,0.39359999999999995,21.95121951219514,103.25203252032522,204.87804878048786,0.0,4.521620701395982,248,9,Significant
37,113.938237,22.528294,9617,high_end,0.3352588870330014,0.7378754458576937,4.341833557394604,0.6597199688593627,6.6699052134619645,1.0,1.2,0.72,0.48,0.0,66.66666666666666,150.0,0.0,6.431442608307281,26,32,Minor
38,113.960374,22.535904,5849,commodity_housing,0.2703076283143658,0.5956592994859901,4.384692215715922,0.6661570227035165,6.132385179065105,0.65,0.78,0.46799999999999997,0.31200000000000006,53.84615384615383,156.41025641025647,284.6153846153845,0.0,8.0,13,12,Severe
39,113.928049,22.512219,9303,commodity_housing,0.49483242660681676,0.39592049841635135,2.8825756321672213,0.5407665871970972,5.357441470360037,0.82,0.9839999999999999,0.5903999999999999,0.39359999999999995,21.95121951219514,103.25203252032522,204.87804878048786,0.0,4.701323861801743,363,7,Significant
40,113.920245,22.531962,8387,high_end,0.41146288892883864,0.4719200066145019,4.097309744640293,0.654769693706083,6.2237280707349365,0.82,0.9839999999999999,0.5903999999999999,0.39359999999999995,21.95121951219514,103.25203252032522,204.87804878048786,0.0,5.500353190487402,145,12,Significant
41,113.937558,22.529191,11967,commodity_housing,0.30225397920839964,0.6360575002198721,4.5349721372988085,0.6480785867922748,6.293062861759429,1.0,1.2,0.72,0.48,0.0,66.66666666666666,150.0,0.0,4.8944055532678385,38,2,Minor
42,113.915605,22.528483,3412,commodity_housing,0.3920841014358002,0.4254413546787016,3.335926813559088,0.5590769498033736,5.442963849085332,0.82,0.9839999999999999,0.5903999999999999,0.39359999999999995,21.95121951219514,103.25203252032522,204.87804878048786,0.0,5.3383107792813815,142,17,Significant
43,113.920887,22.535363,8073,high_end,0.33459610771192244,0.7209638330404338,4.652497245293841,0.6290295256932117,6.564256957123274,1.0,1.2,0.72,0.48,0.0,66.66666666666666,150.0,0.0,5.955056179775282,105,4,Minor
44,113.916034,22.537072,5914,high_end,0.33459610771192244,0.7209638330404338,4.652497245293841,0.6290295256932117,6.564256957123274,1.0,1.2,0.72,0.48,0.0,66.66666666666666,150.0,0.0,5.955056179775282,105,4,Minor
45,113.934175,22.530675,3717,commodity_housing,0.35485176915286587,0.566814644608189,4.15126734815364,0.5934804861242671,6.168552891227605,1.0,1.2,0.72,0.48,0.0,66.66666666666666,150.0,0.0,4.845885821495577,112,6,Minor
46,113.932532,22.536866,8588,high_end,0.313736116010117,0.666720966491541,4.512347030041558,0.6417967672287077,6.391604298716619,1.0,1.2,0.72,0.48,0.0,66.66666666666666,150.0,0.0,6.387706677714586,52,6,Minor
47,113.933389,22.528056,7846,high_end,0.3830248179794547,0.5332553431622827,3.7467405519119987,0.6538391187899726,6.131603894369015,1.0,1.2,0.72,0.48,0.0,66.66666666666666,150.0,0.0,4.562118126272912,125,1,Minor
48,113.929428,22.530791,9938,high_end,0.5209130418272941,0.5524842895970471,3.236603480213531,0.5557462006052906,6.078319425818538,1.0,1.2,0.72,0.48,0.0,66.66666666666666,150.0,0.0,5.672700130621385,189,21,Minor
49,113.927695,22.535372,4324,commodity_housing,0.33660348019276104,0.6359718662564393,4.653339038187559,0.5774817186834483,6.254703543586278,1.0,1.2,0.72,0.48,0.0,66.66666666666666,150.0,0.0,7.874416631310988,57,1,Minor
50,113.923913,22.523738,7268,commodity_housing,0.25079137843088484,0.6823323291837801,4.473286011845573,0.5764117308831569,6.111028420018418,0.65,0.78,0.46799999999999997,0.31200000000000006,53.84615384615383,156.41025641025647,284.6153846153845,0.0,4.354546463040343,45,9,Severe
51,113.944202,22.509304,4214,high_end,0.23088190413509885,0.6480193407533739,4.3604209083988685,0.6423692295527341,6.0974325233941995,0.65,0.78,0.46799999999999997,0.31200000000000006,53.84615384615383,156.41025641025647,284.6153846153845,0.0,8.0,9,2,Severe
52,113.943806,22.502073,4852,high_end,0.23976079697583366,0.6848521162105895,4.763952303555161,0.8009610230191924,6.53333472749236,0.65,0.78,0.46799999999999997,0.31200000000000006,53.84615384615383,156.41025641025647,284.6153846153845,0.0,8.0,11,35,Severe
53,113.909399,22.518991,6486,commodity_housing,0.33707303395895827,0.5640619789098577,4.035764768493855,0.6817775801555668,6.284929209462653,1.0,1.2,0.72,0.48,0.0,66.66666666666666,150.0,0.0,4.196044711951848,121,6,Minor
54,113.936566,22.527584,10575,commodity_housing,0.2656188641511535,0.6105224822866999,4.147868232889267,0.5943164678070951,6.011795733784401,0.65,0.78,0.46799999999999997,0.31200000000000006,53.84615384615383,156.41025641025647,284.6153846153845,0.0,4.806203005754302,39,5,Severe
55,113.925118,22.541016,9042,commodity_housing,0.31582565255014416,0.6850310074250956,4.628277703028822,0.6541101902565145,6.4682748567262,1.0,1.2,0.72,0.48,0.0,66.66666666666666,150.0,0.0,8.0,28,27,Minor
56,113.936429,22.529584,8713,commodity_housing,0.37486414413318786,0.6747761362822364,4.194680306454887,0.7670565370282574,6.845645847161669,1.0,1.2,0.72,0.48,0.0,66.66666666666666,150.0,0.0,5.254305166199439,40,21,Minor
57,113.946034,22.517194,5193,high_end,0.3504411361997444,0.6183850889038023,4.543750274718216,0.7041829598134707,6.505652050485679,1.0,1.2,0.72,0.48,0.0,66.66666666666666,150.0,0.0,8.0,1,3,Minor
58,113.942603,22.513997,4633,high_end,0.385200630417519,0.681238788378232,4.3314455729765635,0.7075740481840872,6.7738469585663115,1.0,1.2,0.72,0.48,0.0,66.66666666666666,150.0,0.0,8.0,8,2,Minor
59,113.962906,22.52795,7809,high_end,0.2042148549746612,0.6762056723617625,4.0311330987135925,0.6387773258698435,6.080713397568077,0.65,0.78,0.46799999999999997,0.31200000000000006,53.84615384615383,156.41025641025647,284.6153846153845,0.0,7.402695043664334,19,2,Severe
60,113.934102,22.533732,7976,high_end,0.31383309817000393,0.6522334752984991,4.576473646444613,0.7012872775863308,6.4746575379289215,1.0,1.2,0.72,0.48,0.0,66.66666666666666,150.0,0.0,4.891698621618821,58,2,Minor
61,113.911981,22.531467,11580,commodity_housing,0.41146288892883864,0.4719200066145019,4.097309744640293,0.654769693706083,6.2237280707349365,0.82,0.9839999999999999,0.5903999999999999,0.39359999999999995,21.95121951219514,103.25203252032522,204.87804878048786,0.0,5.500353190487402,145,12,Significant
62,113.920562,22.510689,9881,high_end,0.36192955271446925,0.412775194307402,3.708423277661921,0.7517990577225121,5.939089307895637,0.82,0.9839999999999999,0.5903999999999999,0.39359999999999995,21.95121951219514,103.25203252032522,204.87804878048786,0.0,5.979381443298969,144,28,Significant
63,113.943036,22.522476,7637,commodity_housing,0.34065770104009163,0.674727396181664,4.111036927951903,0.7244023030685088,6.6575961997114526,1.0,1.2,0.72,0.48,0.0,66.66666666666666,150.0,0.0,8.0,5,25,Minor
64,113.947339,22.521867,8971,commodity_housing,0.3504411361997444,0.6183850889038023,4.543750274718216,0.7041829598134707,6.505652050485679,1.0,1.2,0.72,0.48,0.0,66.66666666666666,150.0,0.0,8.0,1,3,Minor
65,113.930503,22.523001,9238,high_end,0.3670793487745877,0.5472449906338982,4.700695472898055,0.6606655065701346,6.290681536048778,1.0,1.2,0.72,0.48,0.0,66.66666666666666,150.0,0.0,3.305308671631035,85,3,Minor
66,113.914194,22.540901,7188,high_end,0.3210634558321569,0.5506673545729942,4.437928739134149,0.7471131746462365,6.33408510322143,1.0,1.2,0.72,0.48,0.0,66.66666666666666,150.0,0.0,8.0,21,5,Minor
67,113.929525,22.536047,5593,commodity_housing,0.3388260236996549,0.5885967224548556,4.053344735745125,0.6834554014666779,6.354880680169459,1.0,1.2,0.72,0.48,0.0,66.66666666666666,150.0,0.0,7.235354573484071,65,6,Minor
68,113.933411,22.526352,5878,commodity_housing,0.3941551011402624,0.5766102876011714,3.7220138778815044,0.6198080731270132,6.189865842353682,1.0,1.2,0.72,0.48,0.0,66.66666666666666,150.0,0.0,4.382165605095541,128,11,Minor
69,113.937344,22.533373,11150,high_end,0.37954849241869504,0.6129412673689356,4.628645903133322,0.7286711599979737,6.628340965674372,1.0,1.2,0.72,0.48,0.0,66.66666666666666,150.0,0.0,5.164667393675027,36,18,Minor
70,113.947894,22.542281,5797,high_end,0.2897567502374347,0.6458796643416415,4.401682319613321,0.6276394733510946,6.239248358268598,0.65,0.78,0.46799999999999997,0.31200000000000006,53.84615384615383,156.41025641025647,284.6153846153845,0.0,6.068965517241379,32,9,Severe
71,113.935357,22.53553,4296,high_end,0.3337604158867369,0.6532958719891774,4.825571503996789,0.7630115850558179,6.66054409774479,1.0,1.2,0.72,0.48,0.0,66.66666666666666,150.0,0.0,6.454401383086012,41,1,Minor
72,113.919179,22.517452,3232,high_end,0.33707303395895827,0.5640619789098577,4.035764768493855,0.6817775801555668,6.284929209462653,1.0,1.2,0.72,0.48,0.0,66.66666666666666,150.0,0.0,4.196044711951848,121,6,Minor
73,113.934654,22.515918,5739,high_end,0.3022925359202986,0.6105841820185678,3.6496111843348835,0.7337595043108026,6.1818640616382226,1.0,1.2,0.72,0.48,0.0,66.66666666666666,150.0,0.0,3.832734468572619,68,31,Minor
74,113.929771,22.523903,4733,commodity_housing,0.3158323843525099,0.5904118388459338,4.189565338565506,0.6366139238555868,6.1967545978835386,1.0,1.2,0.72,0.48,0.0,66.66666666666666,150.0,0.0,3.3817701453104365,95,33,Minor
75,113.923645,22.526237,8966,commodity_housing,0.3564122813322095,0.5205656556087122,4.1507385111145405,0.5282094527918225,5.927069888602054,1.0,1.2,0.72,0.48,0.0,66.66666666666666,150.0,0.0,5.027214250371103,126,26,Minor
76,113.94908,22.521307,9316,commodity_housing,0.3504411361997444,0.6183850889038023,4.543750274718216,0.7041829598134707,6.505652050485679,1.0,1.2,0.72,0.48,0.0,66.66666666666666,150.0,0.0,8.0,1,3,Minor
77,113.935153,22.531212,4917,commodity_housing,0.3293701735609844,0.6245579073272899,4.81423082892191,0.7229533387817972,6.495411966564772,1.0,1.2,0.72,0.48,0.0,66.66666666666666,150.0,0.0,4.74857206854071,52,9,Minor
78,113.933052,22.53122,5219,high_end,0.3603674999449053,0.5424348877422531,3.7025263262476664,0.5784296643128852,5.908128001720911,1.0,1.2,0.72,0.48,0.0,66.66666666666666,150.0,0.0,5.043849253377577,132,10,Minor
79,113.936071,22.511357,10984,commodity_housing,0.32832608751576686,0.6225705851673086,4.09845093564251,0.7734861136277444,6.588376952721061,1.0,1.2,0.72,0.48,0.0,66.66666666666666,150.0,0.0,5.606573223779604,28,36,Minor
80,113.940731,22.527673,5560,high_end,0.2932727571600068,0.5692856474369341,4.235993222975908,0.7182982389409657,6.239628867954287,0.65,0.78,0.46799999999999997,0.31200000000000006,53.84615384615383,156.41025641025647,284.6153846153845,0.0,6.672313807258749,23,25,Severe
81,113.935071,22.505613,10546,high_end,0.23213436200898696,0.69415887017007,4.982970372450584,0.7038392234943603,6.339478708440857,0.65,0.78,0.46799999999999997,0.31200000000000006,53.84615384615383,156.41025641025647,284.6153846153845,0.0,4.193912691884055,46,35,Severe
82,113.929827,22.516451,9943,commodity_housing,0.417157888969033,0.39671141476533756,3.7734373396382344,0.6389354015340885,5.879521344162516,0.82,0.9839999999999999,0.5903999999999999,0.39359999999999995,21.95121951219514,103.25203252032522,204.87804878048786,0.0,3.8892307692307697,157,18,Significant
83,113.928262,22.536646,7018,commodity_housing,0.3316005021811848,0.512927454337105,4.059164156006886,0.6279986033502716,6.033117349086861,1.0,1.2,0.72,0.48,0.0,66.66666666666666,150.0,0.0,8.0,50,1,Minor
84,113.94925,22.545066,8408,high_end,0.30862637296629564,0.6553023713805117,4.076746254241398,0.6688025016796026,6.401740050709373,1.0,1.2,0.72,0.48,0.0,66.66666666666666,150.0,0.0,4.981271586320961,39,45,Minor
85,113.929179,22.506992,7612,high_end,0.40753334929134777,0.5673647159170315,3.425208906633201,0.5451787536988582,5.872124911710089,1.0,1.2,0.72,0.48,0.0,66.66666666666666,150.0,0.0,5.10442965343126,277,12,Minor
86,113.942742,22.535988,6719,high_end,0.25447504137831645,0.5482785054234728,4.882717616123875,0.6640225936315256,5.962166574956683,0.65,0.78,0.46799999999999997,0.31200000000000006,53.84615384615383,156.41025641025647,284.6153846153845,0.0,8.0,17,11,Severe
87,113.922723,22.51294,8779,commodity_housing,0.4649326620503874,0.44829119712417864,3.062607458763103,0.5564594549727855,5.54257455063412,0.82,0.9839999999999999,0.5903999999999999,0.39359999999999995,21.95121951219514,103.25203252032522,204.87804878048786,0.0,5.646890636168693,394,6,Significant
88,113.915843,22.511121,3984,commodity_housing,0.36192955271446925,0.412775194307402,3.708423277661921,0.7517990577225121,5.939089307895637,0.82,0.9839999999999999,0.5903999999999999,0.39359999999999995,21.95121951219514,103.25203252032522,204.87804878048786,0.0,5.979381443298969,144,28,Significant
89,113.954302,22.517191,11795,high_end,0.3504411361997444,0.6183850889038023,4.543750274718216,0.7041829598134707,6.505652050485679,1.0,1.2,0.72,0.48,0.0,66.66666666666666,150.0,0.0,8.0,1,3,Minor
90,113.931979,22.528964,6417,high_end,0.273869233075152,0.5296619291001828,3.7696627717914035,0.6522529631049605,5.806307680555461,0.65,0.78,0.46799999999999997,0.31200000000000006,53.84615384615383,156.41025641025647,284.6153846153845,0.0,5.005586592178771,167,11,Severe
91,113.926728,22.521339,7212,high_end,0.3507921178763649,0.680493766016664,4.287520858802372,0.7008767207181016,6.655364210106958,1.0,1.2,0.72,0.48,0.0,66.66666666666666,150.0,0.0,3.422050197518056,66,22,Minor
92,113.946542,22.521932,11609,high_end,0.3504411361997444,0.6183850889038023,4.543750274718216,0.7041829598134707,6.505652050485679,1.0,1.2,0.72,0.48,0.0,66.66666666666666,150.0,0.0,8.0,1,3,Minor
93,113.93518,22.544173,9320,commodity_housing,0.3137477540742282,0.625803952267437,3.8701104450974624,0.7309941997365063,6.386560570550204,1.0,1.2,0.72,0.48,0.0,66.66666666666666,150.0,0.0,8.0,38,5,Minor
95,113.933449,22.526941,5079,high_end,0.3941551011402624,0.5766102876011714,3.7220138778815044,0.6198080731270132,6.189865842353682,1.0,1.2,0.72,0.48,0.0,66.66666666666666,150.0,0.0,4.382165605095541,128,11,Minor
96,113.929537,22.547233,9645,commodity_housing,0.3152562836984271,0.6510764416725925,4.250529903401086,0.6091982377225689,6.2918564307219,1.0,1.2,0.72,0.48,0.0,66.66666666666666,150.0,0.0,6.87515945804407,39,7,Minor
97,113.933931,22.529824,9305,high_end,0.31303347718999863,0.6326254120296385,4.2457755024423465,0.7204900474580993,6.46164405656029,1.0,1.2,0.72,0.48,0.0,66.66666666666666,150.0,0.0,4.0,82,7,Minor
98,113.934589,22.527362,8954,high_end,0.3606832333711924,0.6735508637884614,4.5245815505377225,0.6251041798473687,6.516135219279469,1.0,1.2,0.72,0.48,0.0,66.66666666666666,150.0,0.0,4.456891983952766,45,26,Minor
99,113.946851,22.517873,5538,commodity_housing,0.3504411361997444,0.6183850889038023,4.543750274718216,0.7041829598134707,6.505652050485679,1.0,1.2,0.72,0.48,0.0,66.66666666666666,150.0,0.0,8.0,1,3,Minor
100,113.921203,22.512695,7242,high_end,0.5270287895755117,0.4433053887928543,3.747867952489466,0.5403351188659795,6.112437548746545,0.82,0.9839999999999999,0.5903999999999999,0.39359999999999995,21.95121951219514,103.25203252032522,204.87804878048786,0.0,5.6515705815567046,279,2,Significant
101,113.949807,22.518685,7566,high_end,0.3504411361997444,0.6183850889038023,4.543750274718216,0.7041829598134707,6.505652050485679,1.0,1.2,0.72,0.48,0.0,66.66666666666666,150.0,0.0,8.0,1,3,Minor
103,113.942448,22.529059,10368,commodity_housing,0.27597874050399096,0.6678102662169421,4.938113605947148,0.7263860216233539,6.450233930301036,0.65,0.78,0.46799999999999997,0.31200000000000006,53.84615384615383,156.41025641025647,284.6153846153845,0.0,8.0,15,9,Severe
104,113.938602,22.53472,9981,high_end,0.2574952689220939,0.7633185692285998,3.544293868236864,0.5958275665928244,6.087621030671471,0.65,0.78,0.46799999999999997,0.31200000000000006,53.84615384615383,156.41025641025647,284.6153846153845,0.0,6.320484230646703,30,8,Severe
105,113.923467,22.535811,9136,commodity_housing,0.33459610771192244,0.7209638330404338,4.652497245293841,0.6290295256932117,6.564256957123274,1.0,1.2,0.72,0.48,0.0,66.66666666666666,150.0,0.0,5.955056179775282,105,4,Minor
106,113.933694,22.527844,8941,commodity_housing,0.3830248179794547,0.5332553431622827,3.7467405519119987,0.6538391187899726,6.131603894369015,1.0,1.2,0.72,0.48,0.0,66.66666666666666,150.0,0.0,4.562118126272912,125,1,Minor
107,113.928794,22.53318,4333,commodity_housing,0.4581693654159366,0.4762555661449663,3.806126037962025,0.6398757144850691,6.22372721430663,0.82,0.9839999999999999,0.5903999999999999,0.39359999999999995,21.95121951219514,103.25203252032522,204.87804878048786,0.0,5.862966175195143,168,3,Significant
108,113.935191,22.528852,4762,commodity_housing,0.4114639036795452,0.633468153394675,3.8890965474534114,0.6684490096996755,6.585645456083055,1.0,1.2,0.72,0.48,0.0,66.66666666666666,150.0,0.0,4.118190404035163,61,19,Minor
109,113.925483,22.529554,4639,commodity_housing,0.46786794034441226,0.48458335258612206,3.725043842249459,0.5171665042180384,5.97754761234053,0.82,0.9839999999999999,0.5903999999999999,0.39359999999999995,21.95121951219514,103.25203252032522,204.87804878048786,0.0,5.6123076923076916,170,4,Significant
110,113.932405,22.520835,9667,commodity_housing,0.2931215018427901,0.6064676509229945,4.242157388221079,0.7108943572701503,6.317322347376157,0.65,0.78,0.46799999999999997,0.31200000000000006,53.84615384615383,156.41025641025647,284.6153846153845,0.0,3.9180306740559354,56,6,Severe
111,113.927336,22.526982,4150,urban_village,0.3405788491084463,0.44425627712702365,3.314611779324978,0.6540741602117952,5.512157922644601,0.82,0.9839999999999999,0.5903999999999999,0.39359999999999995,21.95121951219514,103.25203252032522,204.87804878048786,0.0,5.05091649694501,185,2,Significant
112,113.917603,22.528936,2046,commodity_housing,0.41146288892883864,0.4719200066145019,4.097309744640293,0.654769693706083,6.2237280707349365,0.82,0.9839999999999999,0.5903999999999999,0.39359999999999995,21.95121951219514,103.25203252032522,204.87804878048786,0.0,5.500353190487402,145,12,Significant
113,113.918644,22.529622,10407,urban_village,0.41146288892883864,0.4719200066145019,4.097309744640293,0.654769693706083,6.2237280707349365,0.82,0.9839999999999999,0.5903999999999999,0.39359999999999995,21.95121951219514,103.25203252032522,204.87804878048786,0.0,5.500353190487402,145,12,Significant
114,113.903961,22.528008,3182,commodity_housing,0.3920841014358002,0.4254413546787016,3.335926813559088,0.5590769498033736,5.442963849085332,0.82,0.9839999999999999,0.5903999999999999,0.39359999999999995,21.95121951219514,103.25203252032522,204.87804878048786,0.0,5.3383107792813815,142,17,Significant
115,113.908472,22.528166,9040,urban_village,0.3920841014358002,0.4254413546787016,3.335926813559088,0.5590769498033736,5.442963849085332,0.82,0.9839999999999999,0.5903999999999999,0.39359999999999995,21.95121951219514,103.25203252032522,204.87804878048786,0.0,5.3383107792813815,142,17,Significant
116,113.924562,22.523573,5641,urban_village,0.25079137843088484,0.6823323291837801,4.473286011845573,0.5764117308831569,6.111028420018418,0.65,0.78,0.46799999999999997,0.31200000000000006,53.84615384615383,156.41025641025647,284.6153846153845,0.0,4.354546463040343,45,9,Severe
117,113.925715,22.5299,3771,commodity_housing,0.32138105746301954,0.4453849866781096,4.071816532342747,0.6228727987920508,5.823351236668434,0.82,0.9839999999999999,0.5903999999999999,0.39359999999999995,21.95121951219514,103.25203252032522,204.87804878048786,0.0,5.5660974067046185,164,5,Significant
118,113.917992,22.529927,3565,urban_village,0.41146288892883864,0.4719200066145019,4.097309744640293,0.654769693706083,6.2237280707349365,0.82,0.9839999999999999,0.5903999999999999,0.39359999999999995,21.95121951219514,103.25203252032522,204.87804878048786,0.0,5.500353190487402,145,12,Significant
119,113.927383,22.529275,4228,urban_village,0.3479252950593222,0.6055810732142163,3.4270052317046398,0.6150496728873435,5.929706183803594,1.0,1.2,0.72,0.48,0.0,66.66666666666666,150.0,0.0,5.458612975391499,182,4,Minor
120,113.915219,22.527597,6867,commodity_housing,0.3920841014358002,0.4254413546787016,3.335926813559088,0.5590769498033736,5.442963849085332,0.82,0.9839999999999999,0.5903999999999999,0.39359999999999995,21.95121951219514,103.25203252032522,204.87804878048786,0.0,5.3383107792813815,142,17,Significant
121,113.918471,22.533855,2053,commodity_housing,0.41146288892883864,0.4719200066145019,4.097309744640293,0.654769693706083,6.2237280707349365,0.82,0.9839999999999999,0.5903999999999999,0.39359999999999995,21.95121951219514,103.25203252032522,204.87804878048786,0.0,5.500353190487402,145,12,Significant
122,113.917272,22.541312,4109,commodity_housing,0.31582565255014416,0.6850310074250956,4.628277703028822,0.6541101902565145,6.4682748567262,1.0,1.2,0.72,0.48,0.0,66.66666666666666,150.0,0.0,8.0,28,27,Minor
123,113.91799,22.529233,3640,commodity_housing,0.41146288892883864,0.4719200066145019,4.097309744640293,0.654769693706083,6.2237280707349365,0.82,0.9839999999999999,0.5903999999999999,0.39359999999999995,21.95121951219514,103.25203252032522,204.87804878048786,0.0,5.500353190487402,145,12,Significant
124,113.918467,22.529376,3354,urban_village,0.41146288892883864,0.4719200066145019,4.097309744640293,0.654769693706083,6.2237280707349365,0.82,0.9839999999999999,0.5903999999999999,0.39359999999999995,21.95121951219514,103.25203252032522,204.87804878048786,0.0,5.500353190487402,145,12,Significant
125,113.922229,22.532361,3991,urban_village,0.41146288892883864,0.4719200066145019,4.097309744640293,0.654769693706083,6.2237280707349365,0.82,0.9839999999999999,0.5903999999999999,0.39359999999999995,21.95121951219514,103.25203252032522,204.87804878048786,0.0,5.500353190487402,145,12,Significant
126,113.90782,22.514299,4104,urban_village,0.36192955271446925,0.412775194307402,3.708423277661921,0.7517990577225121,5.939089307895637,0.82,0.9839999999999999,0.5903999999999999,0.39359999999999995,21.95121951219514,103.25203252032522,204.87804878048786,0.0,5.979381443298969,144,28,Significant
127,113.925228,22.547999,8906,urban_village,0.2570249112125221,0.6141949718554339,4.595567811398475,0.6531402352000861,6.112842633676323,0.65,0.78,0.46799999999999997,0.31200000000000006,53.84615384615383,156.41025641025647,284.6153846153845,0.0,7.960817849646273,23,3,Severe
128,113.92431,22.530253,3690,commodity_housing,0.41146288892883864,0.4719200066145019,4.097309744640293,0.654769693706083,6.2237280707349365,0.82,0.9839999999999999,0.5903999999999999,0.39359999999999995,21.95121951219514,103.25203252032522,204.87804878048786,0.0,5.500353190487402,145,12,Significant
129,113.901382,22.525735,3435,commodity_housing,0.2455769297832933,0.5920562629698228,4.522572517832725,0.6689901913038238,6.054851829382084,0.65,0.78,0.46799999999999997,0.31200000000000006,53.84615384615383,156.41025641025647,284.6153846153845,0.0,3.7774030354131534,97,27,Severe
130,113.917432,22.52862,3440,urban_village,0.41146288892883864,0.4719200066145019,4.097309744640293,0.654769693706083,6.2237280707349365,0.82,0.9839999999999999,0.5903999999999999,0.39359999999999995,21.95121951219514,103.25203252032522,204.87804878048786,0.0,5.500353190487402,145,12,Significant
131,113.932845,22.52908,4428,commodity_housing,0.4365762028785211,0.527282977692218,3.7585535825888297,0.6737577667875421,6.324547575559211,1.0,1.2,0.72,0.48,0.0,66.66666666666666,150.0,0.0,4.554412086708999,129,6,Minor
132,113.921497,22.530023,5356,commodity_housing,0.41146288892883864,0.4719200066145019,4.097309744640293,0.654769693706083,6.2237280707349365,0.82,0.9839999999999999,0.5903999999999999,0.39359999999999995,21.95121951219514,103.25203252032522,204.87804878048786,0.0,5.500353190487402,145,12,Significant
133,113.91247,22.547632,8058,urban_village,0.3210634558321569,0.5506673545729942,4.437928739134149,0.7471131746462365,6.33408510322143,1.0,1.2,0.72,0.48,0.0,66.66666666666666,150.0,0.0,8.0,21,5,Minor
134,113.934308,22.526303,8026,urban_village,0.306002918620686,0.6798681145045411,4.432901976006876,0.6230189937913044,6.36371702970602,1.0,1.2,0.72,0.48,0.0,66.66666666666666,150.0,0.0,4.648460197559558,44,13,Minor
135,113.915294,22.517919,2984,commodity_housing,0.33707303395895827,0.5640619789098577,4.035764768493855,0.6817775801555668,6.284929209462653,1.0,1.2,0.72,0.48,0.0,66.66666666666666,150.0,0.0,4.196044711951848,121,6,Minor
136,113.915974,22.527943,8055,urban_village,0.3920841014358002,0.4254413546787016,3.335926813559088,0.5590769498033736,5.442963849085332,0.82,0.9839999999999999,0.5903999999999999,0.39359999999999995,21.95121951219514,103.25203252032522,204.87804878048786,0.0,5.3383107792813815,142,17,Significant
137,113.914271,22.521299,7109,commodity_housing,0.2455769297832933,0.5920562629698228,4.522572517832725,0.6689901913038238,6.054851829382084,0.65,0.78,0.46799999999999997,0.31200000000000006,53.84615384615383,156.41025641025647,284.6153846153845,0.0,3.7774030354131534,97,27,Severe
138,113.903399,22.533302,3389,commodity_housing,0.358940962818187,0.6318026314223785,4.566438768234773,0.6316188776785816,6.41956722236767,1.0,1.2,0.72,0.48,0.0,66.66666666666666,150.0,0.0,8.0,21,3,Minor
139,113.937095,22.524145,9131,urban_village,0.3304069266543387,0.5044098517627466,4.032528972752833,0.7655365538599537,6.28331851708979,1.0,1.2,0.72,0.48,0.0,66.66666666666666,150.0,0.0,8.0,18,33,Minor
140,113.9178,22.529921,2001,commodity_housing,0.41146288892883864,0.4719200066145019,4.097309744640293,0.654769693706083,6.2237280707349365,0.82,0.9839999999999999,0.5903999999999999,0.39359999999999995,21.95121951219514,103.25203252032522,204.87804878048786,0.0,5.500353190487402,145,12,Significant
141,113.913559,22.535522,6238,commodity_housing,0.41146288892883864,0.4719200066145019,4.097309744640293,0.654769693706083,6.2237280707349365,0.82,0.9839999999999999,0.5903999999999999,0.39359999999999995,21.95121951219514,103.25203252032522,204.87804878048786,0.0,5.500353190487402,145,12,Significant
142,113.917812,22.529331,5144,commodity_housing,0.41146288892883864,0.4719200066145019,4.097309744640293,0.654769693706083,6.2237280707349365,0.82,0.9839999999999999,0.5903999999999999,0.39359999999999995,21.95121951219514,103.25203252032522,204.87804878048786,0.0,5.500353190487402,145,12,Significant
143,113.920385,22.522923,2607,urban_village,0.2914364751275476,0.6569954079578944,4.057492519247111,0.584786578219632,6.1863711017166425,0.65,0.78,0.46799999999999997,0.31200000000000006,53.84615384615383,156.41025641025647,284.6153846153845,0.0,4.175294284498652,45,9,Severe
144,113.917793,22.528216,4134,commodity_housing,0.3920841014358002,0.4254413546787016,3.335926813559088,0.5590769498033736,5.442963849085332,0.82,0.9839999999999999,0.5903999999999999,0.39359999999999995,21.95121951219514,103.25203252032522,204.87804878048786,0.0,5.3383107792813815,142,17,Significant
145,113.901912,22.53305,2706,urban_village,0.358940962818187,0.6318026314223785,4.566438768234773,0.6316188776785816,6.41956722236767,1.0,1.2,0.72,0.48,0.0,66.66666666666666,150.0,0.0,8.0,21,3,Minor
146,113.915427,22.526443,8636,urban_village,0.3920841014358002,0.4254413546787016,3.335926813559088,0.5590769498033736,5.442963849085332,0.82,0.9839999999999999,0.5903999999999999,0.39359999999999995,21.95121951219514,103.25203252032522,204.87804878048786,0.0,5.3383107792813815,142,17,Significant
147,113.901921,22.539386,9075,urban_village,0.358940962818187,0.6318026314223785,4.566438768234773,0.6316188776785816,6.41956722236767,1.0,1.2,0.72,0.48,0.0,66.66666666666666,150.0,0.0,8.0,21,3,Minor
148,113.907436,22.53814,3794,urban_village,0.3210634558321569,0.5506673545729942,4.437928739134149,0.7471131746462365,6.33408510322143,1.0,1.2,0.72,0.48,0.0,66.66666666666666,150.0,0.0,8.0,21,5,Minor
149,113.919522,22.547004,5052,commodity_housing,0.2570249112125221,0.6141949718554339,4.595567811398475,0.6531402352000861,6.112842633676323,0.65,0.78,0.46799999999999997,0.31200000000000006,53.84615384615383,156.41025641025647,284.6153846153845,0.0,7.960817849646273,23,3,Severe
150,113.914999,22.528016,10619,urban_village,0.3920841014358002,0.4254413546787016,3.335926813559088,0.5590769498033736,5.442963849085332,0.82,0.9839999999999999,0.5903999999999999,0.39359999999999995,21.95121951219514,103.25203252032522,204.87804878048786,0.0,5.3383107792813815,142,17,Significant
151,113.91842,22.535146,6957,commodity_housing,0.41146288892883864,0.4719200066145019,4.097309744640293,0.654769693706083,6.2237280707349365,0.82,0.9839999999999999,0.5903999999999999,0.39359999999999995,21.95121951219514,103.25203252032522,204.87804878048786,0.0,5.500353190487402,145,12,Significant
152,113.917874,22.537903,5192,commodity_housing,0.33459610771192244,0.7209638330404338,4.652497245293841,0.6290295256932117,6.564256957123274,1.0,1.2,0.72,0.48,0.0,66.66666666666666,150.0,0.0,5.955056179775282,105,4,Minor
153,113.922413,22.517902,4339,urban_village,0.33707303395895827,0.5640619789098577,4.035764768493855,0.6817775801555668,6.284929209462653,1.0,1.2,0.72,0.48,0.0,66.66666666666666,150.0,0.0,4.196044711951848,121,6,Minor
154,113.925161,22.536906,7578,urban_village,0.3316005021811848,0.512927454337105,4.059164156006886,0.6279986033502716,6.033117349086861,1.0,1.2,0.72,0.48,0.0,66.66666666666666,150.0,0.0,8.0,50,1,Minor
155,113.925067,22.530775,9038,urban_village,0.41146288892883864,0.4719200066145019,4.097309744640293,0.654769693706083,6.2237280707349365,0.82,0.9839999999999999,0.5903999999999999,0.39359999999999995,21.95121951219514,103.25203252032522,204.87804878048786,0.0,5.500353190487402,145,12,Significant
156,113.916753,22.525738,9575,urban_village,0.3920841014358002,0.4254413546787016,3.335926813559088,0.5590769498033736,5.442963849085332,0.82,0.9839999999999999,0.5903999999999999,0.39359999999999995,21.95121951219514,103.25203252032522,204.87804878048786,0.0,5.3383107792813815,142,17,Significant
157,113.917515,22.544548,8657,urban_village,0.2570249112125221,0.6141949718554339,4.595567811398475,0.6531402352000861,6.112842633676323,0.65,0.78,0.46799999999999997,0.31200000000000006,53.84615384615383,156.41025641025647,284.6153846153845,0.0,7.960817849646273,23,3,Severe
158,113.923701,22.51061,5524,urban_village,0.5449833486495776,0.3781900880272046,3.4159048059790718,0.6012794756484172,5.9179247210504995,0.82,0.9839999999999999,0.5903999999999999,0.39359999999999995,21.95121951219514,103.25203252032522,204.87804878048786,0.0,5.8637922586967175,373,4,Significant
159,113.902028,22.540577,9514,urban_village,0.358940962818187,0.6318026314223785,4.566438768234773,0.6316188776785816,6.41956722236767,1.0,1.2,0.72,0.48,0.0,66.66666666666666,150.0,0.0,8.0,21,3,Minor
160,113.923023,22.525156,7850,urban_village,0.3349633133518518,0.6365650022411382,4.149589842414366,0.7420554416652172,6.5804133289888345,1.0,1.2,0.72,0.48,0.0,66.66666666666666,150.0,0.0,4.182778715756222,71,1,Minor
161,113.908441,22.522109,11327,urban_village,0.2455769297832933,0.5920562629698228,4.522572517832725,0.6689901913038238,6.054851829382084,0.65,0.78,0.46799999999999997,0.31200000000000006,53.84615384615383,156.41025641025647,284.6153846153845,0.0,3.7774030354131534,97,27,Severe
162,113.909864,22.5319,4863,commodity_housing,0.41146288892883864,0.4719200066145019,4.097309744640293,0.654769693706083,6.2237280707349365,0.82,0.9839999999999999,0.5903999999999999,0.39359999999999995,21.95121951219514,103.25203252032522,204.87804878048786,0.0,5.500353190487402,145,12,Significant
163,113.924869,22.53933,11535,urban_village,0.3158482112308039,0.6796627400134172,4.484322660827696,0.6710019096475799,6.488705303021115,1.0,1.2,0.72,0.48,0.0,66.66666666666666,150.0,0.0,8.0,32,2,Minor
164,113.900105,22.538303,7643,urban_village,0.358940962818187,0.6318026314223785,4.566438768234773,0.6316188776785816,6.41956722236767,1.0,1.2,0.72,0.48,0.0,66.66666666666666,150.0,0.0,8.0,21,3,Minor
165,113.926591,22.53636,3692,commodity_housing,0.3316005021811848,0.512927454337105,4.059164156006886,0.6279986033502716,6.033117349086861,1.0,1.2,0.72,0.48,0.0,66.66666666666666,150.0,0.0,8.0,50,1,Minor
166,113.916734,22.524137,4137,commodity_housing,0.2914364751275476,0.6569954079578944,4.057492519247111,0.584786578219632,6.1863711017166425,0.65,0.78,0.46799999999999997,0.31200000000000006,53.84615384615383,156.41025641025647,284.6153846153845,0.0,4.175294284498652,45,9,Severe
167,113.902596,22.527544,7047,commodity_housing,0.2455769297832933,0.5920562629698228,4.522572517832725,0.6689901913038238,6.054851829382084,0.65,0.78,0.46799999999999997,0.31200000000000006,53.84615384615383,156.41025641025647,284.6153846153845,0.0,3.7774030354131534,97,27,Severe
168,113.931414,22.533753,8684,urban_village,0.3654710903110246,0.689574184972519,4.4243231976909625,0.6678474176258449,6.65604356861606,1.0,1.2,0.72,0.48,0.0,66.66666666666666,150.0,0.0,5.878594249201278,91,5,Minor
169,113.911068,22.524193,3472,urban_village,0.2455769297832933,0.5920562629698228,4.522572517832725,0.6689901913038238,6.054851829382084,0.65,0.78,0.46799999999999997,0.31200000000000006,53.84615384615383,156.41025641025647,284.6153846153845,0.0,3.7774030354131534,97,27,Severe
170,113.916959,22.528174,5040,commodity_housing,0.3920841014358002,0.4254413546787016,3.335926813559088,0.5590769498033736,5.442963849085332,0.82,0.9839999999999999,0.5903999999999999,0.39359999999999995,21.95121951219514,103.25203252032522,204.87804878048786,0.0,5.3383107792813815,142,17,Significant
171,113.918437,22.53206,3546,commodity_housing,0.41146288892883864,0.4719200066145019,4.097309744640293,0.654769693706083,6.2237280707349365,0.82,0.9839999999999999,0.5903999999999999,0.39359999999999995,21.95121951219514,103.25203252032522,204.87804878048786,0.0,5.500353190487402,145,12,Significant
172,113.915983,22.542979,5906,commodity_housing,0.31582565255014416,0.6850310074250956,4.628277703028822,0.6541101902565145,6.4682748567262,1.0,1.2,0.72,0.48,0.0,66.66666666666666,150.0,0.0,8.0,28,27,Minor
173,113.919585,22.531654,7101,commodity_housing,0.41146288892883864,0.4719200066145019,4.097309744640293,0.654769693706083,6.2237280707349365,0.82,0.9839999999999999,0.5903999999999999,0.39359999999999995,21.95121951219514,103.25203252032522,204.87804878048786,0.0,5.500353190487402,145,12,Significant
174,113.912932,22.535608,3107,urban_village,0.41146288892883864,0.4719200066145019,4.097309744640293,0.654769693706083,6.2237280707349365,0.82,0.9839999999999999,0.5903999999999999,0.39359999999999995,21.95121951219514,103.25203252032522,204.87804878048786,0.0,5.500353190487402,145,12,Significant
175,113.928443,22.520203,2341,commodity_housing,0.2478802547246607,0.6377968578414831,4.252180274341091,0.6286415720678176,6.0954160529133254,0.65,0.78,0.46799999999999997,0.31200000000000006,53.84615384615383,156.41025641025647,284.6153846153845,0.0,3.005038937242327,81,64,Severe
176,113.916759,22.519841,2661,commodity_housing,0.2455769297832933,0.5920562629698228,4.522572517832725,0.6689901913038238,6.054851829382084,0.65,0.78,0.46799999999999997,0.31200000000000006,53.84615384615383,156.41025641025647,284.6153846153845,0.0,3.7774030354131534,97,27,Severe
177,113.915927,22.529525,9846,urban_village,0.41146288892883864,0.4719200066145019,4.097309744640293,0.654769693706083,6.2237280707349365,0.82,0.9839999999999999,0.5903999999999999,0.39359999999999995,21.95121951219514,103.25203252032522,204.87804878048786,0.0,5.500353190487402,145,12,Significant
178,113.924264,22.520402,6551,commodity_housing,0.3679445563556521,0.6124988833881889,3.9859406794629635,0.6758358606271996,6.477965523456179,1.0,1.2,0.72,0.48,0.0,66.66666666666666,150.0,0.0,3.6572772061014485,69,27,Minor
179,113.921696,22.53337,4896,urban_village,0.41146288892883864,0.4719200066145019,4.097309744640293,0.654769693706083,6.2237280707349365,0.82,0.9839999999999999,0.5903999999999999,0.39359999999999995,21.95121951219514,103.25203252032522,204.87804878048786,0.0,5.500353190487402,145,12,Significant
180,113.896176,22.530416,10835,urban_village,0.358940962818187,0.6318026314223785,4.566438768234773,0.6316188776785816,6.41956722236767,1.0,1.2,0.72,0.48,0.0,66.66666666666666,150.0,0.0,8.0,21,3,Minor
181,113.931754,22.516751,2072,commodity_housing,0.2982960067486447,0.5896336156459001,4.69110529615629,0.7358482135312105,6.340668486423105,0.65,0.78,0.46799999999999997,0.31200000000000006,53.84615384615383,156.41025641025647,284.6153846153845,0.0,3.7099934683213593,70,18,Severe
182,113.899603,22.52091,2792,commodity_housing,0.40367251132856213,0.5284527781173762,3.6758268761440522,0.5836355370704709,5.996812351010101,1.0,1.2,0.72,0.48,0.0,66.66666666666666,150.0,0.0,5.682792406613594,173,2,Minor
183,113.932643,22.519115,3048,commodity_housing,0.2931215018427901,0.6064676509229945,4.242157388221079,0.7108943572701503,6.317322347376157,0.65,0.78,0.46799999999999997,0.31200000000000006,53.84615384615383,156.41025641025647,284.6153846153845,0.0,3.9180306740559354,56,6,Severe
184,113.918192,22.531749,6223,commodity_housing,0.41146288892883864,0.4719200066145019,4.097309744640293,0.654769693706083,6.2237280707349365,0.82,0.9839999999999999,0.5903999999999999,0.39359999999999995,21.95121951219514,103.25203252032522,204.87804878048786,0.0,5.500353190487402,145,12,Significant
185,113.918004,22.529994,9010,urban_village,0.41146288892883864,0.4719200066145019,4.097309744640293,0.654769693706083,6.2237280707349365,0.82,0.9839999999999999,0.5903999999999999,0.39359999999999995,21.95121951219514,103.25203252032522,204.87804878048786,0.0,5.500353190487402,145,12,Significant
186,113.932294,22.53543,7478,urban_village,0.3472658579203241,0.6052418267588566,4.004420385315581,0.6526830559039898,6.360268252466094,1.0,1.2,0.72,0.48,0.0,66.66666666666666,150.0,0.0,6.0089748015188125,67,6,Minor
187,113.917513,22.528719,4148,commodity_housing,0.41146288892883864,0.4719200066145019,4.097309744640293,0.654769693706083,6.2237280707349365,0.82,0.9839999999999999,0.5903999999999999,0.39359999999999995,21.95121951219514,103.25203252032522,204.87804878048786,0.0,5.500353190487402,145,12,Significant
188,113.915429,22.531288,7693,commodity_housing,0.41146288892883864,0.4719200066145019,4.097309744640293,0.654769693706083,6.2237280707349365,0.82,0.9839999999999999,0.5903999999999999,0.39359999999999995,21.95121951219514,103.25203252032522,204.87804878048786,0.0,5.500353190487402,145,12,Significant
189,113.923328,22.528768,4708,commodity_housing,0.41146288892883864,0.4719200066145019,4.097309744640293,0.654769693706083,6.2237280707349365,0.82,0.9839999999999999,0.5903999999999999,0.39359999999999995,21.95121951219514,103.25203252032522,204.87804878048786,0.0,5.500353190487402,145,12,Significant
190,113.923291,22.530404,4785,urban_village,0.41146288892883864,0.4719200066145019,4.097309744640293,0.654769693706083,6.2237280707349365,0.82,0.9839999999999999,0.5903999999999999,0.39359999999999995,21.95121951219514,103.25203252032522,204.87804878048786,0.0,5.500353190487402,145,12,Significant
191,113.912148,22.530024,7119,urban_village,0.41146288892883864,0.4719200066145019,4.097309744640293,0.654769693706083,6.2237280707349365,0.82,0.9839999999999999,0.5903999999999999,0.39359999999999995,21.95121951219514,103.25203252032522,204.87804878048786,0.0,5.500353190487402,145,12,Significant
192,113.920819,22.529204,2016,commodity_housing,0.41146288892883864,0.4719200066145019,4.097309744640293,0.654769693706083,6.2237280707349365,0.82,0.9839999999999999,0.5903999999999999,0.39359999999999995,21.95121951219514,103.25203252032522,204.87804878048786,0.0,5.500353190487402,145,12,Significant
193,113.918457,22.529289,6854,commodity_housing,0.41146288892883864,0.4719200066145019,4.097309744640293,0.654769693706083,6.2237280707349365,0.82,0.9839999999999999,0.5903999999999999,0.39359999999999995,21.95121951219514,103.25203252032522,204.87804878048786,0.0,5.500353190487402,145,12,Significant
194,113.899513,22.535927,9483,urban_village,0.358940962818187,0.6318026314223785,4.566438768234773,0.6316188776785816,6.41956722236767,1.0,1.2,0.72,0.48,0.0,66.66666666666666,150.0,0.0,8.0,21,3,Minor
195,113.91941,22.530686,6327,commodity_housing,0.41146288892883864,0.4719200066145019,4.097309744640293,0.654769693706083,6.2237280707349365,0.82,0.9839999999999999,0.5903999999999999,0.39359999999999995,21.95121951219514,103.25203252032522,204.87804878048786,0.0,5.500353190487402,145,12,Significant
196,113.919647,22.522369,7380,commodity_housing,0.3171252335965858,0.5323594169678896,3.830993723664595,0.6675615512262693,6.011768422952391,1.0,1.2,0.72,0.48,0.0,66.66666666666666,150.0,0.0,4.105151007805875,58,28,Minor
197,113.927831,22.535617,4776,urban_village,0.3316005021811848,0.512927454337105,4.059164156006886,0.6279986033502716,6.033117349086861,1.0,1.2,0.72,0.48,0.0,66.66666666666666,150.0,0.0,8.0,50,1,Minor
198,113.928188,22.527372,10961,urban_village,0.4366239391815864,0.5094187690990702,3.3403341464964535,0.5763063160237748,5.823740213900268,1.0,1.2,0.72,0.48,0.0,66.66666666666666,150.0,0.0,4.803695150115473,194,1,Minor
199,113.92805,22.524499,6878,commodity_housing,0.39449814098264796,0.46334824134167396,3.2256297638881026,0.5768058606992641,5.511495350130722,0.82,0.9839999999999999,0.5903999999999999,0.39359999999999995,21.95121951219514,103.25203252032522,204.87804878048786,0.0,3.8425832492431886,118,23,Significant
200,113.905481,22.535011,6083,commodity_housing,0.3210634558321569,0.5506673545729942,4.437928739134149,0.7471131746462365,6.33408510322143,1.0,1.2,0.72,0.48,0.0,66.66666666666666,150.0,0.0,8.0,21,5,Minor
201,113.920767,22.4872,8665,high_end,0.397302198388405,0.4830645705047652,3.6465799507271663,0.6552993731783344,5.989279236988276,0.82,0.9839999999999999,0.5903999999999999,0.39359999999999995,21.95121951219514,103.25203252032522,204.87804878048786,0.0,6.459117345193295,117,20,Significant
202,113.904135,22.481268,5037,commodity_housing,0.3414851451182009,0.6050965348841708,4.259885858158867,0.640233715426925,6.317664203418879,1.0,1.2,0.72,0.48,0.0,66.66666666666666,150.0,0.0,6.41399416909621,109,4,Minor
203,113.900243,22.488274,2876,commodity_housing,0.3239843995104202,0.5661809935723082,4.707347670521829,0.7036278549627453,6.294661392387521,1.0,1.2,0.72,0.48,0.0,66.66666666666666,150.0,0.0,6.4,99,2,Minor
204,113.915129,22.476634,7779,commodity_housing,0.397302198388405,0.4830645705047652,3.6465799507271663,0.6552993731783344,5.989279236988276,0.82,0.9839999999999999,0.5903999999999999,0.39359999999999995,21.95121951219514,103.25203252032522,204.87804878048786,0.0,6.459117345193295,117,20,Significant
205,113.906476,22.487872,2928,high_end,0.3414851451182009,0.6050965348841708,4.259885858158867,0.640233715426925,6.317664203418879,1.0,1.2,0.72,0.48,0.0,66.66666666666666,150.0,0.0,6.41399416909621,109,4,Minor
206,113.90692,22.474455,4149,high_end,0.397302198388405,0.4830645705047652,3.6465799507271663,0.6552993731783344,5.989279236988276,0.82,0.9839999999999999,0.5903999999999999,0.39359999999999995,21.95121951219514,103.25203252032522,204.87804878048786,0.0,6.459117345193295,117,20,Significant
207,113.904924,22.471066,9178,urban_village,0.397302198388405,0.4830645705047652,3.6465799507271663,0.6552993731783344,5.989279236988276,0.82,0.9839999999999999,0.5903999999999999,0.39359999999999995,21.95121951219514,103.25203252032522,204.87804878048786,0.0,6.459117345193295,117,20,Significant
208,113.895989,22.494499,12444,urban_village,0.3239843995104202,0.5661809935723082,4.707347670521829,0.7036278549627453,6.294661392387521,1.0,1.2,0.72,0.48,0.0,66.66666666666666,150.0,0.0,6.4,99,2,Minor
209,113.912976,22.478941,8443,urban_village,0.397302198388405,0.4830645705047652,3.6465799507271663,0.6552993731783344,5.989279236988276,0.82,0.9839999999999999,0.5903999999999999,0.39359999999999995,21.95121951219514,103.25203252032522,204.87804878048786,0.0,6.459117345193295,117,20,Significant
210,113.897035,22.502307,14493,urban_village,0.3239843995104202,0.5661809935723082,4.707347670521829,0.7036278549627453,6.294661392387521,1.0,1.2,0.72,0.48,0.0,66.66666666666666,150.0,0.0,6.4,99,2,Minor
211,113.894739,22.486813,2669,high_end,0.3239843995104202,0.5661809935723082,4.707347670521829,0.7036278549627453,6.294661392387521,1.0,1.2,0.72,0.48,0.0,66.66666666666666,150.0,0.0,6.4,99,2,Minor
212,113.918666,22.481446,2783,commodity_housing,0.397302198388405,0.4830645705047652,3.6465799507271663,0.6552993731783344,5.989279236988276,0.82,0.9839999999999999,0.5903999999999999,0.39359999999999995,21.95121951219514,103.25203252032522,204.87804878048786,0.0,6.459117345193295,117,20,Significant
213,113.902506,22.464289,3597,commodity_housing,0.397302198388405,0.4830645705047652,3.6465799507271663,0.6552993731783344,5.989279236988276,0.82,0.9839999999999999,0.5903999999999999,0.39359999999999995,21.95121951219514,103.25203252032522,204.87804878048786,0.0,6.459117345193295,117,20,Significant
214,113.89658,22.487154,2949,commodity_housing,0.3239843995104202,0.5661809935723082,4.707347670521829,0.7036278549627453,6.294661392387521,1.0,1.2,0.72,0.48,0.0,66.66666666666666,150.0,0.0,6.4,99,2,Minor
215,113.882483,22.497282,8962,high_end,0.3239843995104202,0.5661809935723082,4.707347670521829,0.7036278549627453,6.294661392387521,1.0,1.2,0.72,0.48,0.0,66.66666666666666,150.0,0.0,6.4,99,2,Minor
216,113.904509,22.491244,9210,commodity_housing,0.3239843995104202,0.5661809935723082,4.707347670521829,0.7036278549627453,6.294661392387521,1.0,1.2,0.72,0.48,0.0,66.66666666666666,150.0,0.0,6.4,99,2,Minor
217,113.902686,22.494409,2705,urban_village,0.3239843995104202,0.5661809935723082,4.707347670521829,0.7036278549627453,6.294661392387521,1.0,1.2,0.72,0.48,0.0,66.66666666666666,150.0,0.0,6.4,99,2,Minor
218,113.903162,22.488066,3797,high_end,0.3239843995104202,0.5661809935723082,4.707347670521829,0.7036278549627453,6.294661392387521,1.0,1.2,0.72,0.48,0.0,66.66666666666666,150.0,0.0,6.4,99,2,Minor
219,113.909068,22.491059,8142,urban_village,0.3414851451182009,0.6050965348841708,4.259885858158867,0.640233715426925,6.317664203418879,1.0,1.2,0.72,0.48,0.0,66.66666666666666,150.0,0.0,6.41399416909621,109,4,Minor
220,113.907594,22.487536,3553,urban_village,0.3414851451182009,0.6050965348841708,4.259885858158867,0.640233715426925,6.317664203418879,1.0,1.2,0.72,0.48,0.0,66.66666666666666,150.0,0.0,6.41399416909621,109,4,Minor
221,113.90685,22.490484,4862,urban_village,0.3239843995104202,0.5661809935723082,4.707347670521829,0.7036278549627453,6.294661392387521,1.0,1.2,0.72,0.48,0.0,66.66666666666666,150.0,0.0,6.4,99,2,Minor
222,113.907554,22.474747,3017,high_end,0.397302198388405,0.4830645705047652,3.6465799507271663,0.6552993731783344,5.989279236988276,0.82,0.9839999999999999,0.5903999999999999,0.39359999999999995,21.95121951219514,103.25203252032522,204.87804878048786,0.0,6.459117345193295,117,20,Significant
223,113.913829,22.474467,5250,high_end,0.397302198388405,0.4830645705047652,3.6465799507271663,0.6552993731783344,5.989279236988276,0.82,0.9839999999999999,0.5903999999999999,0.39359999999999995,21.95121951219514,103.25203252032522,204.87804878048786,0.0,6.459117345193295,117,20,Significant
224,113.902743,22.488329,12600,urban_village,0.3239843995104202,0.5661809935723082,4.707347670521829,0.7036278549627453,6.294661392387521,1.0,1.2,0.72,0.48,0.0,66.66666666666666,150.0,0.0,6.4,99,2,Minor
225,113.910138,22.50907,9048,high_end,0.3239843995104202,0.5661809935723082,4.707347670521829,0.7036278549627453,6.294661392387521,1.0,1.2,0.72,0.48,0.0,66.66666666666666,150.0,0.0,6.4,99,2,Minor
226,113.911132,22.492791,3077,commodity_housing,0.3414851451182009,0.6050965348841708,4.259885858158867,0.640233715426925,6.317664203418879,1.0,1.2,0.72,0.48,0.0,66.66666666666666,150.0,0.0,6.41399416909621,109,4,Minor
227,113.88983,22.501236,1807,urban_village,0.3239843995104202,0.5661809935723082,4.707347670521829,0.7036278549627453,6.294661392387521,1.0,1.2,0.72,0.48,0.0,66.66666666666666,150.0,0.0,6.4,99,2,Minor
228,113.911484,22.509138,8471,high_end,0.3239843995104202,0.5661809935723082,4.707347670521829,0.7036278549627453,6.294661392387521,1.0,1.2,0.72,0.48,0.0,66.66666666666666,150.0,0.0,6.4,99,2,Minor
229,113.909753,22.48415,8667,high_end,0.397302198388405,0.4830645705047652,3.6465799507271663,0.6552993731783344,5.989279236988276,0.82,0.9839999999999999,0.5903999999999999,0.39359999999999995,21.95121951219514,103.25203252032522,204.87804878048786,0.0,6.459117345193295,117,20,Significant
230,113.911273,22.464925,4391,urban_village,0.397302198388405,0.4830645705047652,3.6465799507271663,0.6552993731783344,5.989279236988276,0.82,0.9839999999999999,0.5903999999999999,0.39359999999999995,21.95121951219514,103.25203252032522,204.87804878048786,0.0,6.459117345193295,117,20,Significant
231,113.917025,22.500611,9504,high_end,0.3414851451182009,0.6050965348841708,4.259885858158867,0.640233715426925,6.317664203418879,1.0,1.2,0.72,0.48,0.0,66.66666666666666,150.0,0.0,6.41399416909621,109,4,Minor
232,113.920058,22.49675,1764,commodity_housing,0.397302198388405,0.4830645705047652,3.6465799507271663,0.6552993731783344,5.989279236988276,0.82,0.9839999999999999,0.5903999999999999,0.39359999999999995,21.95121951219514,103.25203252032522,204.87804878048786,0.0,6.459117345193295,117,20,Significant
233,113.883795,22.491701,2087,commodity_housing,0.3239843995104202,0.5661809935723082,4.707347670521829,0.7036278549627453,6.294661392387521,1.0,1.2,0.72,0.48,0.0,66.66666666666666,150.0,0.0,6.4,99,2,Minor
234,113.901972,22.477695,7950,high_end,0.3414851451182009,0.6050965348841708,4.259885858158867,0.640233715426925,6.317664203418879,1.0,1.2,0.72,0.48,0.0,66.66666666666666,150.0,0.0,6.41399416909621,109,4,Minor
235,113.911294,22.468208,7849,urban_village,0.397302198388405,0.4830645705047652,3.6465799507271663,0.6552993731783344,5.989279236988276,0.82,0.9839999999999999,0.5903999999999999,0.39359999999999995,21.95121951219514,103.25203252032522,204.87804878048786,0.0,6.459117345193295,117,20,Significant
236,113.90699,22.508711,10631,urban_village,0.3239843995104202,0.5661809935723082,4.707347670521829,0.7036278549627453,6.294661392387521,1.0,1.2,0.72,0.48,0.0,66.66666666666666,150.0,0.0,6.4,99,2,Minor
237,113.898571,22.5034,1892,high_end,0.3239843995104202,0.5661809935723082,4.707347670521829,0.7036278549627453,6.294661392387521,1.0,1.2,0.72,0.48,0.0,66.66666666666666,150.0,0.0,6.4,99,2,Minor
238,113.897307,22.475691,3177,urban_village,0.3414851451182009,0.6050965348841708,4.259885858158867,0.640233715426925,6.317664203418879,1.0,1.2,0.72,0.48,0.0,66.66666666666666,150.0,0.0,6.41399416909621,109,4,Minor
239,113.906739,22.487598,3467,commodity_housing,0.3414851451182009,0.6050965348841708,4.259885858158867,0.640233715426925,6.317664203418879,1.0,1.2,0.72,0.48,0.0,66.66666666666666,150.0,0.0,6.41399416909621,109,4,Minor
240,113.927916,22.490717,12802,urban_village,0.5270145171897487,0.5040359067797339,2.7721801268245705,0.4997760320672728,5.573297961918483,1.0,1.2,0.72,0.48,0.0,66.66666666666666,150.0,0.0,5.588132227543512,298,0,Minor
241,113.909985,22.490741,3262,commodity_housing,0.3414851451182009,0.6050965348841708,4.259885858158867,0.640233715426925,6.317664203418879,1.0,1.2,0.72,0.48,0.0,66.66666666666666,150.0,0.0,6.41399416909621,109,4,Minor
242,113.919725,22.472712,9289,commodity_housing,0.397302198388405,0.4830645705047652,3.6465799507271663,0.6552993731783344,5.989279236988276,0.82,0.9839999999999999,0.5903999999999999,0.39359999999999995,21.95121951219514,103.25203252032522,204.87804878048786,0.0,6.459117345193295,117,20,Significant
243,113.90424,22.487167,3292,urban_village,0.3239843995104202,0.5661809935723082,4.707347670521829,0.7036278549627453,6.294661392387521,1.0,1.2,0.72,0.48,0.0,66.66666666666666,150.0,0.0,6.4,99,2,Minor
244,113.925259,22.492423,2227,high_end,0.35354068810981276,0.44410088809107395,3.2071622789306407,0.515234153432596,5.205819015753965,0.82,0.9839999999999999,0.5903999999999999,0.39359999999999995,21.95121951219514,103.25203252032522,204.87804878048786,0.0,5.646621778500116,303,3,Significant
245,113.886264,22.495729,1905,commodity_housing,0.3239843995104202,0.5661809935723082,4.707347670521829,0.7036278549627453,6.294661392387521,1.0,1.2,0.72,0.48,0.0,66.66666666666666,150.0,0.0,6.4,99,2,Minor
246,113.90501,22.500769,1693,high_end,0.3239843995104202,0.5661809935723082,4.707347670521829,0.7036278549627453,6.294661392387521,1.0,1.2,0.72,0.48,0.0,66.66666666666666,150.0,0.0,6.4,99,2,Minor
247,113.918633,22.491734,9416,urban_village,0.397302198388405,0.4830645705047652,3.6465799507271663,0.6552993731783344,5.989279236988276,0.82,0.9839999999999999,0.5903999999999999,0.39359999999999995,21.95121951219514,103.25203252032522,204.87804878048786,0.0,6.459117345193295,117,20,Significant
248,113.907447,22.500446,2825,high_end,0.3239843995104202,0.5661809935723082,4.707347670521829,0.7036278549627453,6.294661392387521,1.0,1.2,0.72,0.48,0.0,66.66666666666666,150.0,0.0,6.4,99,2,Minor
249,113.893334,22.490536,7876,high_end,0.3239843995104202,0.5661809935723082,4.707347670521829,0.7036278549627453,6.294661392387521,1.0,1.2,0.72,0.48,0.0,66.66666666666666,150.0,0.0,6.4,99,2,Minor
250,113.914466,22.478154,6292,urban_village,0.397302198388405,0.4830645705047652,3.6465799507271663,0.6552993731783344,5.989279236988276,0.82,0.9839999999999999,0.5903999999999999,0.39359999999999995,21.95121951219514,103.25203252032522,204.87804878048786,0.0,6.459117345193295,117,20,Significant
251,113.88995,22.499642,4811,commodity_housing,0.3239843995104202,0.5661809935723082,4.707347670521829,0.7036278549627453,6.294661392387521,1.0,1.2,0.72,0.48,0.0,66.66666666666666,150.0,0.0,6.4,99,2,Minor
252,113.904034,22.48796,4552,high_end,0.3239843995104202,0.5661809935723082,4.707347670521829,0.7036278549627453,6.294661392387521,1.0,1.2,0.72,0.48,0.0,66.66666666666666,150.0,0.0,6.4,99,2,Minor
253,113.893846,22.470759,2435,high_end,0.3414851451182009,0.6050965348841708,4.259885858158867,0.640233715426925,6.317664203418879,1.0,1.2,0.72,0.48,0.0,66.66666666666666,150.0,0.0,6.41399416909621,109,4,Minor
254,113.890219,22.496424,3997,high_end,0.3239843995104202,0.5661809935723082,4.707347670521829,0.7036278549627453,6.294661392387521,1.0,1.2,0.72,0.48,0.0,66.66666666666666,150.0,0.0,6.4,99,2,Minor
255,113.906882,22.490565,13577,urban_village,0.3239843995104202,0.5661809935723082,4.707347670521829,0.7036278549627453,6.294661392387521,1.0,1.2,0.72,0.48,0.0,66.66666666666666,150.0,0.0,6.4,99,2,Minor
256,113.900607,22.499667,3498,commodity_housing,0.3239843995104202,0.5661809935723082,4.707347670521829,0.7036278549627453,6.294661392387521,1.0,1.2,0.72,0.48,0.0,66.66666666666666,150.0,0.0,6.4,99,2,Minor
257,113.904686,22.486461,4158,commodity_housing,0.3414851451182009,0.6050965348841708,4.259885858158867,0.640233715426925,6.317664203418879,1.0,1.2,0.72,0.48,0.0,66.66666666666666,150.0,0.0,6.41399416909621,109,4,Minor
258,113.910154,22.468382,6960,urban_village,0.397302198388405,0.4830645705047652,3.6465799507271663,0.6552993731783344,5.989279236988276,0.82,0.9839999999999999,0.5903999999999999,0.39359999999999995,21.95121951219514,103.25203252032522,204.87804878048786,0.0,6.459117345193295,117,20,Significant
259,113.899259,22.471456,1806,urban_village,0.3414851451182009,0.6050965348841708,4.259885858158867,0.640233715426925,6.317664203418879,1.0,1.2,0.72,0.48,0.0,66.66666666666666,150.0,0.0,6.41399416909621,109,4,Minor
260,113.903878,22.488116,13538,urban_village,0.3239843995104202,0.5661809935723082,4.707347670521829,0.7036278549627453,6.294661392387521,1.0,1.2,0.72,0.48,0.0,66.66666666666666,150.0,0.0,6.4,99,2,Minor
261,113.908949,22.5122,6152,commodity_housing,0.3239843995104202,0.5661809935723082,4.707347670521829,0.7036278549627453,6.294661392387521,1.0,1.2,0.72,0.48,0.0,66.66666666666666,150.0,0.0,6.4,99,2,Minor
262,113.922702,22.490764,6140,urban_village,0.4022277394342424,0.5224912210360266,3.452960831813531,0.5176941169771995,5.706400024730649,1.0,1.2,0.72,0.48,0.0,66.66666666666666,150.0,0.0,6.21280887544125,230,2,Minor
263,113.915517,22.478276,5307,commodity_housing,0.397302198388405,0.4830645705047652,3.6465799507271663,0.6552993731783344,5.989279236988276,0.82,0.9839999999999999,0.5903999999999999,0.39359999999999995,21.95121951219514,103.25203252032522,204.87804878048786,0.0,6.459117345193295,117,20,Significant
264,113.885603,22.483066,12382,urban_village,0.3239843995104202,0.5661809935723082,4.707347670521829,0.7036278549627453,6.294661392387521,1.0,1.2,0.72,0.48,0.0,66.66666666666666,150.0,0.0,6.4,99,2,Minor
265,113.900293,22.493648,3427,urban_village,0.3239843995104202,0.5661809935723082,4.707347670521829,0.7036278549627453,6.294661392387521,1.0,1.2,0.72,0.48,0.0,66.66666666666666,150.0,0.0,6.4,99,2,Minor
266,113.907711,22.470015,3651,high_end,0.397302198388405,0.4830645705047652,3.6465799507271663,0.6552993731783344,5.989279236988276,0.82,0.9839999999999999,0.5903999999999999,0.39359999999999995,21.95121951219514,103.25203252032522,204.87804878048786,0.0,6.459117345193295,117,20,Significant
267,113.915525,22.490917,3208,high_end,0.397302198388405,0.4830645705047652,3.6465799507271663,0.6552993731783344,5.989279236988276,0.82,0.9839999999999999,0.5903999999999999,0.39359999999999995,21.95121951219514,103.25203252032522,204.87804878048786,0.0,6.459117345193295,117,20,Significant
268,113.905891,22.48137,2382,high_end,0.3414851451182009,0.6050965348841708,4.259885858158867,0.640233715426925,6.317664203418879,1.0,1.2,0.72,0.48,0.0,66.66666666666666,150.0,0.0,6.41399416909621,109,4,Minor
269,113.890072,22.486023,4608,urban_village,0.3239843995104202,0.5661809935723082,4.707347670521829,0.7036278549627453,6.294661392387521,1.0,1.2,0.72,0.48,0.0,66.66666666666666,150.0,0.0,6.4,99,2,Minor
270,113.892155,22.479151,2164,urban_village,0.3239843995104202,0.5661809935723082,4.707347670521829,0.7036278549627453,6.294661392387521,1.0,1.2,0.72,0.48,0.0,66.66666666666666,150.0,0.0,6.4,99,2,Minor
272,113.948975,22.53361,4276,high_end,0.3139977193141667,0.6485359415813398,4.54193221380179,0.7099464538235257,6.483225919542901,1.0,1.2,0.72,0.48,0.0,66.66666666666666,150.0,0.0,7.500154197249121,18,6,Minor
273,113.944009,22.544643,14886,high_end,0.2654971821754527,0.6702101428412857,5.035931958638355,0.7013970908024825,6.374811085234537,0.65,0.78,0.46799999999999997,0.31200000000000006,53.84615384615383,156.41025641025647,284.6153846153845,0.0,6.6628946475048085,45,7,Severe
274,113.938497,22.521938,12392,high_end,0.23325549810395274,0.6295340333419287,4.25171811375833,0.6611775789862241,6.095956735639128,0.65,0.78,0.46799999999999997,0.31200000000000006,53.84615384615383,156.41025641025647,284.6153846153845,0.0,8.0,16,2,Severe
278,113.955947,22.542616,11480,commodity_housing,0.3264175362359375,0.6513966175500316,4.325255348979077,0.6741709444971764,6.456086041577245,1.0,1.2,0.72,0.48,0.0,66.66666666666666,150.0,0.0,7.077036490969407,17,28,Minor
279,113.94522,22.530008,10555,high_end,0.27597874050399096,0.6678102662169421,4.938113605947148,0.7263860216233539,6.450233930301036,0.65,0.78,0.46799999999999997,0.31200000000000006,53.84615384615383,156.41025641025647,284.6153846153845,0.0,8.0,15,9,Severe
280,113.939291,22.536961,10046,commodity_housing,0.3143364147873905,0.5353903906167046,4.0331065133356505,0.6918260530254461,6.165137326954825,1.0,1.2,0.72,0.48,0.0,66.66666666666666,150.0,0.0,7.760438633487979,22,1,Minor
281,113.937919,22.535473,5809,commodity_housing,0.2574952689220939,0.7633185692285998,3.544293868236864,0.5958275665928244,6.087621030671471,0.65,0.78,0.46799999999999997,0.31200000000000006,53.84615384615383,156.41025641025647,284.6153846153845,0.0,6.320484230646703,30,8,Severe
282,113.945403,22.545178,9951,commodity_housing,0.28492384200181115,0.5720503038588316,4.4762068957587555,0.7077696303911546,6.200436546434823,0.65,0.78,0.46799999999999997,0.31200000000000006,53.84615384615383,156.41025641025647,284.6153846153845,0.0,6.2559565993010935,39,12,Severe
283,113.943172,22.53715,10091,high_end,0.25447504137831645,0.5482785054234728,4.882717616123875,0.6640225936315256,5.962166574956683,0.65,0.78,0.46799999999999997,0.31200000000000006,53.84615384615383,156.41025641025647,284.6153846153845,0.0,8.0,17,11,Severe
284,113.960929,22.534241,10318,commodity_housing,0.2042148549746612,0.6762056723617625,4.0311330987135925,0.6387773258698435,6.080713397568077,0.65,0.78,0.46799999999999997,0.31200000000000006,53.84615384615383,156.41025641025647,284.6153846153845,0.0,7.402695043664334,19,2,Severe
285,113.939977,22.516545,5316,commodity_housing,0.385200630417519,0.681238788378232,4.3314455729765635,0.7075740481840872,6.7738469585663115,1.0,1.2,0.72,0.48,0.0,66.66666666666666,150.0,0.0,8.0,8,2,Minor
286,113.934709,22.545501,10093,high_end,0.40335309393232455,0.6065187927882743,4.504631845402105,0.6916719932875323,6.6097002503427245,1.0,1.2,0.72,0.48,0.0,66.66666666666666,150.0,0.0,7.480916030534352,48,1,Minor
289,113.939109,22.545659,6100,commodity_housing,0.2796711572665397,0.589082692213979,4.924987883608046,0.7573900455950577,6.326500293524681,0.65,0.78,0.46799999999999997,0.31200000000000006,53.84615384615383,156.41025641025647,284.6153846153845,0.0,8.0,35,7,Severe
291,113.938898,22.544131,7227,high_end,0.3113491151939835,0.5865833238867997,4.515262166084016,0.7273822091541303,6.35527007360721,1.0,1.2,0.72,0.48,0.0,66.66666666666666,150.0,0.0,8.0,34,32,Minor
292,113.935961,22.543955,6792,commodity_housing,0.31928948428583964,0.5837773822655437,4.782516497714941,0.5954170762232989,6.108146060967976,1.0,1.2,0.72,0.48,0.0,66.66666666666666,150.0,0.0,8.0,47,6,Minor
293,113.940251,22.529625,4719,high_end,0.32579664892869453,0.6098322032553912,4.508379434061314,0.660838165137205,6.323646785198971,1.0,1.2,0.72,0.48,0.0,66.66666666666666,150.0,0.0,7.30831973898858,20,31,Minor
294,113.956883,22.531018,12835,commodity_housing,0.2042148549746612,0.6762056723617625,4.0311330987135925,0.6387773258698435,6.080713397568077,0.65,0.78,0.46799999999999997,0.31200000000000006,53.84615384615383,156.41025641025647,284.6153846153845,0.0,7.402695043664334,19,2,Severe
295,113.936233,22.545298,10683,high_end,0.37586279899985076,0.6109007786694706,4.364316177954491,0.757050245135292,6.668940833943813,1.0,1.2,0.72,0.48,0.0,66.66666666666666,150.0,0.0,8.0,44,3,Minor
296,113.921159,22.528697,10410,commodity_housing,0.41146288892883864,0.4719200066145019,4.097309744640293,0.654769693706083,6.2237280707349365,0.82,0.9839999999999999,0.5903999999999999,0.39359999999999995,21.95121951219514,103.25203252032522,204.87804878048786,0.0,5.500353190487402,145,12,Significant
298,113.928863,22.535157,5696,high_end,0.3369389435419264,0.6510503798054234,4.470454445865427,0.6519266310219419,6.442296042183221,1.0,1.2,0.72,0.48,0.0,66.66666666666666,150.0,0.0,6.521132265088493,72,4,Minor
299,113.937021,22.542933,5757,high_end,0.31928948428583964,0.5837773822655437,4.782516497714941,0.5954170762232989,6.108146060967976,1.0,1.2,0.72,0.48,0.0,66.66666666666666,150.0,0.0,8.0,47,6,Minor
300,113.954338,22.520515,13738,commodity_housing,0.3504411361997444,0.6183850889038023,4.543750274718216,0.7041829598134707,6.505652050485679,1.0,1.2,0.72,0.48,0.0,66.66666666666666,150.0,0.0,8.0,1,3,Minor
301,113.925801,22.545135,9258,commodity_housing,0.3327432707252747,0.6485299231690989,4.886730318746737,0.6944569220100962,6.508468464118764,1.0,1.2,0.72,0.48,0.0,66.66666666666666,150.0,0.0,7.440465029064317,30,15,Minor
302,113.962783,22.547215,7642,commodity_housing,0.3264175362359375,0.6513966175500316,4.325255348979077,0.6741709444971764,6.456086041577245,1.0,1.2,0.72,0.48,0.0,66.66666666666666,150.0,0.0,7.077036490969407,17,28,Minor
303,113.938223,22.540155,10976,high_end,0.28790799518740995,0.6451605194452247,4.871604842156529,0.6772016306322801,6.331028545439851,0.65,0.78,0.46799999999999997,0.31200000000000006,53.84615384615383,156.41025641025647,284.6153846153845,0.0,8.0,21,2,Severe
304,113.949107,22.530719,10217,commodity_housing,0.26727735994490304,0.582886828140196,4.58655854198482,0.8283828750666486,6.415814900318496,0.65,0.78,0.46799999999999997,0.31200000000000006,53.84615384615383,156.41025641025647,284.6153846153845,0.0,8.0,10,14,Severe
307,113.938738,22.517457,8369,commodity_housing,0.30455291648289173,0.6499032119535807,4.264078036241905,0.6751426479082974,6.3887020751492205,1.0,1.2,0.72,0.48,0.0,66.66666666666666,150.0,0.0,8.0,1,47,Minor
308,113.953532,22.522833,7699,high_end,0.23771587124355376,0.6540145348099208,4.023434412921687,0.6738411086066934,6.19586616796885,0.65,0.78,0.46799999999999997,0.31200000000000006,53.84615384615383,156.41025641025647,284.6153846153845,0.0,8.0,5,26,Severe
309,113.942279,22.543795,4660,high_end,0.3851726098135849,0.622751487187856,4.61645254515217,0.6515559348144113,6.515508417039218,1.0,1.2,0.72,0.48,0.0,66.66666666666666,150.0,0.0,7.243774880961674,57,3,Minor
310,113.960336,22.52747,11812,high_end,0.2980154211224532,0.6816092606214732,4.431788161142968,0.7443422320896852,6.586753879100414,0.65,0.78,0.46799999999999997,0.31200000000000006,53.84615384615383,156.41025641025647,284.6153846153845,0.0,8.0,11,1,Severe
312,113.947359,22.521737,7607,commodity_housing,0.3504411361997444,0.6183850889038023,4.543750274718216,0.7041829598134707,6.505652050485679,1.0,1.2,0.72,0.48,0.0,66.66666666666666,150.0,0.0,8.0,1,3,Minor
314,113.944687,22.543858,7156,high_end,0.3146005792391653,0.7606416368909525,4.770374574083063,0.6886625921200289,6.7227310141849355,1.0,1.2,0.72,0.48,0.0,66.66666666666666,150.0,0.0,7.332177359425317,36,17,Minor
317,113.921299,22.534307,8538,commodity_housing,0.33459610771192244,0.7209638330404338,4.652497245293841,0.6290295256932117,6.564256957123274,1.0,1.2,0.72,0.48,0.0,66.66666666666666,150.0,0.0,5.955056179775282,105,4,Minor
318,113.930854,22.539701,9754,commodity_housing,0.36146161341464045,0.6625430905745232,4.799837476191578,0.6344987038950306,6.509739974470291,1.0,1.2,0.72,0.48,0.0,66.66666666666666,150.0,0.0,8.0,32,2,Minor
320,113.937482,22.545767,6524,commodity_housing,0.4067080617371666,0.598803326470391,4.104546035584321,0.701262033707587,6.619656568802652,1.0,1.2,0.72,0.48,0.0,66.66666666666666,150.0,0.0,8.0,42,1,Minor
322,113.961346,22.547364,6535,commodity_housing,0.3264175362359375,0.6513966175500316,4.325255348979077,0.6741709444971764,6.456086041577245,1.0,1.2,0.72,0.48,0.0,66.66666666666666,150.0,0.0,7.077036490969407,17,28,Minor
323,113.916815,22.544855,4389,commodity_housing,0.2570249112125221,0.6141949718554339,4.595567811398475,0.6531402352000861,6.112842633676323,0.65,0.78,0.46799999999999997,0.31200000000000006,53.84615384615383,156.41025641025647,284.6153846153845,0.0,7.960817849646273,23,3,Severe
325,113.940172,22.537807,8595,high_end,0.34312219948467043,0.6473689266819814,4.299949012022002,0.7601520195544309,6.668092954267827,1.0,1.2,0.72,0.48,0.0,66.66666666666666,150.0,0.0,8.0,21,1,Minor
328,113.938018,22.541959,9911,commodity_housing,0.3113491151939835,0.5865833238867997,4.515262166084016,0.7273822091541303,6.35527007360721,1.0,1.2,0.72,0.48,0.0,66.66666666666666,150.0,0.0,8.0,34,32,Minor
329,113.932656,22.544369,5988,high_end,0.3447858846437176,0.6093909544639103,4.7541775463521265,0.6576291590995657,6.373093358290061,1.0,1.2,0.72,0.48,0.0,66.66666666666666,150.0,0.0,7.360869502710007,39,1,Minor
331,113.933736,22.542088,6195,commodity_housing,0.36363016936784404,0.6354278709141127,4.205597695724659,0.7285261454931069,6.636512476375027,1.0,1.2,0.72,0.48,0.0,66.66666666666666,150.0,0.0,8.0,43,5,Minor
332,113.934794,22.534271,7849,commodity_housing,0.31383309817000393,0.6522334752984991,4.576473646444613,0.7012872775863308,6.4746575379289215,1.0,1.2,0.72,0.48,0.0,66.66666666666666,150.0,0.0,4.891698621618821,58,2,Minor
333,113.938,22.545061,5271,high_end,0.3014795872390438,0.6199466563747049,4.474347835528567,0.7247268390443103,6.403759080742515,1.0,1.2,0.72,0.48,0.0,66.66666666666666,150.0,0.0,8.0,37,1,Minor
334,113.955406,22.546689,11304,commodity_housing,0.3264175362359375,0.6513966175500316,4.325255348979077,0.6741709444971764,6.456086041577245,1.0,1.2,0.72,0.48,0.0,66.66666666666666,150.0,0.0,7.077036490969407,17,28,Minor
336,113.953784,22.526239,12264,commodity_housing,0.2980154211224532,0.6816092606214732,4.431788161142968,0.7443422320896852,6.586753879100414,0.65,0.78,0.46799999999999997,0.31200000000000006,53.84615384615383,156.41025641025647,284.6153846153845,0.0,8.0,11,1,Severe
337,113.927949,22.526532,9166,commodity_housing,0.34593091926122327,0.5782106409304157,3.738537760661452,0.5778765147321969,5.975658489987511,1.0,1.2,0.72,0.48,0.0,66.66666666666666,150.0,0.0,4.635364635364636,173,10,Minor
338,113.94703,22.539362,7901,high_end,0.3259315863143724,0.7137207807979907,4.216718351406939,0.7058575963722066,6.673811903682507,1.0,1.2,0.72,0.48,0.0,66.66666666666666,150.0,0.0,6.615944426066821,24,27,Minor
339,113.946376,22.521775,14626,commodity_housing,0.3504411361997444,0.6183850889038023,4.543750274718216,0.7041829598134707,6.505652050485679,1.0,1.2,0.72,0.48,0.0,66.66666666666666,150.0,0.0,8.0,1,3,Minor
341,113.940871,22.532998,6041,high_end,0.3292387872019621,0.6249042122165915,4.6127150600578,0.6929806633057924,6.43593821875895,1.0,1.2,0.72,0.48,0.0,66.66666666666666,150.0,0.0,7.7714285714285705,16,13,Minor
342,113.94197,22.537178,11352,commodity_housing,0.36398651678629473,0.5852013098066202,4.838854607569992,0.7772518632381209,6.609466551351677,1.0,1.2,0.72,0.48,0.0,66.66666666666666,150.0,0.0,8.0,13,8,Minor
343,113.944201,22.546115,12312,commodity_housing,0.3480066864935198,0.6324413682286822,4.024975602665442,0.6578761382858619,6.440875756623989,1.0,1.2,0.72,0.48,0.0,66.66666666666666,150.0,0.0,5.925925925925926,68,1,Minor
344,113.924424,22.522299,4802,commodity_housing,0.25079137843088484,0.6823323291837801,4.473286011845573,0.5764117308831569,6.111028420018418,0.65,0.78,0.46799999999999997,0.31200000000000006,53.84615384615383,156.41025641025647,284.6153846153845,0.0,4.354546463040343,45,9,Severe
345,113.93078,22.542483,10296,commodity_housing,0.31582565255014416,0.6850310074250956,4.628277703028822,0.6541101902565145,6.4682748567262,1.0,1.2,0.72,0.48,0.0,66.66666666666666,150.0,0.0,8.0,28,27,Minor
346,113.930444,22.536725,6854,high_end,0.30508167399234387,0.6212725976655473,4.122606031453447,0.6419976547362248,6.252421825613349,1.0,1.2,0.72,0.48,0.0,66.66666666666666,150.0,0.0,8.0,52,7,Minor
347,113.932185,22.544886,10219,high_end,0.31533236099931455,0.6346488446268935,4.397594030229181,0.641588380992446,6.31579595655007,1.0,1.2,0.72,0.48,0.0,66.66666666666666,150.0,0.0,7.018505825908156,39,8,Minor
348,113.92607,22.548128,5647,high_end,0.2570249112125221,0.6141949718554339,4.595567811398475,0.6531402352000861,6.112842633676323,0.65,0.78,0.46799999999999997,0.31200000000000006,53.84615384615383,156.41025641025647,284.6153846153845,0.0,7.960817849646273,23,3,Severe
349,113.940183,22.536368,12306,high_end,0.3143364147873905,0.5353903906167046,4.0331065133356505,0.6918260530254461,6.165137326954825,1.0,1.2,0.72,0.48,0.0,66.66666666666666,150.0,0.0,7.760438633487979,22,1,Minor
351,113.931043,22.525118,8236,commodity_housing,0.3306008372650878,0.5195799589115453,4.1437806041717336,0.628734658345501,6.048221725765128,1.0,1.2,0.72,0.48,0.0,66.66666666666666,150.0,0.0,4.1459039266493924,129,28,Minor
352,113.93523,22.542834,8390,commodity_housing,0.3137477540742282,0.625803952267437,3.8701104450974624,0.7309941997365063,6.386560570550204,1.0,1.2,0.72,0.48,0.0,66.66666666666666,150.0,0.0,8.0,38,5,Minor
353,113.942859,22.541264,12442,commodity_housing,0.2714984025440294,0.5784530120319674,3.888746092153803,0.6651023381855669,6.021298721679267,0.65,0.78,0.46799999999999997,0.31200000000000006,53.84615384615383,156.41025641025647,284.6153846153845,0.0,8.0,18,6,Severe
354,113.95414,22.530139,6679,commodity_housing,0.26727735994490304,0.582886828140196,4.58655854198482,0.8283828750666486,6.415814900318496,0.65,0.78,0.46799999999999997,0.31200000000000006,53.84615384615383,156.41025641025647,284.6153846153845,0.0,8.0,10,14,Severe
356,113.942978,22.541467,7719,high_end,0.2714984025440294,0.5784530120319674,3.888746092153803,0.6651023381855669,6.021298721679267,0.65,0.78,0.46799999999999997,0.31200000000000006,53.84615384615383,156.41025641025647,284.6153846153845,0.0,8.0,18,6,Severe
359,113.944521,22.545343,4670,high_end,0.2654971821754527,0.6702101428412857,5.035931958638355,0.7013970908024825,6.374811085234537,0.65,0.78,0.46799999999999997,0.31200000000000006,53.84615384615383,156.41025641025647,284.6153846153845,0.0,6.6628946475048085,45,7,Severe
360,113.939814,22.527583,7439,commodity_housing,0.2932727571600068,0.5692856474369341,4.235993222975908,0.7182982389409657,6.239628867954287,0.65,0.78,0.46799999999999997,0.31200000000000006,53.84615384615383,156.41025641025647,284.6153846153845,0.0,6.672313807258749,23,25,Severe
361,113.929151,22.528623,6942,commodity_housing,0.4876574666605026,0.5099624473423894,2.9939845546927533,0.5389720331597572,5.687062931339966,1.0,1.2,0.72,0.48,0.0,66.66666666666666,150.0,0.0,5.1061072412117285,196,7,Minor
362,113.922887,22.523021,9876,commodity_housing,0.25079137843088484,0.6823323291837801,4.473286011845573,0.5764117308831569,6.111028420018418,0.65,0.78,0.46799999999999997,0.31200000000000006,53.84615384615383,156.41025641025647,284.6153846153845,0.0,4.354546463040343,45,9,Severe
365,113.937925,22.538249,4922,high_end,0.2711413064998307,0.6821359026582855,4.57206646801516,0.6789323442324487,6.376628364610104,0.65,0.78,0.46799999999999997,0.31200000000000006,53.84615384615383,156.41025641025647,284.6153846153845,0.0,7.508212106992022,29,48,Severe
366,113.961472,22.542529,7940,high_end,0.3264175362359375,0.6513966175500316,4.325255348979077,0.6741709444971764,6.456086041577245,1.0,1.2,0.72,0.48,0.0,66.66666666666666,150.0,0.0,7.077036490969407,17,28,Minor
369,113.960974,22.528981,8460,commodity_housing,0.2042148549746612,0.6762056723617625,4.0311330987135925,0.6387773258698435,6.080713397568077,0.65,0.78,0.46799999999999997,0.31200000000000006,53.84615384615383,156.41025641025647,284.6153846153845,0.0,7.402695043664334,19,2,Severe
370,113.963959,22.538536,8594,commodity_housing,0.2703076283143658,0.5956592994859901,4.384692215715922,0.6661570227035165,6.132385179065105,0.65,0.78,0.46799999999999997,0.31200000000000006,53.84615384615383,156.41025641025647,284.6153846153845,0.0,8.0,13,12,Severe
380,113.939581,22.548559,17666,urban_village,0.2639569844265472,0.5984324748535003,4.762617369231717,0.6449579206448575,6.077867981703107,0.65,0.78,0.46799999999999997,0.31200000000000006,53.84615384615383,156.41025641025647,284.6153846153845,0.0,8.0,44,1,Severe
388,113.933131,22.545235,9124,affordable_housing,0.3196361781902452,0.5176332548513356,3.867927587301898,0.6925326470431931,6.055511707849147,1.0,1.2,0.72,0.48,0.0,66.66666666666666,150.0,0.0,6.957872257814016,41,1,Minor
396,113.920687,22.546622,3756,affordable_housing,0.2570249112125221,0.6141949718554339,4.595567811398475,0.6531402352000861,6.112842633676323,0.65,0.78,0.46799999999999997,0.31200000000000006,53.84615384615383,156.41025641025647,284.6153846153845,0.0,7.960817849646273,23,3,Severe
428,113.946016,22.548932,5792,commodity_housing,0.29180187308788524,0.6545467878407816,4.469322276943499,0.5904001573053371,6.192572903476283,0.65,0.78,0.46799999999999997,0.31200000000000006,53.84615384615383,156.41025641025647,284.6153846153845,0.0,5.0310786106032905,85,2,Severe
441,113.968296,22.542509,18675,commodity_housing,0.3264175362359375,0.6513966175500316,4.325255348979077,0.6741709444971764,6.456086041577245,1.0,1.2,0.72,0.48,0.0,66.66666666666666,150.0,0.0,7.077036490969407,17,28,Minor
442,113.939617,22.532222,12036,high_end,0.3364715153385416,0.6744752940528376,4.590105263423479,0.7055232717443733,6.606649324636465,1.0,1.2,0.72,0.48,0.0,66.66666666666666,150.0,0.0,5.688888888888889,29,14,Minor
443,113.968104,22.537731,14864,high_end,0.2703076283143658,0.5956592994859901,4.384692215715922,0.6661570227035165,6.132385179065105,0.65,0.78,0.46799999999999997,0.31200000000000006,53.84615384615383,156.41025641025647,284.6153846153845,0.0,8.0,13,12,Severe
444,113.962507,22.530537,10206,commodity_housing,0.2042148549746612,0.6762056723617625,4.0311330987135925,0.6387773258698435,6.080713397568077,0.65,0.78,0.46799999999999997,0.31200000000000006,53.84615384615383,156.41025641025647,284.6153846153845,0.0,7.402695043664334,19,2,Severe
445,113.947226,22.516022,19663,commodity_housing,0.3504411361997444,0.6183850889038023,4.543750274718216,0.7041829598134707,6.505652050485679,1.0,1.2,0.72,0.48,0.0,66.66666666666666,150.0,0.0,8.0,1,3,Minor
446,113.963355,22.511592,9135,commodity_housing,0.3504411361997444,0.6183850889038023,4.543750274718216,0.7041829598134707,6.505652050485679,1.0,1.2,0.72,0.48,0.0,66.66666666666666,150.0,0.0,8.0,1,3,Minor
447,113.970102,22.527575,10697,commodity_housing,0.2042148549746612,0.6762056723617625,4.0311330987135925,0.6387773258698435,6.080713397568077,0.65,0.78,0.46799999999999997,0.31200000000000006,53.84615384615383,156.41025641025647,284.6153846153845,0.0,7.402695043664334,19,2,Severe
448,113.963793,22.525016,8581,high_end,0.2980154211224532,0.6816092606214732,4.431788161142968,0.7443422320896852,6.586753879100414,0.65,0.78,0.46799999999999997,0.31200000000000006,53.84615384615383,156.41025641025647,284.6153846153845,0.0,8.0,11,1,Severe
449,113.951574,22.525614,10940,commodity_housing,0.2980154211224532,0.6816092606214732,4.431788161142968,0.7443422320896852,6.586753879100414,0.65,0.78,0.46799999999999997,0.31200000000000006,53.84615384615383,156.41025641025647,284.6153846153845,0.0,8.0,11,1,Severe
450,113.958211,22.527828,15370,high_end,0.2980154211224532,0.6816092606214732,4.431788161142968,0.7443422320896852,6.586753879100414,0.65,0.78,0.46799999999999997,0.31200000000000006,53.84615384615383,156.41025641025647,284.6153846153845,0.0,8.0,11,1,Severe
451,113.9669,22.52143,17252,high_end,0.3504411361997444,0.6183850889038023,4.543750274718216,0.7041829598134707,6.505652050485679,1.0,1.2,0.72,0.48,0.0,66.66666666666666,150.0,0.0,8.0,1,3,Minor
452,113.960905,22.530019,15853,high_end,0.2042148549746612,0.6762056723617625,4.0311330987135925,0.6387773258698435,6.080713397568077,0.65,0.78,0.46799999999999997,0.31200000000000006,53.84615384615383,156.41025641025647,284.6153846153845,0.0,7.402695043664334,19,2,Severe
453,113.943896,22.51993,10493,commodity_housing,0.3062275189149491,0.7035218679237337,4.338902465144369,0.6670064280696352,6.511500082693452,1.0,1.2,0.72,0.48,0.0,66.66666666666666,150.0,0.0,8.0,2,64,Minor
454,113.956804,22.525929,6144,commodity_housing,0.2980154211224532,0.6816092606214732,4.431788161142968,0.7443422320896852,6.586753879100414,0.65,0.78,0.46799999999999997,0.31200000000000006,53.84615384615383,156.41025641025647,284.6153846153845,0.0,8.0,11,1,Severe
455,113.960554,22.51477,13164,high_end,0.3504411361997444,0.6183850889038023,4.543750274718216,0.7041829598134707,6.505652050485679,1.0,1.2,0.72,0.48,0.0,66.66666666666666,150.0,0.0,8.0,1,3,Minor
456,113.952417,22.527167,3298,high_end,0.2980154211224532,0.6816092606214732,4.431788161142968,0.7443422320896852,6.586753879100414,0.65,0.78,0.46799999999999997,0.31200000000000006,53.84615384615383,156.41025641025647,284.6153846153845,0.0,8.0,11,1,Severe
457,113.967371,22.526544,18882,high_end,0.2042148549746612,0.6762056723617625,4.0311330987135925,0.6387773258698435,6.080713397568077,0.65,0.78,0.46799999999999997,0.31200000000000006,53.84615384615383,156.41025641025647,284.6153846153845,0.0,7.402695043664334,19,2,Severe
458,113.953642,22.539473,19226,high_end,0.2703076283143658,0.5956592994859901,4.384692215715922,0.6661570227035165,6.132385179065105,0.65,0.78,0.46799999999999997,0.31200000000000006,53.84615384615383,156.41025641025647,284.6153846153845,0.0,8.0,13,12,Severe
459,113.952101,22.52078,11106,high_end,0.3504411361997444,0.6183850889038023,4.543750274718216,0.7041829598134707,6.505652050485679,1.0,1.2,0.72,0.48,0.0,66.66666666666666,150.0,0.0,8.0,1,3,Minor
460,113.974462,22.525412,13355,commodity_housing,0.2042148549746612,0.6762056723617625,4.0311330987135925,0.6387773258698435,6.080713397568077,0.65,0.78,0.46799999999999997,0.31200000000000006,53.84615384615383,156.41025641025647,284.6153846153845,0.0,7.402695043664334,19,2,Severe
461,113.942074,22.53779,7633,high_end,0.29577544188227806,0.6219096741998446,4.516822690992391,0.7283134774032991,6.398727465953043,0.65,0.78,0.46799999999999997,0.31200000000000006,53.84615384615383,156.41025641025647,284.6153846153845,0.0,8.0,15,10,Severe
462,113.967259,22.53174,16007,high_end,0.2042148549746612,0.6762056723617625,4.0311330987135925,0.6387773258698435,6.080713397568077,0.65,0.78,0.46799999999999997,0.31200000000000006,53.84615384615383,156.41025641025647,284.6153846153845,0.0,7.402695043664334,19,2,Severe
463,113.97028,22.528014,14350,high_end,0.2042148549746612,0.6762056723617625,4.0311330987135925,0.6387773258698435,6.080713397568077,0.65,0.78,0.46799999999999997,0.31200000000000006,53.84615384615383,156.41025641025647,284.6153846153845,0.0,7.402695043664334,19,2,Severe
464,113.96022,22.532757,15668,commodity_housing,0.2042148549746612,0.6762056723617625,4.0311330987135925,0.6387773258698435,6.080713397568077,0.65,0.78,0.46799999999999997,0.31200000000000006,53.84615384615383,156.41025641025647,284.6153846153845,0.0,7.402695043664334,19,2,Severe
465,113.957657,22.52732,15744,commodity_housing,0.2980154211224532,0.6816092606214732,4.431788161142968,0.7443422320896852,6.586753879100414,0.65,0.78,0.46799999999999997,0.31200000000000006,53.84615384615383,156.41025641025647,284.6153846153845,0.0,8.0,11,1,Severe
466,113.944672,22.52546,19017,commodity_housing,0.34065770104009163,0.674727396181664,4.111036927951903,0.7244023030685088,6.6575961997114526,1.0,1.2,0.72,0.48,0.0,66.66666666666666,150.0,0.0,8.0,5,25,Minor
467,113.949502,22.536875,10837,high_end,0.3295411721978614,0.6660806079573156,4.8976200201029965,0.6689647294922223,6.4917544954713176,1.0,1.2,0.72,0.48,0.0,66.66666666666666,150.0,0.0,6.560867422375554,25,28,Minor
468,113.956632,22.531656,11448,high_end,0.2042148549746612,0.6762056723617625,4.0311330987135925,0.6387773258698435,6.080713397568077,0.65,0.78,0.46799999999999997,0.31200000000000006,53.84615384615383,156.41025641025647,284.6153846153845,0.0,7.402695043664334,19,2,Severe
469,113.945229,22.518306,8476,high_end,0.3504411361997444,0.6183850889038023,4.543750274718216,0.7041829598134707,6.505652050485679,1.0,1.2,0.72,0.48,0.0,66.66666666666666,150.0,0.0,8.0,1,3,Minor
470,113.952956,22.523385,19788,commodity_housing,0.23771587124355376,0.6540145348099208,4.023434412921687,0.6738411086066934,6.19586616796885,0.65,0.78,0.46799999999999997,0.31200000000000006,53.84615384615383,156.41025641025647,284.6153846153845,0.0,8.0,5,26,Severe
471,113.957629,22.527692,19081,commodity_housing,0.2980154211224532,0.6816092606214732,4.431788161142968,0.7443422320896852,6.586753879100414,0.65,0.78,0.46799999999999997,0.31200000000000006,53.84615384615383,156.41025641025647,284.6153846153845,0.0,8.0,11,1,Severe
472,113.965083,22.513068,9748,commodity_housing,0.3504411361997444,0.6183850889038023,4.543750274718216,0.7041829598134707,6.505652050485679,1.0,1.2,0.72,0.48,0.0,66.66666666666666,150.0,0.0,8.0,1,3,Minor
473,113.957726,22.528098,12627,high_end,0.2980154211224532,0.6816092606214732,4.431788161142968,0.7443422320896852,6.586753879100414,0.65,0.78,0.46799999999999997,0.31200000000000006,53.84615384615383,156.41025641025647,284.6153846153845,0.0,8.0,11,1,Severe
474,113.964987,22.513056,6124,high_end,0.3504411361997444,0.6183850889038023,4.543750274718216,0.7041829598134707,6.505652050485679,1.0,1.2,0.72,0.48,0.0,66.66666666666666,150.0,0.0,8.0,1,3,Minor
475,113.954948,22.529168,11226,high_end,0.2980154211224532,0.6816092606214732,4.431788161142968,0.7443422320896852,6.586753879100414,0.65,0.78,0.46799999999999997,0.31200000000000006,53.84615384615383,156.41025641025647,284.6153846153845,0.0,8.0,11,1,Severe
476,113.945567,22.539273,7270,commodity_housing,0.3700324279100418,0.6314854530744947,4.002857123015978,0.7142581435072979,6.617327203430959,1.0,1.2,0.72,0.48,0.0,66.66666666666666,150.0,0.0,6.896551724137931,22,1,Minor
477,113.941929,22.520923,9470,commodity_housing,0.30455291648289173,0.6499032119535807,4.264078036241905,0.6751426479082974,6.3887020751492205,1.0,1.2,0.72,0.48,0.0,66.66666666666666,150.0,0.0,8.0,1,47,Minor
478,113.957444,22.527278,12837,high_end,0.2980154211224532,0.6816092606214732,4.431788161142968,0.7443422320896852,6.586753879100414,0.65,0.78,0.46799999999999997,0.31200000000000006,53.84615384615383,156.41025641025647,284.6153846153845,0.0,8.0,11,1,Severe
479,113.965412,22.535254,8649,high_end,0.2703076283143658,0.5956592994859901,4.384692215715922,0.6661570227035165,6.132385179065105,0.65,0.78,0.46799999999999997,0.31200000000000006,53.84615384615383,156.41025641025647,284.6153846153845,0.0,8.0,13,12,Severe
480,113.958535,22.528971,16983,commodity_housing,0.26727735994490304,0.582886828140196,4.58655854198482,0.8283828750666486,6.415814900318496,0.65,0.78,0.46799999999999997,0.31200000000000006,53.84615384615383,156.41025641025647,284.6153846153845,0.0,8.0,10,14,Severe
481,113.958871,22.529765,8911,high_end,0.2042148549746612,0.6762056723617625,4.0311330987135925,0.6387773258698435,6.080713397568077,0.65,0.78,0.46799999999999997,0.31200000000000006,53.84615384615383,156.41025641025647,284.6153846153845,0.0,7.402695043664334,19,2,Severe
482,113.964879,22.542391,5038,commodity_housing,0.3264175362359375,0.6513966175500316,4.325255348979077,0.6741709444971764,6.456086041577245,1.0,1.2,0.72,0.48,0.0,66.66666666666666,150.0,0.0,7.077036490969407,17,28,Minor
483,113.949003,22.518687,12643,high_end,0.3504411361997444,0.6183850889038023,4.543750274718216,0.7041829598134707,6.505652050485679,1.0,1.2,0.72,0.48,0.0,66.66666666666666,150.0,0.0,8.0,1,3,Minor
484,113.961874,22.528407,13171,commodity_housing,0.2042148549746612,0.6762056723617625,4.0311330987135925,0.6387773258698435,6.080713397568077,0.65,0.78,0.46799999999999997,0.31200000000000006,53.84615384615383,156.41025641025647,284.6153846153845,0.0,7.402695043664334,19,2,Severe
485,113.970881,22.533064,15581,commodity_housing,0.2703076283143658,0.5956592994859901,4.384692215715922,0.6661570227035165,6.132385179065105,0.65,0.78,0.46799999999999997,0.31200000000000006,53.84615384615383,156.41025641025647,284.6153846153845,0.0,8.0,13,12,Severe
486,113.954425,22.520933,5887,commodity_housing,0.3504411361997444,0.6183850889038023,4.543750274718216,0.7041829598134707,6.505652050485679,1.0,1.2,0.72,0.48,0.0,66.66666666666666,150.0,0.0,8.0,1,3,Minor
487,113.96216,22.527778,19234,high_end,0.2980154211224532,0.6816092606214732,4.431788161142968,0.7443422320896852,6.586753879100414,0.65,0.78,0.46799999999999997,0.31200000000000006,53.84615384615383,156.41025641025647,284.6153846153845,0.0,8.0,11,1,Severe
488,113.947105,22.529955,5987,high_end,0.26727735994490304,0.582886828140196,4.58655854198482,0.8283828750666486,6.415814900318496,0.65,0.78,0.46799999999999997,0.31200000000000006,53.84615384615383,156.41025641025647,284.6153846153845,0.0,8.0,10,14,Severe
489,113.960128,22.516925,19184,commodity_housing,0.3504411361997444,0.6183850889038023,4.543750274718216,0.7041829598134707,6.505652050485679,1.0,1.2,0.72,0.48,0.0,66.66666666666666,150.0,0.0,8.0,1,3,Minor
490,113.961501,22.531881,4627,high_end,0.2042148549746612,0.6762056723617625,4.0311330987135925,0.6387773258698435,6.080713397568077,0.65,0.78,0.46799999999999997,0.31200000000000006,53.84615384615383,156.41025641025647,284.6153846153845,0.0,7.402695043664334,19,2,Severe
491,113.952289,22.528135,5881,commodity_housing,0.2980154211224532,0.6816092606214732,4.431788161142968,0.7443422320896852,6.586753879100414,0.65,0.78,0.46799999999999997,0.31200000000000006,53.84615384615383,156.41025641025647,284.6153846153845,0.0,8.0,11,1,Severe
492,113.950248,22.520181,9487,high_end,0.3504411361997444,0.6183850889038023,4.543750274718216,0.7041829598134707,6.505652050485679,1.0,1.2,0.72,0.48,0.0,66.66666666666666,150.0,0.0,8.0,1,3,Minor
493,113.96545,22.519184,7818,high_end,0.3504411361997444,0.6183850889038023,4.543750274718216,0.7041829598134707,6.505652050485679,1.0,1.2,0.72,0.48,0.0,66.66666666666666,150.0,0.0,8.0,1,3,Minor
494,113.959852,22.531114,4462,commodity_housing,0.2042148549746612,0.6762056723617625,4.0311330987135925,0.6387773258698435,6.080713397568077,0.65,0.78,0.46799999999999997,0.31200000000000006,53.84615384615383,156.41025641025647,284.6153846153845,0.0,7.402695043664334,19,2,Severe
495,113.973163,22.534832,7476,high_end,0.2703076283143658,0.5956592994859901,4.384692215715922,0.6661570227035165,6.132385179065105,0.65,0.78,0.46799999999999997,0.31200000000000006,53.84615384615383,156.41025641025647,284.6153846153845,0.0,8.0,13,12,Severe
496,113.963615,22.51021,11334,commodity_housing,0.3504411361997444,0.6183850889038023,4.543750274718216,0.7041829598134707,6.505652050485679,1.0,1.2,0.72,0.48,0.0,66.66666666666666,150.0,0.0,8.0,1,3,Minor
497,113.950942,22.516397,3066,high_end,0.3504411361997444,0.6183850889038023,4.543750274718216,0.7041829598134707,6.505652050485679,1.0,1.2,0.72,0.48,0.0,66.66666666666666,150.0,0.0,8.0,1,3,Minor
498,113.958507,22.530716,15940,high_end,0.2042148549746612,0.6762056723617625,4.0311330987135925,0.6387773258698435,6.080713397568077,0.65,0.78,0.46799999999999997,0.31200000000000006,53.84615384615383,156.41025641025647,284.6153846153845,0.0,7.402695043664334,19,2,Severe
499,113.954852,22.535586,14469,high_end,0.2042148549746612,0.6762056723617625,4.0311330987135925,0.6387773258698435,6.080713397568077,0.65,0.78,0.46799999999999997,0.31200000000000006,53.84615384615383,156.41025641025647,284.6153846153845,0.0,7.402695043664334,19,2,Severe
500,113.957484,22.528959,10297,high_end,0.2980154211224532,0.6816092606214732,4.431788161142968,0.7443422320896852,6.586753879100414,0.65,0.78,0.46799999999999997,0.31200000000000006,53.84615384615383,156.41025641025647,284.6153846153845,0.0,8.0,11,1,Severe
