Profile_ID,Road_Name,N_Buildings,Total_Floors,Avg_Floors,Max_Floors,Min_Floors,Avg_Height_m,Max_Height_m,Dominant_Usage,SCR_Est,EWW_Est_m,Building_Density_per_100m,Center_Lat,Center_Lng
P0001,南海大道,20,456,22.8,32,7,68.4,96.0,Residential,0.3,1.5,40.0,113.922671,22.516355
P0002,南海大道,20,345,17.2,32,2,51.8,96.0,Residential,0.3,1.5,40.0,113.923868,22.520058
P0003,南海大道,20,281,14.0,27,2,42.2,81.0,Residential,0.5,2.5,40.0,113.924899,22.523604
P0004,南海大道,20,205,10.2,27,2,30.8,81.0,Residential,0.5,2.5,40.0,113.925489,22.526604
P0005,南海大道,20,183,9.2,21,2,27.4,63.0,Residential,0.5,2.5,40.0,113.926453,22.529027
P0006,南海大道,20,205,10.2,21,4,30.8,63.0,Residential,0.5,2.5,40.0,113.927093,22.530227
P0007,南海大道,20,203,10.2,21,4,30.4,63.0,Residential,0.5,2.5,40.0,113.927872,22.530464
P0008,南海大道,20,195,9.8,21,4,29.2,63.0,Residential,0.5,2.5,40.0,113.928798,22.530672
P0009,南海大道,20,141,7.0,21,2,21.2,63.0,Residential,0.65,3.5,40.0,113.928787,22.530885
P0010,南海大道,20,117,5.8,7,2,17.5,21.0,Residential,0.65,3.5,40.0,113.929168,22.531017
P0011,南海大道,20,117,5.8,7,2,17.5,21.0,Residential,0.65,3.5,40.0,113.928522,22.531115
P0012,南海大道,20,117,5.8,7,2,17.5,21.0,Residential,0.65,3.5,40.0,113.928781,22.531196
P0013,南海大道,20,126,6.3,7,6,18.9,21.0,Residential,0.65,3.5,40.0,113.929303,22.531264
P0014,南海大道,20,116,5.8,7,2,17.4,21.0,Residential,0.65,3.5,40.0,113.929094,22.531346
P0015,南海大道,20,114,5.7,8,2,17.1,24.0,Residential,0.65,3.5,40.0,113.929833,22.531444
P0016,南海大道,20,116,5.8,8,2,17.4,24.0,Residential,0.65,3.5,40.0,113.929728,22.53154
P0017,南海大道,20,119,6.0,8,2,17.8,24.0,Residential,0.65,3.5,40.0,113.929855,22.53165
P0018,南海大道,20,131,6.6,8,2,19.6,24.0,Residential,0.65,3.5,40.0,113.930338,22.531871
P0019,南海大道,20,119,6.0,8,2,17.8,24.0,Residential,0.65,3.5,40.0,113.929816,22.532234
P0020,南海大道,20,93,4.6,8,1,14.0,24.0,Residential,0.65,3.5,40.0,113.929949,22.532738
P0021,南海大道,20,78,3.9,8,1,11.7,24.0,Residential,0.65,3.5,40.0,113.929938,22.533374
P0022,南海大道,20,69,3.4,6,1,10.4,18.0,Residential,0.65,3.5,40.0,113.929718,22.534067
P0023,南海大道,20,76,3.8,6,1,11.4,18.0,Residential,0.65,3.5,40.0,113.930708,22.534684
P0024,南海大道,20,97,4.8,15,1,14.6,45.0,Residential,0.65,3.5,40.0,113.931586,22.535198
P0025,南海大道,20,121,6.0,15,1,18.2,45.0,Residential,0.65,3.5,40.0,113.932259,22.535651
P0026,南海大道,20,120,6.0,15,1,18.0,45.0,Residential,0.65,3.5,40.0,113.932369,22.535987
P0027,南海大道,20,128,6.4,15,1,19.2,45.0,Residential,0.65,3.5,40.0,113.932275,22.536292
P0028,南海大道,20,127,6.4,15,2,19.0,45.0,Residential,0.65,3.5,40.0,113.931966,22.536628
P0029,南海大道,20,97,4.8,8,2,14.6,24.0,Residential,0.65,3.5,40.0,113.931164,22.536984
P0030,南海大道,20,108,5.4,15,1,16.2,45.0,Residential,0.65,3.5,40.0,113.931638,22.537462
P0031,南海大道,20,85,4.2,15,1,12.8,45.0,Residential,0.65,3.5,40.0,113.9321,22.538098
P0032,南海大道,20,75,3.8,15,1,11.2,45.0,Residential,0.65,3.5,40.0,113.931836,22.538817
P0033,南海大道,20,100,5.0,15,1,15.0,45.0,Residential,0.65,3.5,40.0,113.932087,22.540163
P0034,南海大道,20,102,5.1,15,1,15.3,45.0,Residential,0.65,3.5,40.0,113.931167,22.542162
P0035,南海大道,20,124,6.2,15,1,18.6,45.0,Residential,0.65,3.5,40.0,113.930189,22.54411
P0036,南海大道,20,141,7.0,15,1,21.2,45.0,Mixed Residential,0.65,3.5,40.0,113.929549,22.545976
P0037,南海大道,20,159,8.0,18,1,23.8,54.0,Mixed Residential,0.65,3.5,40.0,113.929264,22.54717
P0038,南海大道,20,225,11.2,32,2,33.8,96.0,Mixed Residential,0.5,2.5,40.0,91.075944,45.391169
P0039,南海大道,20,279,14.0,32,3,41.8,96.0,Mixed Residential,0.5,2.5,40.0,68.224212,68.235491
P0040,南海大道,20,268,13.4,32,4,40.2,96.0,Residential,0.5,2.5,40.0,45.374666,91.080139
P0041,南海大道,20,233,11.6,32,1,35.0,96.0,Residential,0.5,2.5,40.0,22.524978,113.924856
P0042,南海大道,20,153,7.6,27,1,23.0,81.0,Residential,0.65,3.5,40.0,22.528985,113.926127
P0043,南海大道,20,95,4.8,7,1,14.2,21.0,Residential,0.65,3.5,40.0,22.53214,113.927113
P0044,南海大道,20,120,6.0,21,1,18.0,63.0,Residential,0.65,3.5,40.0,22.533151,113.927806
P0045,南海大道,20,132,6.6,21,2,19.8,63.0,Residential,0.65,3.5,40.0,22.534408,113.928462
P0046,南海大道,20,146,7.3,21,2,21.9,63.0,Residential,0.65,3.5,40.0,22.535171,113.929023
P0047,南海大道,20,144,7.2,21,2,21.6,63.0,Residential,0.65,3.5,40.0,22.535948,113.929404
P0048,南海大道,20,125,6.2,21,2,18.8,63.0,Residential,0.65,3.5,40.0,22.536611,113.929742
P0049,南海大道,20,119,6.0,21,2,17.8,63.0,Residential,0.65,3.5,40.0,22.536865,113.93004
P0050,南海大道,20,115,5.8,7,2,17.2,21.0,Residential,0.65,3.5,40.0,22.536192,113.930367
P0051,南海大道,20,133,6.6,15,2,20.0,45.0,Residential,0.65,3.5,40.0,22.534976,113.93083
P0052,南海大道,20,133,6.6,15,2,20.0,45.0,Residential,0.65,3.5,40.0,22.534343,113.931358
P0053,南海大道,20,144,7.2,15,2,21.6,45.0,Residential,0.65,3.5,40.0,22.533932,113.931954
P0054,南海大道,20,129,6.4,15,2,19.4,45.0,Residential,0.65,3.5,40.0,22.535475,113.932665
P0055,华明路,20,252,12.6,31,6,37.8,93.0,Residential,0.5,2.5,40.0,113.927493,22.509565
P0056,华明路,20,240,12.0,31,6,36.0,93.0,Residential,0.5,2.5,40.0,113.927298,22.509675
P0057,华明路,20,266,13.3,31,6,39.9,93.0,Residential,0.5,2.5,40.0,113.927861,22.509769
P0058,华明路,20,232,11.6,31,6,34.8,93.0,Residential,0.5,2.5,40.0,113.927111,22.509865
P0059,华明路,20,221,11.0,31,6,33.2,93.0,Residential,0.5,2.5,40.0,113.927322,22.509974
P0060,华明路,20,192,9.6,31,6,28.8,93.0,Residential,0.5,2.5,40.0,113.926866,22.510107
P0061,华明路,20,140,7.0,12,3,21.0,36.0,Residential,0.65,3.5,40.0,113.926197,22.510237
P0062,华明路,20,136,6.8,12,1,20.4,36.0,Residential,0.65,3.5,40.0,113.926289,22.510346
P0063,华明路,20,178,8.9,30,1,26.7,90.0,Residential,0.5,2.5,40.0,113.926478,22.510439
P0064,华明路,20,204,10.2,30,1,30.6,90.0,Residential,0.5,2.5,40.0,113.926651,22.51052
P0065,华明路,20,211,10.6,30,1,31.6,90.0,Residential,0.5,2.5,40.0,113.927089,22.510588
P0066,华明路,20,230,11.5,30,2,34.5,90.0,Residential,0.5,2.5,40.0,113.92762,22.510721
P0067,华明路,20,181,9.0,28,1,27.2,84.0,Residential,0.5,2.5,40.0,113.927257,22.510856
P0068,华明路,20,159,8.0,28,1,23.8,84.0,Residential,0.65,3.5,40.0,113.927049,22.510988
P0069,华明路,20,156,7.8,28,1,23.4,84.0,Residential,0.65,3.5,40.0,113.926116,22.511146
P0070,华明路,20,135,6.8,19,1,20.2,57.0,Residential,0.65,3.5,40.0,113.925996,22.511249
P0071,华明路,20,179,9.0,28,1,26.8,84.0,Residential,0.5,2.5,40.0,113.926916,22.511377
P0072,华明路,20,171,8.6,28,1,25.6,84.0,Residential,0.5,2.5,40.0,113.927409,22.511498
P0073,华明路,20,184,9.2,28,1,27.6,84.0,Residential,0.5,2.5,40.0,113.92857,22.511617
P0074,华明路,20,231,11.6,28,1,34.7,84.0,Residential,0.5,2.5,40.0,113.929287,22.511802
P0075,华明路,20,220,11.0,28,1,33.0,84.0,Residential,0.5,2.5,40.0,113.929101,22.511987
P0076,华明路,20,291,14.6,28,1,43.7,84.0,Residential,0.5,2.5,40.0,113.929621,22.51224
P0077,华明路,20,317,15.8,28,1,47.6,84.0,Residential,0.3,1.5,40.0,104.788187,31.653533
P0078,华明路,20,266,13.3,28,1,39.9,84.0,Residential,0.5,2.5,40.0,81.933414,54.506373
P0079,华明路,20,216,10.8,24,1,32.4,72.0,Residential,0.5,2.5,40.0,59.078782,77.359334
P0080,华明路,20,138,6.9,19,1,20.7,57.0,Residential,0.65,3.5,40.0,36.223615,100.212328
P0081,华明路,20,101,5.0,7,1,15.2,21.0,Residential,0.65,3.5,40.0,22.51051,113.924422
P0082,华明路,20,95,4.8,7,1,14.2,21.0,Residential,0.65,3.5,40.0,22.510549,113.924948
P0083,华明路,20,104,5.2,7,1,15.6,21.0,Residential,0.65,3.5,40.0,22.510445,113.925391
P0084,华明路,20,103,5.2,7,1,15.4,21.0,Residential,0.65,3.5,40.0,22.510496,113.925747
P0085,华明路,20,149,7.4,19,1,22.4,57.0,Residential,0.65,3.5,40.0,22.510523,113.926648
P0086,华明路,20,196,9.8,19,1,29.4,57.0,Residential,0.5,2.5,40.0,22.510373,113.927609
P0087,华明路,20,229,11.4,21,2,34.3,63.0,Residential,0.5,2.5,40.0,22.510528,113.928543
P0088,华明路,20,279,14.0,21,4,41.8,63.0,Residential,0.5,2.5,40.0,22.51073,113.92957
P0089,华明路,20,268,13.4,21,4,40.2,63.0,Residential,0.5,2.5,40.0,22.510951,113.929949
P0090,华明路,20,304,15.2,31,4,45.6,93.0,Residential,0.3,1.5,40.0,22.511137,113.930325
P0091,华明路,20,349,17.4,31,12,52.4,93.0,Residential,0.3,1.5,40.0,22.511343,113.930775
P0092,登良路,20,121,6.0,8,1,18.2,24.0,Residential,0.65,3.5,40.0,113.928783,22.511769
P0093,登良路,20,152,7.6,19,1,22.8,57.0,Residential,0.65,3.5,40.0,113.928542,22.512302
P0094,登良路,20,146,7.3,19,1,21.9,57.0,Residential,0.65,3.5,40.0,113.927226,22.512781
P0095,登良路,20,169,8.4,19,1,25.3,57.0,Residential,0.5,2.5,40.0,113.926726,22.513167
P0096,登良路,20,175,8.8,19,2,26.2,57.0,Residential,0.5,2.5,40.0,113.925289,22.513411
P0097,登良路,20,158,7.9,19,1,23.7,57.0,Residential,0.65,3.5,40.0,113.924438,22.513618
P0098,登良路,20,179,9.0,19,1,26.8,57.0,Residential,0.5,2.5,40.0,113.925254,22.513826
P0099,登良路,20,162,8.1,19,1,24.3,57.0,Residential,0.5,2.5,40.0,113.925556,22.514035
P0100,登良路,20,165,8.2,19,1,24.8,57.0,Residential,0.5,2.5,40.0,113.925532,22.514242
P0101,登良路,20,161,8.0,19,4,24.2,57.0,Residential,0.5,2.5,40.0,113.92523,22.514415
P0102,登良路,20,150,7.5,19,4,22.5,57.0,Residential,0.65,3.5,40.0,113.925583,22.514596
P0103,登良路,20,155,7.8,19,6,23.2,57.0,Residential,0.65,3.5,40.0,113.924688,22.514785
P0104,登良路,20,165,8.2,19,6,24.8,57.0,Residential,0.5,2.5,40.0,113.925678,22.514995
P0105,登良路,20,215,10.8,31,6,32.2,93.0,Residential,0.5,2.5,40.0,113.926547,22.515188
P0106,登良路,20,271,13.6,31,1,40.7,93.0,Residential,0.5,2.5,40.0,113.927639,22.515525
P0107,登良路,20,258,12.9,31,1,38.7,93.0,Residential,0.5,2.5,40.0,91.075082,45.367389
P0108,登良路,20,249,12.4,31,1,37.3,93.0,Residential,0.5,2.5,40.0,68.221995,68.21925
P0109,登良路,20,197,9.8,31,1,29.6,93.0,Residential,0.5,2.5,40.0,45.368857,91.07113
P0110,登良路,20,129,6.4,7,6,19.4,21.0,Residential,0.65,3.5,40.0,22.514362,113.922905
P0111,登良路,20,128,6.4,7,6,19.2,21.0,Residential,0.65,3.5,40.0,22.514323,113.923257
P0112,登良路,20,125,6.2,8,1,18.8,24.0,Residential,0.65,3.5,40.0,22.513553,113.924729
P0113,登良路,20,144,7.2,19,1,21.6,57.0,Residential,0.65,3.5,40.0,22.513087,113.926324
P0114,登良路,20,217,10.8,31,1,32.6,93.0,Residential,0.5,2.5,40.0,22.513233,113.928483
P0115,文华路,20,126,6.3,8,1,18.9,24.0,Residential,0.65,3.5,40.0,113.944301,22.549344
P0116,文华路,20,132,6.6,8,1,19.8,24.0,Residential,0.65,3.5,40.0,113.944355,22.549636
P0117,文华路,20,128,6.4,8,1,19.2,24.0,Residential,0.65,3.5,40.0,113.944331,22.549842
P0118,文华路,20,118,5.9,8,1,17.7,24.0,Residential,0.65,3.5,40.0,113.944178,22.549992
P0119,文华路,20,96,4.8,7,1,14.4,21.0,Residential,0.65,3.5,40.0,113.944014,22.550125
P0120,文华路,20,87,4.4,7,1,13.0,21.0,Residential,0.65,3.5,40.0,113.943843,22.55027
P0121,文华路,20,89,4.4,7,1,13.4,21.0,Residential,0.65,3.5,40.0,113.943958,22.550427
P0122,文华路,20,78,3.9,7,1,11.7,21.0,Residential,0.65,3.5,40.0,113.944308,22.550564
P0123,文华路,20,81,4.0,7,1,12.1,21.0,Residential,0.65,3.5,40.0,113.944825,22.550676
P0124,文华路,20,78,3.9,7,3,11.7,21.0,Residential,0.65,3.5,40.0,113.944833,22.550762
P0125,文华路,20,70,3.5,7,3,10.5,21.0,Residential,0.65,3.5,40.0,113.945063,22.550827
P0126,文华路,20,74,3.7,7,3,11.1,21.0,Residential,0.65,3.5,40.0,113.945093,22.550893
P0127,文华路,20,78,3.9,7,3,11.7,21.0,Residential,0.65,3.5,40.0,113.94494,22.55097
P0128,文华路,20,72,3.6,7,1,10.8,21.0,Residential,0.65,3.5,40.0,113.944979,22.551036
P0129,文华路,20,78,3.9,7,1,11.7,21.0,Residential,0.65,3.5,40.0,113.94514,22.551104
P0130,文华路,20,84,4.2,7,1,12.6,21.0,Residential,0.65,3.5,40.0,113.944988,22.551227
P0131,文华路,20,84,4.2,7,1,12.6,21.0,Residential,0.65,3.5,40.0,100.236008,36.260054
P0132,文华路,20,100,5.0,8,1,15.0,24.0,Residential,0.65,3.5,40.0,77.387591,59.108181
P0133,文华路,20,104,5.2,8,1,15.6,24.0,Residential,0.65,3.5,40.0,54.538659,81.956469
P0134,文华路,20,99,5.0,8,1,14.8,24.0,Residential,0.65,3.5,40.0,31.690104,104.804819
P0135,文华路,20,101,5.0,8,1,15.2,24.0,Residential,0.65,3.5,40.0,22.550376,113.944541
P0136,文华路,20,83,4.2,7,1,12.5,21.0,Residential,0.65,3.5,40.0,22.550506,113.945186
P0137,兴南路,20,51,2.6,3,2,7.6,9.0,Residential,0.75,4.5,40.0,113.925514,22.508337
P0138,兴南路,20,51,2.6,3,2,7.6,9.0,Residential,0.75,4.5,40.0,113.925351,22.508413
P0139,兴南路,20,50,2.5,3,2,7.5,9.0,Residential,0.75,4.5,40.0,113.92538,22.508465
P0140,兴南路,20,148,7.4,32,2,22.2,96.0,Residential,0.65,3.5,40.0,113.925249,22.508745
P0141,兴南路,20,163,8.2,32,2,24.5,96.0,Residential,0.5,2.5,40.0,113.925298,22.509271
P0142,兴南路,20,173,8.6,32,1,26.0,96.0,Residential,0.5,2.5,40.0,113.925303,22.5099
P0143,兴南路,20,193,9.6,32,1,29.0,96.0,Residential,0.5,2.5,40.0,113.925054,22.510576
P0144,兴南路,20,120,6.0,7,1,18.0,21.0,Residential,0.65,3.5,40.0,113.924921,22.511123
P0145,兴南路,20,125,6.2,7,1,18.8,21.0,Residential,0.65,3.5,40.0,113.924914,22.511502
P0146,兴南路,20,131,6.6,7,6,19.6,21.0,Residential,0.65,3.5,40.0,113.924908,22.511904
P0147,兴南路,20,130,6.5,8,2,19.5,24.0,Residential,0.65,3.5,40.0,113.924964,22.512394
P0148,兴南路,20,131,6.6,8,2,19.6,24.0,Residential,0.65,3.5,40.0,113.925041,22.512903
P0149,兴南路,20,119,6.0,8,1,17.8,24.0,Residential,0.65,3.5,40.0,113.925082,22.513418
P0150,兴南路,20,117,5.8,8,1,17.5,24.0,Residential,0.65,3.5,40.0,100.212918,36.225399
P0151,兴南路,20,116,5.8,8,1,17.4,24.0,Residential,0.65,3.5,40.0,77.359373,59.078249
P0152,兴南路,20,102,5.1,7,1,15.3,21.0,Residential,0.65,3.5,40.0,54.505611,81.931037
P0153,兴南路,20,106,5.3,7,3,15.9,21.0,Residential,0.65,3.5,40.0,31.651828,104.783784
P0154,兴南路,20,108,5.4,8,3,16.2,24.0,Residential,0.65,3.5,40.0,22.510568,113.924969
P0155,兴南路,20,110,5.5,8,2,16.5,24.0,Residential,0.65,3.5,40.0,22.511101,113.925159
P0156,后海大道,20,141,7.0,15,1,21.2,45.0,Residential,0.65,3.5,40.0,113.9273,22.508786
P0157,后海大道,20,145,7.2,15,2,21.8,45.0,Residential,0.65,3.5,40.0,113.927202,22.50904
P0158,后海大道,20,127,6.4,15,2,19.0,45.0,Residential,0.65,3.5,40.0,113.926999,22.509262
P0159,后海大道,20,178,8.9,54,2,26.7,162.0,Residential,0.5,2.5,40.0,113.927101,22.509473
P0160,后海大道,20,260,13.0,54,2,39.0,162.0,Residential,0.5,2.5,40.0,113.927394,22.510019
P0161,后海大道,20,276,13.8,54,3,41.4,162.0,Residential,0.5,2.5,40.0,113.927853,22.511141
P0162,后海大道,20,320,16.0,54,3,48.0,162.0,Residential,0.3,1.5,40.0,113.928475,22.512414
P0163,后海大道,20,339,17.0,54,3,50.8,162.0,Residential,0.3,1.5,40.0,113.928855,22.514049
P0164,后海大道,20,324,16.2,31,3,48.6,93.0,Residential,0.3,1.5,40.0,113.92888,22.515439
P0165,后海大道,20,347,17.4,32,3,52.0,96.0,Mixed Residential,0.3,1.5,40.0,113.928808,22.516509
P0166,后海大道,20,300,15.0,32,1,45.0,96.0,Commercial,0.5,2.5,40.0,113.928672,22.517978
P0167,后海大道,20,195,9.8,32,1,29.2,96.0,Commercial,0.5,2.5,40.0,95.644661,40.80037
P0168,后海大道,20,116,5.8,32,1,17.4,96.0,Residential,0.65,3.5,40.0,72.789842,63.652802
P0169,后海大道,20,108,5.4,54,1,16.2,162.0,Residential,0.65,3.5,40.0,49.9369,86.505087
P0170,后海大道,20,186,9.3,54,1,27.9,162.0,Residential,0.5,2.5,40.0,27.08252,109.356979
P0171,后海大道,20,228,11.4,54,2,34.2,162.0,Residential,0.5,2.5,40.0,22.512308,113.92767
P0172,后海大道,20,257,12.8,54,1,38.6,162.0,Residential,0.5,2.5,40.0,22.514253,113.928328
P0173,沙河西路,20,282,14.1,29,1,42.3,87.0,Residential,0.5,2.5,40.0,113.951508,22.546571
P0174,沙河西路,20,255,12.8,29,1,38.2,87.0,Residential,0.5,2.5,40.0,113.951771,22.549867
P0175,沙河西路,20,212,10.6,29,2,31.8,87.0,Residential,0.5,2.5,40.0,113.951532,22.550414
P0176,沙河西路,20,158,7.9,14,1,23.7,42.0,Residential,0.65,3.5,40.0,113.951411,22.550963
P0177,沙河西路,20,116,5.8,14,1,17.4,42.0,Residential,0.65,3.5,40.0,113.951193,22.551649
P0178,沙河西路,20,83,4.2,11,1,12.5,33.0,Residential,0.65,3.5,40.0,113.950886,22.552314
P0179,沙河西路,20,39,2.0,6,1,5.8,18.0,Residential,0.75,4.5,40.0,113.950594,22.553025
P0180,沙河西路,20,32,1.6,3,1,4.8,9.0,Residential,0.75,4.5,40.0,113.950738,22.553576
P0181,沙河西路,20,36,1.8,3,1,5.4,9.0,Residential,0.75,4.5,40.0,113.950917,22.553908
P0182,沙河西路,20,46,2.3,9,1,6.9,27.0,Residential,0.75,4.5,40.0,113.951002,22.554207
P0183,沙河西路,20,50,2.5,9,1,7.5,27.0,Residential,0.75,4.5,40.0,113.951297,22.554434
P0184,沙河西路,20,47,2.4,9,1,7.0,27.0,Residential,0.75,4.5,40.0,113.951396,22.554647
P0185,沙河西路,20,57,2.8,9,1,8.6,27.0,Residential,0.75,4.5,40.0,109.381291,27.124557
P0186,沙河西路,20,52,2.6,8,1,7.8,24.0,Residential,0.75,4.5,40.0,86.532092,49.973398
P0187,沙河西路,20,72,3.6,14,1,10.8,42.0,Residential,0.65,3.5,40.0,63.681645,72.822434
P0188,沙河西路,20,84,4.2,14,1,12.6,42.0,Residential,0.65,3.5,40.0,40.831857,95.671603
P0189,南山区南海大道,20,25,1.2,2,1,3.8,6.0,Public,0.75,4.5,40.0,113.927624,22.52906
P0190,南山区南海大道,20,26,1.3,3,1,3.9,9.0,Public,0.75,4.5,40.0,113.929289,22.532972
P0191,南山区南海大道,20,26,1.3,3,1,3.9,9.0,Public,0.75,4.5,40.0,113.929749,22.53412
P0192,南山区南海大道,20,38,1.9,6,1,5.7,18.0,Public,0.75,4.5,40.0,113.930388,22.535417
P0193,南山区南海大道,20,38,1.9,6,1,5.7,18.0,Public,0.75,4.5,40.0,113.93132,22.536297
P0194,南山区南海大道,20,35,1.8,6,1,5.2,18.0,Public,0.75,4.5,40.0,113.931437,22.536975
P0195,南山区南海大道,20,36,1.8,6,1,5.4,18.0,Public,0.75,4.5,40.0,113.931831,22.537709
P0196,南山区南海大道,20,24,1.2,2,1,3.6,6.0,Public,0.75,4.5,40.0,113.93286,22.538359
P0197,南山区南海大道,20,26,1.3,2,1,3.9,6.0,Public,0.75,4.5,40.0,113.933149,22.53904
P0198,南山区南海大道,20,27,1.4,2,1,4.1,6.0,Public,0.75,4.5,40.0,113.933945,22.540236
P0199,南山区南海大道,20,27,1.4,2,1,4.1,6.0,Public,0.75,4.5,40.0,100.222322,36.248948
P0200,南山区南海大道,20,26,1.3,2,1,3.9,6.0,Public,0.75,4.5,40.0,77.372312,59.096093
P0201,南山区南海大道,20,32,1.6,6,1,4.8,18.0,Public,0.75,4.5,40.0,54.522909,81.943505
P0202,南山区南海大道,20,32,1.6,6,1,4.8,18.0,Public,0.75,4.5,40.0,31.673763,104.791345
P0203,建南路,20,120,6.0,6,6,18.0,18.0,Residential,0.65,3.5,40.0,113.922087,22.509277
P0204,建南路,20,126,6.3,9,6,18.9,27.0,Residential,0.65,3.5,40.0,113.922061,22.509633
P0205,建南路,20,127,6.4,9,2,19.0,27.0,Residential,0.65,3.5,40.0,113.92196,22.509948
P0206,建南路,20,142,7.1,9,2,21.3,27.0,Residential,0.65,3.5,40.0,113.92186,22.510233
P0207,建南路,20,157,7.8,9,2,23.5,27.0,Residential,0.65,3.5,40.0,113.921676,22.5105
P0208,建南路,20,154,7.7,9,2,23.1,27.0,Residential,0.65,3.5,40.0,113.921823,22.510887
P0209,建南路,20,153,7.6,9,6,23.0,27.0,Residential,0.65,3.5,40.0,113.922131,22.511409
P0210,建南路,20,133,6.6,9,2,20.0,27.0,Residential,0.65,3.5,40.0,100.210594,36.223241
P0211,建南路,20,133,6.6,9,2,20.0,27.0,Residential,0.65,3.5,40.0,77.357923,59.075894
P0212,建南路,20,139,7.0,9,2,20.8,27.0,Residential,0.65,3.5,40.0,54.504823,81.928403
P0213,建南路,20,142,7.1,9,2,21.3,27.0,Residential,0.65,3.5,40.0,31.651629,104.780745
P0214,建南路,20,150,7.5,9,6,22.5,27.0,Residential,0.65,3.5,40.0,22.510029,113.921819
P0215,建南路,20,135,6.8,9,6,20.2,27.0,Residential,0.65,3.5,40.0,22.509962,113.922097
P0216,科发路,20,303,15.2,45,1,45.4,135.0,Other,0.3,1.5,40.0,113.943855,22.545451
P0217,科发路,20,302,15.1,45,1,45.3,135.0,Other,0.3,1.5,40.0,113.943637,22.54578
P0218,科发路,20,256,12.8,44,1,38.4,132.0,Residential,0.5,2.5,40.0,113.943591,22.545998
P0219,科发路,20,194,9.7,40,1,29.1,120.0,Residential,0.5,2.5,40.0,113.943076,22.54626
P0220,科发路,20,214,10.7,40,1,32.1,120.0,Residential,0.5,2.5,40.0,113.943852,22.546579
P0221,科发路,20,191,9.6,40,1,28.6,120.0,Public,0.5,2.5,40.0,113.943425,22.546874
P0222,科发路,20,221,11.0,41,1,33.2,123.0,Industrial,0.5,2.5,40.0,113.943729,22.547064
P0223,科发路,20,323,16.2,41,1,48.4,123.0,Residential,0.3,1.5,40.0,113.944776,22.547267
P0224,科发路,20,414,20.7,41,1,62.1,123.0,Residential,0.3,1.5,40.0,113.946588,22.547472
P0225,科发路,20,438,21.9,41,1,65.7,123.0,Residential,0.3,1.5,40.0,113.948081,22.547795
P0226,科发路,20,313,15.6,41,1,47.0,123.0,Residential,0.3,1.5,40.0,95.667388,40.826537
P0227,科发路,20,278,13.9,45,1,41.7,135.0,Residential,0.5,2.5,40.0,72.81717,63.676534
P0228,高新南环路,20,404,20.2,32,1,60.6,96.0,Residential,0.3,1.5,40.0,113.94437,22.52576
P0229,高新南环路,20,313,15.6,32,1,47.0,96.0,Residential,0.3,1.5,40.0,113.944164,22.526123
P0230,高新南环路,20,215,10.8,31,1,32.2,93.0,Residential,0.5,2.5,40.0,113.944212,22.526499
P0231,高新南环路,20,240,12.0,31,1,36.0,93.0,Residential,0.5,2.5,40.0,113.944082,22.526905
P0232,高新南环路,20,215,10.8,31,1,32.2,93.0,Residential,0.5,2.5,40.0,113.944765,22.527306
P0233,高新南环路,20,247,12.4,31,1,37.0,93.0,Residential,0.5,2.5,40.0,113.944629,22.527739
P0234,高新南环路,20,289,14.4,31,1,43.3,93.0,Residential,0.5,2.5,40.0,113.944939,22.528163
P0235,高新南环路,20,284,14.2,30,1,42.6,90.0,Residential,0.5,2.5,40.0,113.945062,22.528587
P0236,高新南环路,20,303,15.2,30,1,45.4,90.0,Residential,0.3,1.5,40.0,113.944898,22.529085
P0237,高新南环路,20,361,18.0,40,2,54.2,120.0,Residential,0.3,1.5,40.0,109.374127,27.100853
P0238,南商路,20,99,5.0,7,1,14.8,21.0,Residential,0.65,3.5,40.0,113.923561,22.511542
P0239,南商路,20,128,6.4,7,1,19.2,21.0,Residential,0.65,3.5,40.0,113.924021,22.512709
P0240,南商路,20,197,9.8,32,1,29.6,96.0,Residential,0.5,2.5,40.0,113.924118,22.513475
P0241,南商路,20,237,11.8,32,6,35.6,96.0,Residential,0.5,2.5,40.0,113.924274,22.514416
P0242,南商路,20,250,12.5,32,7,37.5,96.0,Residential,0.5,2.5,40.0,113.924517,22.515384
P0243,南商路,20,264,13.2,32,7,39.6,96.0,Residential,0.5,2.5,40.0,113.924578,22.516095
P0244,南商路,20,185,9.2,32,1,27.8,96.0,Residential,0.5,2.5,40.0,91.071556,45.368123
P0245,南商路,20,201,10.0,32,1,30.2,96.0,Residential,0.5,2.5,40.0,68.218922,68.219999
P0246,南商路,20,197,9.8,32,1,29.6,96.0,Residential,0.5,2.5,40.0,45.366192,91.071849
P0247,南商路,20,205,10.2,32,1,30.8,96.0,Residential,0.5,2.5,40.0,22.513595,113.923775
P0248,龙城路,20,170,8.5,25,1,25.5,75.0,Residential,0.5,2.5,40.0,113.925777,22.515168
P0249,龙城路,20,174,8.7,25,1,26.1,75.0,Residential,0.5,2.5,40.0,113.925465,22.515403
P0250,龙城路,20,165,8.2,25,1,24.8,75.0,Residential,0.5,2.5,40.0,113.925402,22.515597
P0251,龙城路,20,226,11.3,34,1,33.9,102.0,Residential,0.5,2.5,40.0,113.925152,22.515813
P0252,龙城路,20,189,9.4,34,1,28.4,102.0,Residential,0.5,2.5,40.0,113.924845,22.516066
P0253,龙城路,20,186,9.3,34,1,27.9,102.0,Residential,0.5,2.5,40.0,104.784277,31.656906
P0254,龙城路,20,193,9.6,34,1,29.0,102.0,Mixed Residential,0.5,2.5,40.0,81.932048,54.508681
P0255,龙城路,20,136,6.8,8,1,20.4,24.0,Residential,0.65,3.5,40.0,59.079583,77.360977
P0256,龙城路,20,139,7.0,8,1,20.8,24.0,Residential,0.65,3.5,40.0,36.227294,100.213329
P0257,龙城路,20,133,6.6,8,1,20.0,24.0,Residential,0.65,3.5,40.0,22.515823,113.925139
P0258,创业路,16,235,14.7,38,1,44.1,114.0,Residential,0.5,2.5,32.0,113.928929,22.516855
P0259,创业路,16,187,11.7,30,1,35.1,90.0,Residential,0.5,2.5,32.0,113.928907,22.517319
P0260,创业路,16,205,12.8,30,1,38.4,90.0,Residential,0.5,2.5,32.0,113.92967,22.517523
P0261,创业路,16,206,12.9,30,1,38.6,90.0,Residential,0.5,2.5,32.0,113.930636,22.51775
P0262,创业路,16,175,10.9,18,1,32.8,54.0,Residential,0.5,2.5,32.0,108.218305,28.230739
P0263,创业路,16,233,14.6,30,1,43.7,90.0,Residential,0.5,2.5,32.0,85.364706,51.082662
P0264,创业路,16,219,13.7,30,1,41.1,90.0,Residential,0.5,2.5,32.0,62.510721,73.936005
P0265,创业路,16,213,13.3,30,2,39.9,90.0,Residential,0.5,2.5,32.0,39.657286,96.789478
P0266,创业路,16,226,14.1,30,2,42.4,90.0,Residential,0.5,2.5,32.0,22.517475,113.930321
P0267,海德三道,16,399,24.9,52,1,74.8,156.0,Commercial,0.3,1.5,32.0,113.932573,22.522409
P0268,海德三道,16,363,22.7,52,1,68.1,156.0,Residential,0.3,1.5,32.0,113.931969,22.522948
P0269,海德三道,16,240,15.0,34,1,45.0,102.0,Public,0.5,2.5,32.0,113.930737,22.523343
P0270,海德三道,16,229,14.3,31,1,42.9,93.0,Public,0.5,2.5,32.0,113.929693,22.523582
P0271,海德三道,16,327,20.4,31,2,61.3,93.0,Residential,0.3,1.5,32.0,113.93025,22.523773
P0272,海德三道,16,352,22.0,33,3,66.0,99.0,Residential,0.3,1.5,32.0,113.930421,22.523922
P0273,海德三道,16,421,26.3,33,3,78.9,99.0,Residential,0.3,1.5,32.0,91.078143,45.375003
P0274,海德三道,16,415,25.9,33,3,77.8,99.0,Residential,0.3,1.5,32.0,68.226484,68.226464
P0275,海德三道,16,402,25.1,33,3,75.4,99.0,Residential,0.3,1.5,32.0,45.374702,91.078292
P0276,青梧路,15,101,6.7,9,1,20.2,27.0,Residential,0.65,3.5,30.0,113.946334,22.550949
P0277,青梧路,15,114,7.6,12,1,22.8,36.0,Residential,0.65,3.5,30.0,113.946805,22.551599
P0278,青梧路,15,125,8.3,12,7,25.0,36.0,Residential,0.5,2.5,30.0,113.947005,22.552014
P0279,青梧路,15,119,7.9,12,1,23.8,36.0,Residential,0.65,3.5,30.0,113.947028,22.55223
P0280,青梧路,15,113,7.5,12,1,22.6,36.0,Residential,0.65,3.5,30.0,113.94711,22.55241
P0281,青梧路,15,119,7.9,13,1,23.8,39.0,Residential,0.65,3.5,30.0,113.947148,22.552595
P0282,青梧路,15,128,8.5,15,1,25.6,45.0,Residential,0.5,2.5,30.0,113.947165,22.552794
P0283,青梧路,15,139,9.3,15,1,27.8,45.0,Residential,0.5,2.5,30.0,107.854302,28.645805
P0284,青梧路,15,151,10.1,15,1,30.2,45.0,Residential,0.5,2.5,30.0,89.575433,46.924564
P0285,青梧路,15,157,10.5,15,1,31.4,45.0,Residential,0.5,2.5,30.0,71.296422,65.203424
P0286,青梧路,15,158,10.5,15,1,31.6,45.0,Residential,0.5,2.5,30.0,53.017562,83.482366
P0287,学府路,15,103,6.9,12,1,20.6,36.0,Residential,0.65,3.5,30.0,113.928159,22.52775
P0288,学府路,15,113,7.5,12,1,22.6,36.0,Residential,0.65,3.5,30.0,113.92814,22.527885
P0289,学府路,15,91,6.1,12,1,18.2,36.0,Residential,0.65,3.5,30.0,113.928405,22.528016
P0290,学府路,15,114,7.6,12,1,22.8,36.0,Residential,0.65,3.5,30.0,113.92765,22.528145
P0291,学府路,15,109,7.3,12,1,21.8,36.0,Residential,0.65,3.5,30.0,113.92754,22.528304
P0292,学府路,15,135,9.0,31,1,27.0,93.0,Residential,0.5,2.5,30.0,113.926992,22.528525
P0293,学府路,15,154,10.3,31,1,30.8,93.0,Residential,0.5,2.5,30.0,101.740444,34.714958
P0294,学府路,15,195,13.0,31,1,39.0,93.0,Residential,0.5,2.5,30.0,83.460631,52.994581
P0295,学府路,15,187,12.5,31,1,37.4,93.0,Residential,0.5,2.5,30.0,65.180789,71.274313
P0296,学府路,15,196,13.1,31,1,39.2,93.0,Residential,0.5,2.5,30.0,46.900982,89.554383
P0297,学府路,15,161,10.7,31,1,32.2,93.0,Residential,0.5,2.5,30.0,28.621319,107.834714
P0298,高新中二道,14,174,12.4,25,6,37.3,75.0,Other,0.5,2.5,28.0,113.933257,22.54821
P0299,高新中二道,14,189,13.5,24,6,40.5,72.0,Other,0.5,2.5,28.0,113.933111,22.548436
P0300,高新中二道,14,222,15.9,25,1,47.6,75.0,Residential,0.3,1.5,28.0,113.932617,22.548604
P0301,高新中二道,14,169,12.1,25,1,36.2,75.0,Other,0.5,2.5,28.0,113.933432,22.548809
P0302,高新中二道,14,154,11.0,25,1,33.0,75.0,Residential,0.5,2.5,28.0,113.933272,22.549135
P0303,高新中二道,14,139,9.9,25,1,29.8,75.0,Residential,0.5,2.5,28.0,113.932774,22.549509
P0304,高新中二道,14,71,5.1,25,1,15.2,75.0,Other,0.65,3.5,28.0,113.932709,22.549999
P0305,高新中二道,14,56,4.0,15,1,12.0,45.0,Unknown,0.65,3.5,28.0,100.877469,35.604558
P0306,高新中二道,14,87,6.2,25,1,18.6,75.0,Unknown,0.65,3.5,28.0,81.29518,55.186153
P0307,高新中二道,14,114,8.1,25,1,24.4,75.0,Unknown,0.5,2.5,28.0,61.71269,74.768098
P0308,科苑路,14,130,9.3,26,1,27.9,78.0,Other,0.5,2.5,28.0,113.939306,22.542411
P0309,科苑路,14,120,8.6,26,1,25.7,78.0,Other,0.5,2.5,28.0,113.940765,22.545902
P0310,科苑路,14,158,11.3,28,1,33.9,84.0,Residential,0.5,2.5,28.0,113.941517,22.547577
P0311,科苑路,14,230,16.4,46,1,49.3,138.0,Residential,0.3,1.5,28.0,113.941381,22.548522
P0312,科苑路,14,272,19.4,46,1,58.3,138.0,Residential,0.3,1.5,28.0,113.940888,22.54918
P0313,科苑路,14,333,23.8,46,6,71.4,138.0,Residential,0.3,1.5,28.0,113.940274,22.549875
P0314,科苑路,14,356,25.4,46,1,76.3,138.0,Residential,0.3,1.5,28.0,113.939596,22.55075
P0315,科苑路,14,294,21.0,46,1,63.0,138.0,Residential,0.3,1.5,28.0,100.881094,35.606317
P0316,科苑路,14,236,16.9,46,1,50.6,138.0,Residential,0.3,1.5,28.0,81.29818,55.189729
P0317,科苑路,14,204,14.6,46,1,43.7,138.0,Residential,0.5,2.5,28.0,61.713778,74.77338
P0318,高新中一道,13,49,3.8,13,1,11.3,39.0,Other,0.65,3.5,26.0,113.934192,22.552561
P0319,高新中一道,13,40,3.1,6,1,9.2,18.0,Industrial,0.65,3.5,26.0,113.934995,22.552885
P0320,高新中一道,13,53,4.1,6,1,12.2,18.0,Industrial,0.65,3.5,26.0,113.936486,22.55313
P0321,高新中一道,13,62,4.8,6,1,14.3,18.0,Industrial,0.65,3.5,26.0,113.936383,22.55328
P0322,高新中一道,13,72,5.5,7,4,16.6,21.0,Industrial,0.65,3.5,26.0,113.93652,22.553437
P0323,高新中一道,13,57,4.4,7,1,13.2,21.0,Industrial,0.65,3.5,26.0,113.935577,22.553566
P0324,高新中一道,13,53,4.1,7,1,12.2,21.0,Industrial,0.65,3.5,26.0,113.93558,22.553735
P0325,高新中一道,13,43,3.3,7,1,9.9,21.0,Industrial,0.65,3.5,26.0,92.847584,43.641055
P0326,高新中一道,13,45,3.5,13,1,10.4,39.0,Industrial,0.65,3.5,26.0,71.758772,64.729066
P0327,高新中一道,13,50,3.8,13,1,11.5,39.0,Industrial,0.65,3.5,26.0,50.670978,85.817741
P0328,科技中一路,13,191,14.7,78,1,44.1,234.0,Residential,0.5,2.5,26.0,113.931763,22.544221
P0329,科技中一路,13,93,7.2,15,1,21.5,45.0,Residential,0.65,3.5,26.0,113.931934,22.544451
P0330,科技中一路,13,81,6.2,15,1,18.7,45.0,Residential,0.65,3.5,26.0,113.931724,22.54459
P0331,科技中一路,13,73,5.6,15,1,16.8,45.0,Residential,0.65,3.5,26.0,113.931369,22.544726
P0332,科技中一路,13,97,7.5,19,1,22.4,57.0,Residential,0.65,3.5,26.0,113.930998,22.544934
P0333,科技中一路,13,84,6.5,19,1,19.4,57.0,Public,0.65,3.5,26.0,113.93082,22.545405
P0334,科技中一路,13,96,7.4,29,1,22.2,87.0,Public,0.65,3.5,26.0,113.930407,22.546506
P0335,科技中一路,13,134,10.3,39,1,30.9,117.0,Industrial,0.5,2.5,26.0,113.930896,22.548049
P0336,科技中一路,13,136,10.5,39,1,31.4,117.0,Industrial,0.5,2.5,26.0,99.871531,36.607934
P0337,科技中一路,13,128,9.8,39,1,29.5,117.0,Residential,0.5,2.5,26.0,78.782558,57.697112
P0338,高新中四道,13,95,7.3,30,1,21.9,90.0,Residential,0.65,3.5,26.0,113.932883,22.545352
P0339,高新中四道,13,100,7.7,30,1,23.1,90.0,Residential,0.65,3.5,26.0,113.933452,22.545558
P0340,高新中四道,13,101,7.8,30,1,23.3,90.0,Residential,0.65,3.5,26.0,113.933546,22.545776
P0341,高新中四道,13,91,7.0,8,1,21.0,24.0,Residential,0.65,3.5,26.0,113.933765,22.545977
P0342,高新中四道,13,93,7.2,8,1,21.5,24.0,Residential,0.65,3.5,26.0,113.93382,22.546161
P0343,高新中四道,13,93,7.2,8,1,21.5,24.0,Residential,0.65,3.5,26.0,113.93376,22.546345
P0344,高新中四道,13,86,6.6,8,1,19.8,24.0,Residential,0.65,3.5,26.0,113.933825,22.546525
P0345,高新中四道,13,80,6.2,8,1,18.5,24.0,Residential,0.65,3.5,26.0,92.844759,43.63558
P0346,高新中四道,13,80,6.2,8,1,18.5,24.0,Residential,0.65,3.5,26.0,71.755157,64.725046
P0347,科苑南路,11,249,22.6,47,2,67.9,141.0,Residential,0.3,1.5,22.0,113.939753,22.517971
P0348,科苑南路,11,250,22.7,47,2,68.2,141.0,Residential,0.3,1.5,22.0,113.940327,22.522101
P0349,科苑南路,11,266,24.2,47,2,72.5,141.0,Residential,0.3,1.5,22.0,113.940134,22.52485
P0350,科苑南路,11,241,21.9,47,2,65.7,141.0,Residential,0.3,1.5,22.0,113.940005,22.527498
P0351,科苑南路,11,261,23.7,32,2,71.2,96.0,Residential,0.3,1.5,22.0,113.939756,22.529006
P0352,科苑南路,11,308,28.0,62,2,84.0,186.0,Residential,0.3,1.5,22.0,113.939816,22.530295
P0353,科苑南路,11,319,29.0,62,2,87.0,186.0,Residential,0.3,1.5,22.0,89.008047,47.460239
P0354,科苑南路,11,337,30.6,62,2,91.9,186.0,Residential,0.3,1.5,22.0,64.077759,72.390441
P0355,科技路,10,182,18.2,45,7,54.6,135.0,Mixed Residential,0.3,1.5,20.0,113.945264,22.544409
P0356,科技路,10,278,27.8,49,7,83.4,147.0,Residential,0.3,1.5,20.0,113.94593,22.544798
P0357,科技路,10,292,29.2,49,1,87.6,147.0,Residential,0.3,1.5,20.0,113.94585,22.54532
P0358,科技路,10,208,20.8,49,1,62.4,147.0,Residential,0.3,1.5,20.0,113.945668,22.546028
P0359,科技路,10,108,10.8,47,1,32.4,141.0,Industrial,0.5,2.5,20.0,113.944776,22.546757
P0360,科技路,10,10,1.0,1,1,3.0,3.0,Commercial,0.75,4.5,20.0,104.805037,31.687006
P0361,科技路,10,32,3.2,17,1,9.6,51.0,Unknown,0.65,3.5,20.0,77.385076,59.106219
P0362,科技路,10,57,5.7,17,1,17.1,51.0,Commercial,0.65,3.5,20.0,49.965621,86.525734
P0363,科技南路,10,244,24.4,57,1,73.2,171.0,Residential,0.3,1.5,20.0,113.945539,22.53453
P0364,科技南路,10,143,14.3,57,1,42.9,171.0,Residential,0.5,2.5,20.0,113.945961,22.536547
P0365,科技南路,10,44,4.4,7,1,13.2,21.0,Residential,0.65,3.5,20.0,113.946183,22.5373
P0366,科技南路,10,38,3.8,7,1,11.4,21.0,Public,0.65,3.5,20.0,113.946213,22.537555
P0367,科技南路,10,50,5.0,7,1,15.0,21.0,Residential,0.65,3.5,20.0,113.946032,22.537928
P0368,科技南路,10,48,4.8,7,1,14.4,21.0,Residential,0.65,3.5,20.0,95.664517,40.819608
P0369,科技南路,10,110,11.0,57,1,33.0,171.0,Residential,0.5,2.5,20.0,68.241799,68.242169
P0370,科技南路,10,104,10.4,57,1,31.2,171.0,Residential,0.5,2.5,20.0,40.819225,95.664729
P0371,琼宇路,10,58,5.8,7,1,17.4,21.0,Residential,0.65,3.5,20.0,113.941955,22.553383
P0372,琼宇路,10,46,4.6,7,1,13.8,21.0,Residential,0.65,3.5,20.0,113.942256,22.553635
P0373,琼宇路,10,31,3.1,7,1,9.3,21.0,Other,0.65,3.5,20.0,113.942608,22.553875
P0374,琼宇路,10,52,5.2,27,1,15.6,81.0,Other,0.65,3.5,20.0,113.943233,22.554067
P0375,琼宇路,10,74,7.4,27,1,22.2,81.0,Other,0.65,3.5,20.0,113.943819,22.554282
P0376,琼宇路,10,72,7.2,27,1,21.6,81.0,Residential,0.65,3.5,20.0,113.944225,22.554447
P0377,琼宇路,10,45,4.5,27,1,13.5,81.0,Residential,0.65,3.5,20.0,104.805704,31.693288
P0378,琼宇路,10,22,2.2,7,1,6.6,21.0,Residential,0.75,4.5,20.0,77.388688,59.109925
P0379,勤学路,10,38,3.8,8,1,11.4,24.0,Residential,0.65,3.5,20.0,113.928295,22.52723
P0380,勤学路,10,31,3.1,8,1,9.3,24.0,Public,0.65,3.5,20.0,113.928308,22.527326
P0381,勤学路,10,36,3.6,7,1,10.8,21.0,Public,0.65,3.5,20.0,113.928414,22.527437
P0382,勤学路,10,48,4.8,11,1,14.4,33.0,Residential,0.65,3.5,20.0,113.928567,22.5276
P0383,勤学路,10,69,6.9,11,2,20.7,33.0,Residential,0.65,3.5,20.0,104.788532,31.667761
P0384,勤学路,10,60,6.0,11,1,18.0,33.0,Residential,0.65,3.5,20.0,77.368019,59.087842
P0385,勤学路,10,63,6.3,11,1,18.9,33.0,Residential,0.65,3.5,20.0,49.947801,86.508047
P0386,勤学路,10,48,4.8,11,1,14.4,33.0,Residential,0.65,3.5,20.0,22.527457,113.928367
P0387,白石路,10,137,13.7,34,3,41.1,102.0,Unknown,0.5,2.5,20.0,113.932498,22.528694
P0388,白石路,10,73,7.3,11,3,21.9,33.0,Unknown,0.65,3.5,20.0,113.933381,22.529695
P0389,白石路,10,100,10.0,40,2,30.0,120.0,Unknown,0.5,2.5,20.0,113.935425,22.530793
P0390,白石路,10,199,19.9,40,2,59.7,120.0,Unknown,0.3,1.5,20.0,113.937399,22.532556
P0391,白石路,10,227,22.7,40,2,68.1,120.0,Unknown,0.3,1.5,20.0,86.515866,49.953044
P0392,白石路,10,227,22.7,40,6,68.1,120.0,Unknown,0.3,1.5,20.0,59.094637,77.373745
P0393,白石路,10,161,16.1,39,6,48.3,117.0,Unknown,0.3,1.5,20.0,31.67096,104.793759
P0394,书山路,10,77,7.7,26,1,23.1,78.0,Residential,0.65,3.5,20.0,113.927392,22.525965
P0395,书山路,10,94,9.4,26,1,28.2,78.0,Residential,0.5,2.5,20.0,113.927127,22.5261
P0396,书山路,10,102,10.2,26,1,30.6,78.0,Residential,0.5,2.5,20.0,113.927448,22.526276
P0397,书山路,10,86,8.6,26,1,25.8,78.0,Residential,0.5,2.5,20.0,113.927751,22.526503
P0398,书山路,10,84,8.4,17,1,25.2,51.0,Residential,0.5,2.5,20.0,104.787578,31.66662
P0399,书山路,10,118,11.8,26,1,35.4,78.0,Residential,0.5,2.5,20.0,77.366836,59.086632
P0400,书山路,10,108,10.8,26,1,32.4,78.0,Residential,0.5,2.5,20.0,49.946377,86.507053
