id,housetitle,address,quxian,shangquan,sqpinyin,money,lng,lat,geocode_status,community_type,population,built_year,area_m2,supply,price_per_m2,res_building_dist_deg,res_building_dist_m,res_building_area_m2,res_building_type,pop_by_area,density_adj,population_est
1,星海花园,深圳市南山区高新南七道104号,南山,粤海,粤海,996,113.916231,22.546877,OK,high_end,9265,2015,35599.45,1.49,279.9264218662403,0.0003534940934461,39.23784437252677,204.20846020679045,yes,2221,0.7,1702
2,金地雅园,深圳市南山区科苑路22号,南山,粤海,粤海,247,113.93485,22.527444,OK,commodity_housing,9949,2018,20077.88,1.795,123.22370567394016,0.0003471933886305,38.53846613799252,1833.3627951500928,commercial,1252,1.0,1371
3,华润豪庭,深圳市南山区高新南一道108号,南山,粤海,粤海,1516,113.935645,22.528029,OK,high_end,5747,2010,56636.18,1.474,267.77639420895207,0.0006092296675622,67.62449309940705,1796.4187723762868,commercial,3533,0.7,2709
4,中海公馆,深圳市南山区高新南七道89号,南山,粤海,粤海,1290,113.918479,22.526518,OK,high_end,6556,2014,80754.49,1.302,159.75773894779192,0.000432974188532,48.06013492706302,910.7971738688892,commercial,5038,0.7,3863
5,万科苑,深圳市南山区高新南七道2号,南山,粤海,粤海,442,113.957109,22.52315,OK,high_end,3775,2016,23438.85,1.855,188.8169972400025,0.0019153138829503,212.599841007484,199.84233048036336,yes,1462,0.7,1121
6,招商邸,深圳市南山区科苑路190号,南山,粤海,粤海,257,113.92981,22.530638,OK,commodity_housing,10989,2010,23131.33,1.705,111.4827893358836,0.0001333801816651,14.805200164831442,975.9534577300416,dormitory,1443,1.0,1581
7,华侨城居,深圳市南山区南海大道188号,南山,粤海,粤海,2254,113.953239,22.518945,OK,high_end,9863,2013,94732.01,1.729,238.01267484957725,0.0039081250386815,433.8018792936485,76.14581166004973,yes,5910,0.7,4533
8,花样年家园,深圳市南山区高新南一道81号,南山,粤海,粤海,451,113.931195,22.526954,OK,high_end,3064,2013,21563.64,1.454,209.23222772633545,0.000470654511665,52.24265079481653,1744.062736444555,commercial,1345,0.7,1031
9,佳兆业名苑,深圳市南山区南海大道48号,南山,粤海,粤海,2424,113.929679,22.506525,OK,high_end,9184,2013,111495.97,1.71,217.41760112073047,0.0001730307375719,19.20641187048693,323.37918097209547,apartments,6956,0.7,5335
10,龙光邸,深圳市南山区深圳湾口岸175号,南山,粤海,粤海,1849,113.92211,22.541586,OK,high_end,5731,2012,83755.75,1.732,220.8322387742924,0.0002344355434515,26.02234532311913,456.1486591518379,apartments,5225,0.7,4007
11,卓越花园,深圳市南山区深圳湾口岸179号,南山,粤海,粤海,591,113.930124,22.507264,OK,commodity_housing,9938,2011,72273.28,1.457,81.77933887208667,0.0004501042657087,49.96157349367445,506.9318819217452,apartments,4509,1.0,4941
12,华联雅园,深圳市南山区深圳湾口岸143号,南山,粤海,粤海,690,113.952473,22.531496,OK,commodity_housing,8116,2011,70857.07,1.853,97.45045604042124,0.0033221345498223,368.7569350302845,1034.5490659431252,yes,4420,1.0,4843
13,天悦豪庭,深圳市南山区高新南七道28号,南山,粤海,粤海,1404,113.935223,22.521598,OK,commodity_housing,8915,2018,112969.77,1.685,124.33826295572965,0.0010486578088124,116.40101677817684,8890.83478868139,yes,7048,1.0,7723
14,龙瑞公馆,深圳市南山区南海大道129号,南山,粤海,粤海,550,113.937297,22.539434,OK,commodity_housing,8450,2016,52434.5,1.273,104.94084866538824,0.0018047101091738,200.3228221182954,674.6862326976155,yes,3271,1.0,3584
15,阳光苑,深圳市南山区高新南一道172号,南山,粤海,粤海,679,113.936653,22.539844,OK,commodity_housing,11901,2009,71074.73,1.45,95.54754673295112,0.0020153972867398,223.7090988281239,501.785548714785,yes,4434,1.0,4858
16,翠湖邸,深圳市南山区高新南七道12号,南山,粤海,粤海,1336,113.935174,22.532709,OK,commodity_housing,4495,2010,90301.9,1.418,148.02474579046725,0.000824198236038,91.48600420021953,4355.321361040733,yes,5633,1.0,6172
17,碧海居,深圳市南山区高新南七道160号,南山,粤海,粤海,1903,113.934844,22.541922,OK,high_end,8855,2012,110826.59,1.344,171.73423081368347,0.0006093257925857,67.63516297701636,642.3331200839934,yes,6914,0.7,5302
18,金湾家园,深圳市南山区深圳湾口岸116号,南山,粤海,粤海,1540,113.919313,22.522586,OK,high_end,3202,2013,56965.45,1.345,270.47096345698435,0.0001371980512724,15.228983691241346,792.5714571507657,apartments,3554,0.7,2725
19,银湖名苑,深圳市南山区高新南一道148号,南山,粤海,粤海,1349,113.946107,22.526839,OK,high_end,3659,2011,52595.89,1.573,256.67242986570267,0.0002756429074376,30.59636272557634,3377.256651006998,yes,3281,0.7,2515
20,玉泉邸,深圳市南山区高新南七道185号,南山,粤海,粤海,1001,113.932012,22.524139,OK,high_end,4959,2012,58673.53,1.762,170.62814162189898,0.0003074789603859,34.13016460284112,1155.1341285900112,commercial,3660,0.7,2807
21,宝安花园,深圳市南山区科苑路129号,南山,粤海,粤海,1190,113.954585,22.544935,OK,commodity_housing,9287,2010,101722.22,1.533,117.07554048492044,0.0018041038427175,200.2555265416465,2374.557440435819,commercial,6346,1.0,6954
22,瑞景雅园,深圳市南山区高新南一道148号,南山,粤海,粤海,1395,113.955945,22.541872,OK,high_end,10158,2016,53902.98,1.41,258.8933518305359,0.0031820288225023,353.2051992977576,1578.6181180214571,commercial,3362,0.7,2578
23,盛世豪庭,深圳市南山区深圳湾口岸146号,南山,粤海,粤海,264,113.951568,22.513775,OK,commodity_housing,11445,2015,20919.71,1.605,126.4451238375639,0.0037474837581177,415.9706971510687,145.73474292803206,yes,1305,1.0,1430
24,雅居公馆,深圳市南山区深圳湾口岸48号,南山,粤海,粤海,409,113.943167,22.541014,OK,commodity_housing,3956,2017,42426.93,1.627,96.607436124776,0.0001261215996457,13.999497560673632,401.0255803681324,yes,2646,1.0,2899
25,锦绣苑,深圳市南山区深圳湾口岸51号,南山,粤海,粤海,1329,113.934599,22.509815,OK,high_end,7555,2011,70881.41,1.582,187.56927279083763,0.0005244594424711,58.21499811429744,2425.0914861391543,commercial,4422,0.7,3391
26,绿景邸,深圳市南山区高新南七道61号,南山,粤海,粤海,1187,113.94876,22.516912,OK,commodity_housing,7893,2017,84510.34,1.77,140.4917295550332,0.0028349474467392,314.6791665880541,2997.313644264775,yes,5272,1.0,5777
27,振业居,深圳市南山区南海大道37号,南山,粤海,粤海,1222,113.918984,22.528081,OK,commodity_housing,5205,2010,115392.86,1.749,105.9111090178811,0.0003887021206388,43.14593539090939,1711.305684008517,yes,7199,1.0,7888
28,金成家园,深圳市南山区深圳湾口岸160号,南山,粤海,粤海,2259,113.945794,22.522781,OK,high_end,3606,2015,116362.0,1.832,194.16733381043787,0.0006353067538308,70.51904967522614,20.332366076699284,yes,7259,0.7,5567
29,星海名苑,深圳市南山区科苑路127号,南山,粤海,粤海,777,113.940267,22.520858,OK,commodity_housing,9709,2009,89602.98,1.542,86.8023545639538,0.0005656581471331,62.78805433178003,1948.7625024960705,commercial,5590,1.0,6125
30,金地邸,深圳市南山区科苑路26号,南山,粤海,粤海,784,113.910596,22.525177,OK,high_end,11096,2009,33662.13,1.709,232.92299653618616,0.0014754593217001,163.77598470871771,463.1161374103534,apartments,2100,0.7,1610
31,华润花园,深圳市南山区高新南七道98号,南山,粤海,粤海,1688,113.943953,22.505433,OK,high_end,9655,2010,59678.38,1.62,282.992572342599,0.0007943690168013,88.17496086494741,489.7468933117118,yes,3723,0.7,2855
32,中海雅园,深圳市南山区科苑路58号,南山,粤海,粤海,665,113.94845,22.537015,OK,commodity_housing,7146,2015,66559.8,1.684,100.05788764897991,0.0006162770934446,68.40675737235786,1549.8221207616568,commercial,4152,1.0,4549
33,万科豪庭,深圳市南山区深圳湾口岸116号,南山,粤海,粤海,528,113.936027,22.528199,OK,commodity_housing,6124,2015,47154.29,1.779,112.008561312961,0.0007028939501141,78.02122846266758,2097.6382237099097,commercial,2941,1.0,3222
34,招商公馆,深圳市南山区高新南一道145号,南山,粤海,粤海,432,113.918374,22.538354,OK,commodity_housing,10987,2008,33274.54,1.782,130.02165729259664,0.0006708037196787,74.45921288434396,5741.862416872308,yes,2075,1.0,2273
35,华侨城苑,深圳市南山区南海大道117号,南山,粤海,粤海,1079,113.925233,22.535207,OK,commodity_housing,4081,2011,111521.37,1.465,96.78511514101822,0.0002925921076292,32.477723946851725,784.494203842582,yes,6957,1.0,7623
36,花样年邸,深圳市南山区高新南一道86号,南山,粤海,粤海,790,113.925657,22.516953,OK,commodity_housing,3580,2018,81172.07,1.452,97.34116926508102,0.0001796327325284,19.9392333106597,361.98725177556565,apartments,5064,1.0,5549
37,佳兆业居,深圳市南山区深圳湾口岸23号,南山,粤海,粤海,1217,113.938237,22.528294,OK,high_end,9617,2013,69161.59,1.484,175.98028048650227,0.0001166484271273,12.947975411134555,3198.8239419923457,commercial,4314,0.7,3308
38,龙光家园,深圳市南山区南海大道69号,南山,粤海,粤海,669,113.960374,22.535904,OK,commodity_housing,5849,2012,46089.36,1.639,145.3405415655638,0.000203385901147,22.575835027320625,898.9726861657261,apartments,2875,1.0,3150
39,卓越名苑,深圳市南山区高新南七道33号,南山,粤海,粤海,1222,113.928049,22.512219,OK,commodity_housing,9303,2013,114023.02,1.545,107.17189483445654,0.0001082435794778,12.01503732203877,731.2379449007638,apartments,7113,1.0,7794
40,华联邸,深圳市南山区高新南七道29号,南山,粤海,粤海,1675,113.920245,22.531962,OK,high_end,8387,2014,58610.26,1.777,285.8025962934096,0.000264929849923,29.40721334145304,938.2491685838372,apartments,3656,0.7,2804
41,天悦花园,深圳市南山区高新南一道105号,南山,粤海,粤海,607,113.937558,22.529191,OK,commodity_housing,11967,2014,58539.66,1.609,103.8437198624968,0.0009629028834529,106.88222006327234,5936.6454748766455,commercial,3652,1.0,4001
42,龙瑞雅园,深圳市南山区高新南七道138号,南山,粤海,粤海,353,113.915605,22.528483,OK,commodity_housing,3412,2012,23918.63,1.967,147.73063860641733,0.0001726913793424,19.16874310701257,580.0126203838786,yes,1492,1.0,1634
43,阳光豪庭,深圳市南山区深圳湾口岸12号,南山,粤海,粤海,1260,113.920887,22.535363,OK,high_end,8073,2013,45001.64,1.548,280.06749108145834,0.0004774160324021,52.99317959664211,265.6982939126476,yes,2807,0.7,2152
44,翠湖公馆,深圳市南山区南海大道86号,南山,粤海,粤海,684,113.916034,22.537072,OK,high_end,5914,2014,30312.39,1.742,225.78785586717856,9.738214163369956e-05,10.809417721340653,716.546134195834,apartments,1891,0.7,1449
45,碧海苑,深圳市南山区深圳湾口岸69号,南山,粤海,粤海,1004,113.934175,22.530675,OK,commodity_housing,3717,2013,87676.99,1.49,114.51179604402634,0.0011107688265262,123.2953397444096,551.5584288855613,yes,5470,1.0,5994
46,金湾邸,深圳市南山区深圳湾口岸181号,南山,粤海,粤海,2556,113.932532,22.536866,OK,high_end,8588,2012,95237.45,1.675,268.4427214191831,0.0002639271729158,29.295916193657508,330.8530186878521,dormitory,5941,0.7,4556
47,银湖居,深圳市南山区深圳湾口岸7号,南山,粤海,粤海,832,113.933389,22.528056,OK,high_end,7846,2019,34299.17,1.657,242.73270949743917,0.000542456445314,60.21266542986063,2012.5738941827333,commercial,2139,0.7,1640
48,玉泉家园,深圳市南山区高新南一道136号,南山,粤海,粤海,1474,113.929428,22.530791,OK,high_end,9938,2015,90624.22,1.249,162.72565711277878,0.0002815062428595,31.24719295741553,975.9534577300416,dormitory,5653,0.7,4336
49,宝安名苑,深圳市南山区深圳湾口岸108号,南山,粤海,粤海,818,113.927695,22.535372,OK,commodity_housing,4324,2014,95337.82,1.426,85.84505016890681,0.0011129271950126,123.53491864640128,454.6574512292962,yes,5948,1.0,6517
50,瑞景邸,深圳市南山区高新南七道61号,南山,粤海,粤海,177,113.923913,22.523738,OK,commodity_housing,7268,2013,21135.36,1.481,83.94122929772861,0.0008236124389883,91.42098072770666,803.1197267180426,apartments,1318,1.0,1444
51,盛世花园,深圳市南山区深圳湾口岸134号,南山,粤海,粤海,1553,113.944202,22.509304,OK,high_end,4214,2015,67771.49,1.771,229.25551819458136,0.00094119676801,104.47284124911228,89.70641962609989,yes,4228,0.7,3242
52,雅居雅园,深圳市南山区高新南七道164号,南山,粤海,粤海,1508,113.943806,22.502073,OK,high_end,4852,2014,52268.64,1.667,288.6964995335394,0.0008551636454821,94.92316464852296,474.28872442910864,yes,3260,0.7,2500
53,锦绣豪庭,深圳市南山区南海大道12号,南山,粤海,粤海,1278,113.909399,22.518991,OK,commodity_housing,6486,2012,119583.14,1.631,106.8941281965454,0.0004788475879472,53.15208226214872,532.3189497539829,yes,7460,1.0,8174
54,绿景公馆,深圳市南山区科苑路136号,南山,粤海,粤海,764,113.936566,22.527584,OK,commodity_housing,10575,2012,82013.26,1.366,93.16848118066328,0.0005323510642983,59.09096813711723,2097.6382237099097,commercial,5116,1.0,5606
55,振业苑,深圳市南山区高新南七道157号,南山,粤海,粤海,913,113.925118,22.541016,OK,commodity_housing,9042,2010,89816.17,1.522,101.66693314004294,0.0022074370655366,245.02551427456368,308.35582125479766,yes,5603,1.0,6139
56,金成邸,深圳市南山区科苑路56号,南山,粤海,粤海,890,113.936429,22.529584,OK,commodity_housing,8713,2011,61663.91,1.549,144.34235862848917,0.0002347357043134,26.055663178788343,5936.6454748766455,commercial,3847,1.0,4215
57,星海居,深圳市南山区南海大道86号,南山,粤海,粤海,2839,113.946034,22.517194,OK,high_end,5193,2013,118727.61,1.606,239.11960730282027,0.0023385483596981,259.57886792649543,2997.313644264775,yes,7407,0.7,5680
58,金地家园,深圳市南山区高新南七道197号,南山,粤海,粤海,360,113.942603,22.513997,OK,high_end,4633,2013,23682.19,1.654,152.05079472404958,0.0009055053173679,100.51109022783967,47.57146475481352,yes,1477,0.7,1131
59,华润名苑,深圳市南山区南海大道51号,南山,粤海,粤海,2283,113.962906,22.52795,OK,high_end,7809,2018,104964.74,1.584,217.581620296514,0.0004047128464127,44.92312595181191,626.4431811609279,apartments,6548,0.7,5022
60,中海邸,深圳市南山区科苑路162号,南山,粤海,粤海,1821,113.934102,22.533732,OK,high_end,7976,2015,95699.91,1.228,190.3008723037961,0.0014848571956981,164.8191487224922,303.94646546647573,yes,5970,0.7,4579
61,万科花园,深圳市南山区深圳湾口岸85号,南山,粤海,粤海,349,113.911981,22.531467,OK,commodity_housing,11580,2014,28840.82,1.76,121.29691279963453,0.0001924691222171,21.364072566107843,633.5910898269997,apartments,1799,1.0,1971
62,招商雅园,深圳市南山区高新南一道179号,南山,粤海,粤海,1149,113.920562,22.510689,OK,high_end,9881,2017,55058.76,1.554,208.83660676495984,7.4496511587559e-05,8.269112786219049,648.1046038668086,apartments,3435,0.7,2634
63,华侨城豪庭,深圳市南山区高新南七道138号,南山,粤海,粤海,1204,113.943036,22.522476,OK,commodity_housing,7637,2016,82208.67,1.883,146.46644365603495,0.000556750337001,61.79928740711159,1700.728298065511,yes,5128,1.0,5619
64,花样年公馆,深圳市南山区深圳湾口岸126号,南山,粤海,粤海,754,113.947339,22.521867,OK,commodity_housing,8971,2013,65913.58,1.897,114.48326657950088,0.0007172846521413,79.61859638768702,122.57957405183016,warehouse,4112,1.0,4505
65,佳兆业苑,深圳市南山区高新南七道184号,南山,粤海,粤海,1062,113.930503,22.523001,OK,high_end,9238,2007,60030.05,1.619,177.01009085239477,3.144590070758208e-05,3.490494978541611,2104.7878119033226,apartments,3745,0.7,2872
66,龙光邸,深圳市南山区深圳湾口岸5号,南山,粤海,粤海,2153,113.914194,22.540901,OK,high_end,7188,2020,117311.03,1.582,183.57735988594808,0.0003652300656995,40.540537292648985,3188.360788533189,apartments,7318,0.7,5612
67,卓越居,深圳市南山区科苑路47号,南山,粤海,粤海,337,113.929525,22.536047,OK,commodity_housing,5593,2009,32874.84,1.398,102.51079352760205,0.0006226486090648,69.11399560619513,3217.979985688909,yes,2051,1.0,2247
68,华联家园,深圳市南山区南海大道99号,南山,粤海,粤海,812,113.933411,22.526352,OK,commodity_housing,5878,2013,57728.6,1.202,140.78107749249108,0.0005212289915102,57.8564180576405,1975.071606180392,commercial,3601,1.0,3946
69,天悦名苑,深圳市南山区高新南一道56号,南山,粤海,粤海,1165,113.937344,22.533373,OK,high_end,11150,2013,73126.58,1.632,159.3512043766862,0.0005000601232066,55.506673675935325,1316.105575143807,dormitory,4562,0.7,3498
70,龙瑞邸,深圳市南山区高新南一道115号,南山,粤海,粤海,2659,113.947894,22.542281,OK,high_end,5797,2014,94961.62,1.218,280.0822471612085,0.0001020814026082,11.331035689510776,8247.026776159775,commercial,5924,0.7,4543
71,阳光花园,深圳市南山区南海大道13号,南山,粤海,粤海,691,113.935357,22.53553,OK,high_end,4296,2014,41144.8,1.396,167.96431977288768,0.0003368653518438,37.392054054666126,1207.2261579962308,apartments,2566,0.7,1968
72,翠湖雅园,深圳市南山区科苑路111号,南山,粤海,粤海,1610,113.919179,22.517452,OK,high_end,3232,2010,69844.22,1.252,230.56598127278212,0.0005619417800479,62.37553758532052,131.2126475259169,yes,4357,0.7,3341
73,碧海豪庭,深圳市南山区深圳湾口岸198号,南山,粤海,粤海,1720,113.934654,22.515918,OK,high_end,5739,2009,84591.72,1.542,203.41450888467693,0.0003361670901098,37.31454700218823,2080.7037456934927,commercial,5277,0.7,4046
74,金湾公馆,深圳市南山区南海大道131号,南山,粤海,粤海,788,113.929771,22.523903,OK,commodity_housing,4733,2010,56535.68,1.493,139.55722624853024,5.83531698832337e-05,6.477201857038941,738.0351246064199,apartments,3527,1.0,3864
75,银湖苑,深圳市南山区高新南一道62号,南山,粤海,粤海,935,113.923645,22.526237,OK,commodity_housing,8966,2016,101707.21,1.355,91.9621311173046,0.0004264583696458,47.33687903068729,613.5360284999043,yes,6345,1.0,6952
76,玉泉邸,深圳市南山区高新南一道20号,南山,粤海,粤海,995,113.94908,22.521307,OK,commodity_housing,9316,2014,96949.29,1.576,102.65754654829706,0.0011123005395077,123.46535988535756,122.57957405183016,warehouse,6048,1.0,6627
77,宝安居,深圳市南山区南海大道134号,南山,粤海,粤海,415,113.935153,22.531212,OK,commodity_housing,4917,2013,35436.27,1.489,117.281260278611,0.0014660894642955,162.7359305368041,1482.678574390614,commercial,2210,1.0,2421
78,瑞景家园,深圳市南山区深圳湾口岸73号,南山,粤海,粤海,655,113.933052,22.53122,OK,high_end,5219,2014,40173.05,1.611,163.18021668639852,0.0004054368264677,45.00348773792422,551.5584288855613,yes,2506,0.7,1922
79,盛世名苑,深圳市南山区深圳湾口岸120号,南山,粤海,粤海,1141,113.936071,22.511357,OK,commodity_housing,10984,2017,105072.75,1.648,108.5962805055142,0.000735947108214,81.6901290117643,3253.25268963537,commercial,6555,1.0,7183
80,雅居邸,深圳市南山区高新南一道105号,南山,粤海,粤海,2600,113.940731,22.527673,OK,high_end,5560,2015,94112.06,1.545,276.2743165137408,0.0007188188333584,79.78889050278597,514.3684343037455,apartments,5871,0.7,4502
81,锦绣花园,深圳市南山区科苑路89号,南山,粤海,粤海,1646,113.935071,22.505613,OK,high_end,10546,2015,83375.86,1.745,197.42948734447415,0.0002146624908533,23.827536484725,689.5460455974885,apartments,5201,0.7,3988
82,绿景雅园,深圳市南山区南海大道153号,南山,粤海,粤海,876,113.929827,22.516451,OK,commodity_housing,9943,2012,66267.98,1.381,132.3326566123376,5.563385876302239e-05,6.175358322695486,1006.8757721762096,apartments,4134,1.0,4530
83,振业豪庭,深圳市南山区高新南一道42号,南山,粤海,粤海,767,113.928262,22.536646,OK,commodity_housing,7018,2016,74284.93,1.459,103.2971050138739,6.367721442723445e-05,7.068170801423024,206.6847120229469,yes,4634,1.0,5077
84,金成公馆,深圳市南山区南海大道97号,南山,粤海,粤海,1967,113.94925,22.545066,OK,high_end,8408,2014,73346.11,1.736,268.2895816836796,0.0005616571424755,62.3439428147852,2380.9643073640555,commercial,4575,0.7,3508
85,星海苑,深圳市南山区高新南七道109号,南山,粤海,粤海,2941,113.929179,22.506992,OK,high_end,7612,2014,107676.56,1.405,273.1885957008019,3.576734692097902e-05,3.970175508228672,522.7852704826767,apartments,6717,0.7,5151
86,金地邸,深圳市南山区科苑路155号,南山,粤海,粤海,903,113.942742,22.535988,OK,high_end,6719,2012,34991.74,1.338,258.33788525895994,0.0005536625520643,61.45654327914478,2366.145614354318,yes,2183,0.7,1674
87,华润居,深圳市南山区科苑路46号,南山,粤海,粤海,461,113.922723,22.51294,OK,commodity_housing,8779,2016,38159.77,1.745,120.83742563362844,0.000218971510715,24.30583768936856,1065.256249411741,apartments,2380,1.0,2608
88,中海家园,深圳市南山区高新南七道100号,南山,粤海,粤海,554,113.915843,22.511121,OK,commodity_housing,3984,2018,45601.55,1.636,121.50740336811752,0.0005475226091052,60.77500961068619,2733.597346455719,commercial,2845,1.0,3117
89,万科名苑,深圳市南山区南海大道11号,南山,粤海,粤海,928,113.954302,22.517191,OK,high_end,11795,2011,57443.54,1.537,161.5981598233181,0.0057607751328154,639.4460397425097,76.14581166004973,yes,3583,0.7,2748
90,招商邸,深圳市南山区高新南一道168号,南山,粤海,粤海,2993,113.931979,22.528964,OK,high_end,6417,2015,103889.81,1.275,288.12628239260584,0.0011197196958129,124.28888623524108,705.32610480103,yes,6481,0.7,4970
91,华侨城花园,深圳市南山区科苑路75号,南山,粤海,粤海,1705,113.926728,22.521339,OK,high_end,7212,2017,80372.15,1.269,212.17568763054416,0.0003205444165317,35.58043023502927,1012.8681502932898,apartments,5014,0.7,3845
92,花样年雅园,深圳市南山区高新南一道179号,南山,粤海,粤海,1732,113.946542,22.521932,OK,high_end,11609,2012,111845.47,1.727,154.92700053651575,0.0012162980321007,135.0090815631803,20.332366076699284,yes,6977,0.7,5350
93,佳兆业豪庭,深圳市南山区科苑路49号,南山,粤海,粤海,935,113.93518,22.544173,OK,commodity_housing,9320,2016,98049.57,1.367,95.4068049856768,0.0001211637191997,13.449172831167605,2009.9618213908773,yes,6117,1.0,6703
95,卓越苑,深圳市南山区高新南一道18号,南山,粤海,粤海,1380,113.933449,22.526941,OK,high_end,5079,2018,66823.18,1.575,206.65889211602536,0.0002189701268527,24.30568408065969,1975.071606180392,commercial,4169,0.7,3197
96,华联邸,深圳市南山区高新南七道129号,南山,粤海,粤海,763,113.929537,22.547233,OK,commodity_housing,9645,2013,64076.27,1.44,119.17482319157526,0.0003917514573823,43.48441176944465,679.1566336087005,apartments,3997,1.0,4379
97,天悦居,深圳市南山区科苑路135号,南山,粤海,粤海,1055,113.933931,22.529824,OK,high_end,9305,2009,60873.42,1.215,173.42288960492854,0.0013108359427545,145.50278964575003,551.5584288855613,yes,3797,0.7,2911
98,龙瑞家园,深圳市南山区南海大道67号,南山,粤海,粤海,659,113.934589,22.527362,OK,high_end,8954,2011,43107.48,1.603,152.95658066315465,0.0002003172392482,22.2352135565576,1833.3627951500928,commercial,2689,0.7,2062
99,阳光名苑,深圳市南山区科苑路7号,南山,粤海,粤海,1044,113.946851,22.517873,OK,commodity_housing,5538,2013,116264.93,1.889,89.87572941443995,0.0014072439816193,156.20408195974636,2997.313644264775,yes,7253,1.0,7947
100,翠湖邸,深圳市南山区科苑路2号,南山,粤海,粤海,795,113.921203,22.512695,OK,high_end,7242,2012,32277.69,1.726,246.438834542138,0.0007454281045519,82.74251960526256,6722.314726057331,yes,2013,0.7,1543
101,碧海花园,深圳市南山区南海大道53号,南山,粤海,粤海,472,113.949807,22.518685,OK,high_end,7566,2011,23422.81,1.839,201.77882173219132,0.0027129743925563,301.1401575737578,2997.313644264775,yes,1461,0.7,1119
103,银湖豪庭,深圳市南山区科苑路29号,南山,粤海,粤海,505,113.942448,22.529059,OK,commodity_housing,10368,2011,33935.61,1.884,148.90815264924865,7.839365772541014e-05,8.701696007520525,438.9494103064029,residential,2117,1.0,2319
104,玉泉公馆,深圳市南山区科苑路17号,南山,粤海,粤海,2635,113.938602,22.53472,OK,high_end,9981,2018,111429.88,1.271,236.47747132713803,0.000407360550666,45.21702112392773,3150.9813837301704,commercial,6951,0.7,5331
105,宝安苑,深圳市南山区深圳湾口岸190号,南山,粤海,粤海,962,113.923467,22.535811,OK,commodity_housing,9136,2014,69427.39,1.544,138.6674874224807,0.0005398041046364,59.91825561464621,1703.6335192861734,yes,4331,1.0,4745
106,瑞景邸,深圳市南山区科苑路29号,南山,粤海,粤海,1146,113.933694,22.527844,OK,commodity_housing,8941,2016,93803.36,1.25,122.22064766264717,0.0002784594173246,30.90899532304064,2012.5738941827333,commercial,5852,1.0,6412
107,盛世居,深圳市南山区深圳湾口岸56号,南山,粤海,粤海,984,113.928794,22.53318,OK,commodity_housing,4333,2014,67605.04,1.598,145.57808175273306,0.000626153029689,69.50298629548504,1521.74658087586,yes,4217,1.0,4621
108,雅居家园,深圳市南山区高新南一道154号,南山,粤海,粤海,1529,113.935191,22.528852,OK,commodity_housing,4762,2015,104152.97,1.708,146.86654189064353,9.571530897058192e-05,10.624399295734593,1838.2286236236075,commercial,6497,1.0,7119
109,锦绣名苑,深圳市南山区深圳湾口岸108号,南山,粤海,粤海,871,113.925483,22.529554,OK,commodity_housing,4639,2013,63482.73,1.348,137.33716223719398,0.0002767532739737,30.719613411090336,1898.287441366088,apartments,3960,1.0,4339
110,绿景邸,深圳市南山区深圳湾口岸17号,南山,粤海,粤海,808,113.932405,22.520835,OK,commodity_housing,9667,2019,56097.39,1.255,144.211950282357,0.0006593900768271,73.19229852781295,8077.861165124033,commercial,3499,1.0,3834
111,振业小区,深圳市南山区前海路143号,南山,南山,南山,134,113.927336,22.526982,OK,urban_village,4150,2005,28241.9,1.188,47.58409531590063,0.0002111478155181,23.43740752251355,685.0637566767539,yes,1761,1.8,3472
112,金成苑,深圳市南山区南新路86号,南山,南山,南山,154,113.917603,22.528936,OK,commodity_housing,2046,2007,10296.6,0.953,149.95474496960844,0.00034429277894,38.216498462340944,747.0871839131352,apartments,642,1.0,703
113,星海园,深圳市南山区学府路146号,南山,南山,南山,210,113.918644,22.529622,OK,urban_village,10407,1999,45165.96,0.885,46.55106627473283,0.0001404475722961,15.589680524875732,1458.9801105005358,apartments,2817,1.8,5555
114,金地居,深圳市南山区学府路37号,南山,南山,南山,306,113.903961,22.528008,OK,commodity_housing,3182,2005,26964.26,0.999,113.67433186908605,0.0010040993552588,111.45502843373258,2859.41712070744,yes,1682,1.0,1843
115,华润新区,深圳市南山区桂庙路170号,南山,南山,南山,86,113.908472,22.528166,OK,urban_village,9040,2001,22707.82,1.132,38.004202746968296,0.0005156364694105,57.235648104573016,2038.8832088694649,apartments,1416,1.8,2792
116,中海家园,深圳市南山区学府路123号,南山,南山,南山,61,113.924562,22.523573,OK,urban_village,5641,2000,17856.39,0.711,34.59909724799314,0.0005807102904031,64.45884223474839,212.0809084509768,yes,1114,1.8,2197
117,万科大厦,深圳市南山区前海路133号,南山,南山,南山,646,113.925715,22.5299,OK,commodity_housing,3771,2013,59172.34,1.061,109.24367475171336,0.0003062600074719,33.99486082938765,1026.408904166708,yes,3691,1.0,4044
118,招商村,深圳市南山区南头街181号,南山,南山,南山,67,113.917992,22.529927,OK,urban_village,3565,1999,17030.09,1.029,39.72771336177237,0.0002866895001177,31.82253451307059,1575.8309914720994,apartments,1062,1.8,2094
119,华侨城花园,深圳市南山区学府路62号,南山,南山,南山,79,113.927383,22.529275,OK,urban_village,4228,1998,16852.63,0.851,46.97795768905412,0.0005064420536851,56.21506795904677,416.4351016916935,dormitory,1051,1.8,2072
120,花样年小区,深圳市南山区桂庙路110号,南山,南山,南山,251,113.915219,22.527597,OK,commodity_housing,6867,2001,20046.93,1.452,125.4752654294658,0.0005662122925184,62.84956446954346,1058.9311048828945,apartments,1250,1.0,1369
121,佳兆业苑,深圳市南山区南新路61号,南山,南山,南山,846,113.918471,22.533855,OK,commodity_housing,2053,2004,58393.34,1.13,144.9426598236649,0.0007575977455646,84.09334975767959,720.3949275827702,yes,3643,1.0,3992
122,龙光园,深圳市南山区桂庙路120号,南山,南山,南山,672,113.917272,22.541312,OK,commodity_housing,4109,2004,59809.46,1.138,112.4366523750934,0.0008246786635788,91.53933165724816,1232.479945542152,yes,3731,1.0,4088
123,卓越居,深圳市南山区学府路153号,南山,南山,南山,321,113.91799,22.529233,OK,commodity_housing,3640,1998,28340.83,0.764,113.36737798312578,0.0002112631840571,23.450213430346547,747.0871839131352,apartments,1768,1.0,1937
124,华联新区,深圳市南山区南新路146号,南山,南山,南山,40,113.918467,22.529376,OK,urban_village,3354,2003,9648.72,0.603,42.39285732124375,0.0001086322234457,12.058176802476718,719.4606998749197,apartments,601,1.8,1184
125,天悦家园,深圳市南山区学府路80号,南山,南山,南山,105,113.922229,22.532361,OK,urban_village,3991,2006,24265.17,1.119,43.347747973842544,0.0006630157951991,73.59475326711039,553.6612754213106,yes,1513,1.8,2983
126,龙瑞大厦,深圳市南山区学府路166号,南山,南山,南山,29,113.90782,22.514299,OK,urban_village,4104,2002,10638.14,1.114,27.6458523457146,0.0002409814183751,26.74893743963693,4351.288724895258,retail,663,1.8,1307
127,阳光村,深圳市南山区桂庙路12号,南山,南山,南山,58,113.925228,22.547999,OK,urban_village,8906,2001,15002.91,0.601,38.90454337599392,0.0001793851303818,19.911749472388337,397.6366155772588,apartments,936,1.8,1845
128,翠湖花园,深圳市南山区前海路192号,南山,南山,南山,579,113.92431,22.530253,OK,commodity_housing,3690,2003,59021.68,0.979,98.1862506744912,0.0004496430936691,49.91038339727169,1044.688806718421,apartments,3682,1.0,4034
129,碧海小区,深圳市南山区前海路148号,南山,南山,南山,356,113.901382,22.525735,OK,commodity_housing,3435,2007,40896.34,1.16,87.17568095934755,0.0014556190681699,161.57371656685908,470.2185996737254,yes,2551,1.0,2795
130,金湾苑,深圳市南山区学府路50号,南山,南山,南山,83,113.917432,22.52862,OK,urban_village,3440,2001,31465.39,0.884,26.44801151396996,0.0001853877147118,20.578036333012875,550.0440568806213,apartments,1963,1.8,3871
131,银湖园,深圳市南山区学府路58号,南山,南山,南山,384,113.932845,22.52908,OK,commodity_housing,4428,2000,27947.84,0.639,137.50590631852086,0.0010890433777938,120.88381493511346,705.32610480103,yes,1743,1.0,1909
132,玉泉居,深圳市南山区桂庙路157号,南山,南山,南山,798,113.921497,22.530023,OK,commodity_housing,5356,2004,57103.79,0.661,139.79468421230962,0.0003219840989894,35.74023498783298,388.8641265685061,apartments,3562,1.0,3903
133,宝安新区,深圳市南山区桂庙路187号,南山,南山,南山,179,113.91247,22.547632,OK,urban_village,8058,2007,41534.28,0.82,43.28175167434214,0.0017195971269537,190.875281091864,161.87367331197018,yes,2591,1.8,5109
134,瑞景家园,深圳市南山区南头街25号,南山,南山,南山,66,113.934308,22.526303,OK,urban_village,8026,2007,21877.62,0.738,30.32761760062708,0.0002417698792151,26.8364565928787,2446.4849329353656,commercial,1364,1.8,2690
135,盛世大厦,深圳市南山区南新路199号,南山,南山,南山,712,113.915294,22.517919,OK,commodity_housing,2984,2004,53168.4,1.011,133.96452912508363,0.0002089929723724,23.19821993334025,711.0463244499279,yes,3317,1.0,3634
136,雅居村,深圳市南山区南头街126号,南山,南山,南山,125,113.915974,22.527943,OK,urban_village,8055,2002,33995.7,1.519,37.03805878781375,0.0002896165832798,32.14744074406856,1058.9311048828945,apartments,2120,1.8,4181
137,锦绣花园,深圳市南山区桂庙路72号,南山,南山,南山,275,113.914271,22.521299,OK,commodity_housing,7109,2000,24948.12,1.269,110.32727242801587,0.0003981258609773,44.19197056848179,555.7289514041845,apartments,1556,1.0,1705
138,绿景小区,深圳市南山区南头街33号,南山,南山,南山,739,113.903399,22.533302,OK,commodity_housing,3389,2000,58684.39,1.114,125.98887002951452,0.0013902813451749,154.32122931441816,349.1083108945813,yes,3661,1.0,4011
139,振业苑,深圳市南山区前海路161号,南山,南山,南山,89,113.937095,22.524145,OK,urban_village,9131,1998,22017.39,0.899,40.45389335795298,0.0007240209232382,80.3663224794441,988.0729353760864,commercial,1373,1.8,2707
140,金成园,深圳市南山区桂庙路116号,南山,南山,南山,306,113.9178,22.529921,OK,commodity_housing,2001,2002,35780.59,1.13,85.77559741082949,9.461428406323424e-05,10.502185531019002,1575.8309914720994,apartments,2232,1.0,2445
141,星海居,深圳市南山区学府路61号,南山,南山,南山,160,113.913559,22.535522,OK,commodity_housing,6238,2009,18407.81,0.767,87.31974882340802,0.0005313615094918,58.9811275535906,730.7810566135142,apartments,1148,1.0,1257
142,金地新区,深圳市南山区南新路92号,南山,南山,南山,138,113.917812,22.529331,OK,commodity_housing,5144,2005,10702.51,0.925,129.63423636156415,0.0001043782135438,11.58598170337106,747.0871839131352,apartments,667,1.0,730
143,华润家园,深圳市南山区南头街188号,南山,南山,南山,106,113.920385,22.522923,OK,urban_village,2607,2011,25847.83,0.871,41.08944237991312,0.0001505279391494,16.70860124558551,846.6907113355569,apartments,1612,1.8,3178
144,中海大厦,深圳市南山区学府路55号,南山,南山,南山,514,113.917793,22.528216,OK,commodity_housing,4134,2001,41815.3,0.888,123.101941535957,0.0001137916124343,12.630868980213464,438.9367454482622,apartments,2608,1.0,2857
145,万科村,深圳市南山区南头街59号,南山,南山,南山,16,113.901912,22.53305,OK,urban_village,2706,2005,5093.23,1.086,33.307865633877725,0.0007723318766417,85.72883830722897,700.7194921853661,apartments,317,1.8,624
146,招商花园,深圳市南山区桂庙路159号,南山,南山,南山,35,113.915427,22.526443,OK,urban_village,8636,2007,11955.95,1.536,29.35483341445634,8.435883393633245e-05,9.3638305669329,231.85952418356675,apartments,745,1.8,1469
147,华侨城小区,深圳市南山区南新路117号,南山,南山,南山,77,113.901921,22.539386,OK,urban_village,9075,1997,19580.13,1.022,39.70145945225198,0.0008697896901065,96.54665560182406,1101.2093873068077,residential,1221,1.8,2407
148,花样年苑,深圳市南山区桂庙路143号,南山,南山,南山,39,113.907436,22.53814,OK,urban_village,3794,1996,10915.35,0.962,36.64532017550621,0.0001837708389224,20.39856312038644,396.9000243832502,apartments,680,1.8,1341
149,佳兆业园,深圳市南山区南头街84号,南山,南山,南山,332,113.919522,22.547004,OK,commodity_housing,5052,2003,30732.6,0.658,108.35145593562252,0.0011289877398179,125.31763911979763,173.37071310468625,apartments,1917,1.0,2100
150,龙光居,深圳市南山区前海路45号,南山,南山,南山,59,113.914999,22.528016,OK,urban_village,10619,2001,13461.5,1.23,44.33682814216502,0.0001427314998368,15.843196481885064,811.9211384727304,yes,839,1.8,1654
151,卓越新区,深圳市南山区前海路1号,南山,南山,南山,188,113.91842,22.535146,OK,commodity_housing,6957,1993,15579.34,0.87,121.15190597772708,0.00064565030325,71.66718366075868,762.4572624446037,apartments,971,1.0,1064
152,华联家园,深圳市南山区南头街120号,南山,南山,南山,463,113.917874,22.537903,OK,commodity_housing,5192,2003,39487.98,0.814,117.34583477097868,0.0008695652273182,96.52174023232232,727.5412325128952,apartments,2463,1.0,2698
153,天悦大厦,深圳市南山区桂庙路1号,南山,南山,南山,35,113.922413,22.517902,OK,urban_village,4339,2009,7236.82,0.919,48.41514230737404,0.0006174270584438,68.53440348727051,3175.925356823382,yes,451,1.8,888
154,龙瑞村,深圳市南山区桂庙路43号,南山,南山,南山,38,113.925161,22.536906,OK,urban_village,7578,2012,13530.47,0.625,28.70858002405222,0.0004440771359691,49.2925620925791,1690.2841032736835,yes,844,1.8,1664
155,阳光花园,深圳市南山区桂庙路52号,南山,南山,南山,46,113.925067,22.530775,OK,urban_village,9038,2001,16557.69,0.919,28.14353779516622,4.171889939051024e-05,4.630797832346636,14.15576239985554,yes,1033,1.8,2037
156,翠湖小区,深圳市南山区桂庙路86号,南山,南山,南山,73,113.916753,22.525738,OK,urban_village,9575,2007,20274.19,1.004,36.09375548261428,0.000597834814149,66.35966437054523,139.53496654999435,apartments,1264,1.8,2492
157,碧海苑,深圳市南山区学府路72号,南山,南山,南山,65,113.917515,22.544548,OK,urban_village,8657,2003,14806.47,1.119,44.21298411309478,0.000504300351497,55.97733901617799,1139.0748109574592,commercial,923,1.8,1820
158,金湾园,深圳市南山区南头街161号,南山,南山,南山,72,113.923701,22.51061,OK,urban_village,5524,2004,25122.62,0.809,28.98218613107013,0.0003353523296335,37.224108589327976,855.4012254875654,yes,1567,1.8,3090
159,银湖居,深圳市南山区南新路82号,南山,南山,南山,112,113.902028,22.540577,OK,urban_village,9514,2001,26952.54,0.947,41.68983463908962,0.0009987944628203,110.86618537306424,1089.1466167785914,apartments,1681,1.8,3314
160,玉泉新区,深圳市南山区南头街76号,南山,南山,南山,41,113.923023,22.525156,OK,urban_village,7850,2000,12347.63,0.989,33.20953069712703,0.0001455960001004,16.161156011154024,1829.3832807054944,yes,770,1.8,1518
161,宝安家园,深圳市南山区南新路194号,南山,南山,南山,45,113.908441,22.522109,OK,urban_village,11327,1998,11337.36,0.796,40.086214834534445,0.0007065320659559,78.4250593211051,774.4369532322664,apartments,707,1.8,1393
162,瑞景大厦,深圳市南山区南头街12号,南山,南山,南山,712,113.909864,22.5319,OK,commodity_housing,4863,1993,52052.7,1.185,136.96364018237105,0.0001542487326249,17.121609321372986,800.1529575023804,apartments,3247,1.0,3558
163,盛世村,深圳市南山区桂庙路151号,南山,南山,南山,93,113.924869,22.53933,OK,urban_village,11535,2012,24627.31,1.029,38.03085331213336,0.0008272544487418,91.82524381034074,308.35582125479766,yes,1536,1.8,3028
164,雅居花园,深圳市南山区桂庙路19号,南山,南山,南山,108,113.900105,22.538303,OK,urban_village,7643,2005,36161.71,0.97,29.928853164321936,0.0003782232561694,41.98278143481128,998.0187698311772,apartments,2256,1.8,4448
165,锦绣小区,深圳市南山区前海路158号,南山,南山,南山,506,113.926591,22.53636,OK,commodity_housing,3692,2011,49757.35,0.923,101.79153894092023,4.3080448008272686e-05,4.781929728918268,432.8016218179828,yes,3104,1.0,3401
166,绿景苑,深圳市南山区南新路39号,南山,南山,南山,183,113.916734,22.524137,OK,commodity_housing,4137,2003,14338.08,0.709,127.6782497775488,0.0006361414378708,70.61169960366895,372.4277375127441,apartments,894,1.0,979
167,振业园,深圳市南山区南头街172号,南山,南山,南山,792,113.902596,22.527544,OK,commodity_housing,7047,2000,58072.2,0.978,136.41947848426108,0.000266539490504,29.585883445947644,230.61454163209248,yes,3623,1.0,3970
168,金成居,深圳市南山区南头街15号,南山,南山,南山,85,113.931414,22.533753,OK,urban_village,8684,2004,27875.58,1.131,30.701994298723317,0.0016269059490086,180.58656033996317,194.56132329937597,apartments,1739,1.8,3429
169,星海新区,深圳市南山区前海路167号,南山,南山,南山,63,113.911068,22.524193,OK,urban_village,3472,2003,14024.25,0.919,45.56535796284196,0.0010328903043685,114.6508237849137,261.1680356960627,apartments,874,1.8,1723
170,金地家园,深圳市南山区前海路161号,南山,南山,南山,289,113.916959,22.528174,OK,commodity_housing,5040,2003,30045.13,0.692,96.46649093613894,0.000182101757264,20.213295056311704,604.0388758965275,apartments,1874,1.0,2053
171,华润大厦,深圳市南山区南头街2号,南山,南山,南山,243,113.918437,22.53206,OK,commodity_housing,3546,1998,20061.25,0.835,121.61334346303212,0.0001833078665701,20.347173189290224,373.7589228418352,apartments,1251,1.0,1370
172,中海村,深圳市南山区学府路24号,南山,南山,南山,405,113.915983,22.542979,OK,commodity_housing,5906,1999,31021.28,0.878,130.71617959790328,0.0007800889965283,86.58987861464605,239.91014427263005,yes,1935,1.0,2120
173,万科花园,深圳市南山区南头街136号,南山,南山,南山,265,113.919585,22.531654,OK,commodity_housing,7101,2005,21774.56,0.987,121.70255097322698,0.0005162885140203,57.30802505626079,2687.754447859818,apartments,1358,1.0,1488
174,招商小区,深圳市南山区桂庙路8号,南山,南山,南山,59,113.912932,22.535608,OK,urban_village,3107,2001,22197.68,0.968,26.74829014273585,0.0003969862691925,44.0654758803678,730.4425717813338,apartments,1384,1.8,2729
175,华侨城苑,深圳市南山区南头街35号,南山,南山,南山,540,113.928443,22.520203,OK,commodity_housing,2341,2001,42813.32,1.196,126.3287432894565,0.0003340589335656,37.080541625792456,2160.2662912291216,commercial,2671,1.0,2926
176,花样年园,深圳市南山区南头街55号,南山,南山,南山,343,113.916759,22.519841,OK,commodity_housing,2661,1996,37239.43,1.175,92.27120596503616,0.0001527589359062,16.9562418855965,2036.1833636101212,commercial,2323,1.0,2545
177,佳兆业居,深圳市南山区前海路65号,南山,南山,南山,52,113.915927,22.529525,OK,urban_village,9846,1992,10821.41,1.195,48.17502419810738,0.0003764931506132,41.79073971807424,1429.6759262956773,apartments,675,1.8,1331
178,龙光新区,深圳市南山区前海路142号,南山,南山,南山,651,113.924264,22.520402,OK,commodity_housing,6551,2000,47274.06,0.677,137.824734117677,0.0001763251374533,19.572090257319694,661.108956668098,apartments,2949,1.0,3231
179,卓越家园,深圳市南山区学府路150号,南山,南山,南山,47,113.921696,22.53337,OK,urban_village,4896,1999,11907.58,0.868,40.01485833401543,0.0013400353027057,148.74391860033288,208.6649783784272,yes,742,1.8,1462
180,华联大厦,深圳市南山区学府路158号,南山,南山,南山,65,113.896176,22.530416,OK,urban_village,10835,2001,14420.16,0.901,45.43624271227979,0.0006128449603257,68.02579059615968,2282.7117205112627,commercial,899,1.8,1773
181,天悦村,深圳市南山区学府路20号,南山,南山,南山,224,113.931754,22.516751,OK,commodity_housing,2072,2000,24771.45,0.614,90.76538047676218,0.000708399093295,78.63229935575515,1513.6815035556226,apartments,1545,1.0,1693
182,龙瑞花园,深圳市南山区南头街110号,南山,南山,南山,403,113.899603,22.52091,OK,commodity_housing,2792,2000,32926.43,0.913,122.44596611033629,0.0009906465585096,109.9617679945664,12243.39734304178,yes,2054,1.0,2250
183,阳光小区,深圳市南山区前海路25号,南山,南山,南山,483,113.932643,22.519115,OK,commodity_housing,3048,1991,42647.96,0.673,113.47638161336504,0.0009881505023358,109.68470575927392,4582.547317192687,apartments,2660,1.0,2914
184,翠湖苑,深圳市南山区南新路60号,南山,南山,南山,351,113.918192,22.531749,OK,commodity_housing,6223,2002,30489.89,0.787,115.42993039881708,2.6190653073742168e-05,2.907162491185381,321.1692530283348,apartments,1902,1.0,2084
185,碧海园,深圳市南山区学府路178号,南山,南山,南山,49,113.918004,22.529994,OK,urban_village,9010,2008,16358.05,0.715,30.29388376663696,0.000307564999331,34.13971492575139,1575.8309914720994,apartments,1020,1.8,2011
186,金湾居,深圳市南山区学府路7号,南山,南山,南山,24,113.932294,22.53543,OK,urban_village,7478,2007,7584.81,0.673,32.58187868918989,0.0008191524701487,90.9259241865089,545.1729027402611,yes,473,1.8,932
187,银湖新区,深圳市南山区前海路166号,南山,南山,南山,494,113.917513,22.528719,OK,commodity_housing,4148,1997,39991.41,0.784,123.6727085404147,0.0002645598941169,29.36614824698207,550.0440568806213,apartments,2495,1.0,2734
188,玉泉家园,深圳市南山区桂庙路86号,南山,南山,南山,490,113.915429,22.531288,OK,commodity_housing,7693,2005,42011.94,0.813,116.7853235378048,0.0001719608529642,19.087654679036227,300.526947360822,apartments,2621,1.0,2872
189,宝安大厦,深圳市南山区南头街13号,南山,南山,南山,558,113.923328,22.528768,OK,commodity_housing,4708,2000,47535.07,0.682,117.47170920168142,0.0003193426263273,35.44703152234044,2467.50851744912,commercial,2965,1.0,3249
190,瑞景村,深圳市南山区学府路191号,南山,南山,南山,11,113.923291,22.530404,OK,urban_village,4785,2002,3650.18,0.823,31.64627841635784,0.0003632358256184,40.31917664364492,194.81095667043127,apartments,227,1.8,447
191,盛世花园,深圳市南山区南新路21号,南山,南山,南山,86,113.912148,22.530024,OK,urban_village,7119,1997,24932.72,1.073,34.861906964250885,0.0002365955552457,26.262106632280105,734.1971811219191,apartments,1555,1.8,3067
192,雅居小区,深圳市南山区桂庙路97号,南山,南山,南山,577,113.920819,22.529204,OK,commodity_housing,2016,2002,42251.99,1.166,136.62184231454296,0.0002065430039988,22.92627344387485,424.435603456533,residential,2636,1.0,2888
193,锦绣苑,深圳市南山区南头街188号,南山,南山,南山,526,113.918457,22.529289,OK,commodity_housing,6854,2004,42286.4,1.137,124.56687775170452,9.46902676268669e-05,10.510619706582226,719.4606998749197,apartments,2638,1.0,2890
194,绿景园,深圳市南山区学府路129号,南山,南山,南山,60,113.899513,22.535927,OK,urban_village,9483,2004,22170.69,0.814,27.11980040114508,0.0003915346080043,43.46034148847823,819.486339549435,commercial,1383,1.8,2727
195,振业居,深圳市南山区学府路135号,南山,南山,南山,275,113.91941,22.530686,OK,commodity_housing,6327,2002,26369.07,0.778,104.47922608220946,0.0006732549054052,74.73129449998626,2687.754447859818,apartments,1645,1.0,1802
196,金成新区,深圳市南山区南新路38号,南山,南山,南山,310,113.919647,22.522369,OK,commodity_housing,7380,2000,36580.03,1.098,84.80989827627874,0.0001707658977832,18.95501465393832,710.7905715989501,apartments,2282,1.0,2500
197,星海家园,深圳市南山区南头街169号,南山,南山,南山,45,113.927831,22.535617,OK,urban_village,4776,2006,11223.57,0.673,40.37532420097166,0.000848918446681,94.22994758159965,454.6574512292962,yes,700,1.8,1380
198,金地大厦,深圳市南山区桂庙路181号,南山,南山,南山,24,113.928188,22.527372,OK,urban_village,10961,1999,8976.65,0.885,27.84891586785793,0.000388220684142,43.09249593976268,166.1845315463468,yes,560,1.8,1104
199,华润村,深圳市南山区学府路78号,南山,南山,南山,119,113.92805,22.524499,OK,commodity_housing,6878,1998,13762.01,0.959,86.65081892946132,0.0004051940068356,44.97653475875303,818.5057479306506,apartments,858,1.0,940
200,中海花园,深圳市南山区南头街120号,南山,南山,南山,192,113.905481,22.535011,OK,commodity_housing,6083,2003,20516.02,0.862,93.8229342901956,0.0006317435309964,70.12353194061087,1462.1461960172358,apartments,1279,1.0,1401
201,万科村,深圳市南山区兴华路86号,南山,蛇口,蛇口,1095,113.920767,22.4872,OK,high_end,8665,2002,42237.76,1.496,259.273601574242,0.0001466816813095,16.2816666253622,760.9385095377727,yes,2635,0.7,2020
202,招商苑,深圳市南山区太子路95号,南山,蛇口,蛇口,151,113.904135,22.481268,OK,commodity_housing,5037,2005,17556.06,1.428,86.43096213970313,0.0009672565835584,107.36548077498622,438.7817228786098,house,1095,1.0,1199
203,华侨城居,深圳市南山区海滨社区30号,南山,蛇口,蛇口,544,113.900243,22.488274,OK,commodity_housing,2876,2012,45585.24,1.248,119.55153950013111,0.0020118052826317,223.31038637212544,218.12164508631875,detached,2844,1.0,3116
204,花样年园,深圳市南山区海滨社区3号,南山,蛇口,蛇口,411,113.915129,22.476634,OK,commodity_housing,7779,2000,42309.02,1.16,97.2675205165136,0.0044859007109627,497.93497891686775,383.0353459056059,yes,2639,1.0,2891
205,佳兆业湾,深圳市南山区望海路112号,南山,蛇口,蛇口,1092,113.906476,22.487872,OK,high_end,2928,1995,61314.99,1.399,178.20371019231243,0.0002657353250271,29.49662107800948,997.1156728587206,apartments,3825,0.7,2933
206,龙光邸,深圳市南山区望海路162号,南山,蛇口,蛇口,1043,113.90692,22.474455,OK,high_end,4149,2010,68797.48,1.475,151.65474213936986,0.0007249969027026,80.47465619999747,1640.611242329178,yes,4292,0.7,3291
207,卓越公馆,深圳市南山区工业八路154号,南山,蛇口,蛇口,166,113.904924,22.471066,OK,urban_village,9178,2002,38608.15,1.324,43.05177345506843,0.002318560626447,257.36022953562,974.762668682334,commercial,2408,1.8,4749
208,华联花园,深圳市南山区望海路119号,南山,蛇口,蛇口,16,113.895989,22.494499,OK,urban_village,12444,2011,4614.73,1.173,34.69183986875986,0.0067316578899113,747.214025780159,219.188925436552,house,287,1.8,565
209,天悦邨,深圳市南山区兴华路60号,南山,蛇口,蛇口,133,113.912976,22.478941,OK,urban_village,8443,2004,29633.6,1.428,45.12472499201924,0.0017613034444878,195.5046823381521,4588.516384421878,yes,1848,1.8,3644
210,龙瑞村,深圳市南山区兴华路192号,南山,蛇口,蛇口,119,113.897035,22.502307,OK,urban_village,14493,1999,39488.84,1.502,30.24604987141024,0.0006173988001873,68.53126682080072,876.8334429278998,yes,2463,1.8,4857
211,阳光苑,深圳市南山区工业八路57号,南山,蛇口,蛇口,972,113.894739,22.486813,OK,high_end,2669,1999,35999.54,1.132,270.20503737292785,0.0005140746184733,57.0622826505366,1248.1480998824843,yes,2245,0.7,1721
212,翠湖居,深圳市南山区兴华路75号,南山,蛇口,蛇口,572,113.918666,22.481446,OK,commodity_housing,2783,1991,44731.65,1.235,128.01378897349048,0.0027752617829347,308.05405790576174,1511.0180597480658,apartments,2790,1.0,3057
213,碧海园,深圳市南山区海滨社区198号,南山,蛇口,蛇口,261,113.902506,22.464289,OK,commodity_housing,3597,2000,21570.59,1.43,121.00671021803312,0.0049286719918959,547.0825911004506,584.398377514594,yes,1345,1.0,1473
214,金湾湾,深圳市南山区海滨社区49号,南山,蛇口,蛇口,741,113.89658,22.487154,OK,commodity_housing,2949,1996,69690.96,1.198,106.38399153154604,0.0012362996467753,137.2292607920663,527.03471720515,yes,4347,1.0,4763
215,银湖邸,深圳市南山区望海路182号,南山,蛇口,蛇口,1160,113.882483,22.497282,OK,high_end,8962,2000,44752.28,1.279,259.42623429785954,0.0003252674518529,36.104687155678064,498.35321228177816,residential,2792,0.7,2141
216,玉泉公馆,深圳市南山区兴华路106号,南山,蛇口,蛇口,603,113.904509,22.491244,OK,commodity_housing,9210,2004,74583.61,1.372,80.93818385025159,0.0011028514105703,122.4165065733034,533.9954172293872,house,4653,1.0,5098
217,宝安花园,深圳市南山区兴华路73号,南山,蛇口,蛇口,87,113.902686,22.494409,OK,urban_village,2705,2008,19736.07,1.289,44.417763923879534,0.0036248750120605,402.3611263387223,537.1779264492667,apartments,1231,1.8,2427
218,瑞景邨,深圳市南山区工业八路7号,南山,蛇口,蛇口,973,113.903162,22.488066,OK,high_end,3797,1999,49339.5,1.279,197.27842816460384,0.00159433560849,176.97125254239052,224.2503446565165,detached,3078,0.7,2360
219,盛世村,深圳市南山区海滨社区58号,南山,蛇口,蛇口,108,113.909068,22.491059,OK,urban_village,8142,2003,26802.05,1.482,40.6106361617932,0.0004416226301596,49.0201119477253,1136.66788768418,apartments,1672,1.8,3297
220,雅居苑,深圳市南山区兴华路189号,南山,蛇口,蛇口,53,113.907594,22.487536,OK,urban_village,3553,2006,10969.87,1.281,48.67589969346808,0.0004410182378048,48.95302439634128,983.189853581126,yes,684,1.8,1348
221,锦绣居,深圳市南山区工业八路169号,南山,蛇口,蛇口,133,113.90685,22.490484,OK,urban_village,4862,2007,38056.78,1.245,35.099446908163706,0.0001796102029405,19.93673252640408,403.8305833531172,house,2374,1.8,4682
222,绿景园,深圳市南山区太子路22号,南山,蛇口,蛇口,735,113.907554,22.474747,OK,high_end,3017,2000,42081.04,1.35,174.86618102449137,0.000728008228946,80.80891341301377,19058.449365166543,retail,2625,0.7,2013
223,振业湾,深圳市南山区兴华路59号,南山,蛇口,蛇口,1093,113.913829,22.474467,OK,high_end,5250,2002,48180.23,1.175,226.87539731554972,0.0026805511863323,297.54118168288613,383.0353459056059,yes,3005,0.7,2304
224,金成邸,深圳市南山区兴华路143号,南山,蛇口,蛇口,34,113.902743,22.488329,OK,urban_village,12600,2010,10344.43,1.195,33.25537662178744,0.0018236547380332,202.4256759216948,261.6394836491804,detached,645,1.8,1272
225,星海公馆,深圳市南山区太子路153号,南山,蛇口,蛇口,1105,113.910138,22.50907,OK,high_end,9048,2000,41586.75,1.491,265.8018714464986,0.0010328985719739,114.65174148910886,225.76847113437492,apartments,2594,0.7,1988
226,金地花园,深圳市南山区望海路123号,南山,蛇口,蛇口,564,113.911132,22.492791,OK,commodity_housing,3077,1999,44846.88,1.201,125.9746073307006,0.0005485529576894,60.8893783035254,1794.1861044497723,commercial,2797,1.0,3064
227,华润邨,深圳市南山区望海路47号,南山,蛇口,蛇口,85,113.88983,22.501236,OK,urban_village,1807,2000,20962.22,1.341,40.86456043875759,0.0007491130934218,83.1515533698268,739.6851595391182,house,1307,1.8,2577
228,中海村,深圳市南山区工业八路109号,南山,蛇口,蛇口,1159,113.911484,22.509138,OK,high_end,8471,2000,58712.94,1.376,197.514251560129,0.0002699745589898,29.9671760478788,331.95583197507136,apartments,3663,0.7,2809
229,万科苑,深圳市南山区海滨社区4号,南山,蛇口,蛇口,968,113.909753,22.48415,OK,high_end,8667,2001,35458.52,1.454,273.056626117346,0.0003227189984075,35.821808823241184,129.14728573995615,detached,2212,0.7,1696
230,招商居,深圳市南山区海滨社区119号,南山,蛇口,蛇口,60,113.911273,22.464925,OK,urban_village,4391,2001,12215.04,1.254,49.71039973530191,0.0082553147588287,916.3399382299876,1039.0209777763375,retail,762,1.8,1502
231,华侨城园,深圳市南山区太子路154号,南山,蛇口,蛇口,1268,113.917025,22.500611,OK,high_end,9504,1996,49182.9,1.216,257.90304335537377,0.0003042242287037,33.76888938611139,372.6703634761182,apartments,3068,0.7,2352
232,花样年湾,深圳市南山区兴华路121号,南山,蛇口,蛇口,873,113.920058,22.49675,OK,commodity_housing,1764,2001,67334.45,1.224,129.7169959036318,0.0004473295343593,49.653578313886506,629.3170777219624,apartments,4200,1.0,4602
233,佳兆业邸,深圳市南山区太子路190号,南山,蛇口,蛇口,434,113.883795,22.491701,OK,commodity_housing,2087,2002,33464.56,1.178,129.84098142315466,0.0005644471800939,62.65363699043005,856.3191891534237,house,2087,1.0,2286
234,龙光公馆,深圳市南山区望海路69号,南山,蛇口,蛇口,1028,113.901972,22.477695,OK,high_end,7950,1989,41524.57,1.441,247.67213773225112,0.0011859133007631,131.63637638470854,877.3412974128186,commercial,2590,0.7,1985
235,卓越花园,深圳市南山区望海路148号,南山,蛇口,蛇口,61,113.911294,22.468208,OK,urban_village,7849,1997,21068.29,1.153,29.372035929398983,0.0050946418737581,565.5052479871521,1039.0209777763375,retail,1314,1.8,2591
236,华联邨,深圳市南山区海滨社区57号,南山,蛇口,蛇口,116,113.90699,22.508711,OK,urban_village,10631,2005,35590.26,1.255,32.63276691741828,0.0004115116858764,45.67779713228615,2832.8288270930866,yes,2220,1.8,4378
237,天悦村,深圳市南山区望海路134号,南山,蛇口,蛇口,1232,113.898571,22.5034,OK,high_end,1892,2002,65191.31,1.391,189.04302863490045,0.0021688156301102,240.73853494224156,876.8334429278998,yes,4067,0.7,3118
238,龙瑞苑,深圳市南山区工业八路147号,南山,蛇口,蛇口,84,113.897307,22.475691,OK,urban_village,3177,2005,21893.16,1.493,38.66620550469472,0.0016082541134462,178.51620659253,703.2107921295241,apartments,1365,1.8,2692
239,阳光居,深圳市南山区工业八路28号,南山,蛇口,蛇口,820,113.906739,22.487598,OK,commodity_housing,3467,2002,59538.18,1.542,137.82273361666003,0.0001656053151026,18.382189976391075,306.85376325584446,yes,3714,1.0,4069
240,翠湖园,深圳市南山区海滨社区61号,南山,蛇口,蛇口,110,113.927916,22.490717,OK,urban_village,12802,2006,30569.03,1.281,36.24605519931398,0.0002809278059195,31.18298645706948,772.8022814596283,residential,1907,1.8,3760
241,碧海湾,深圳市南山区工业八路68号,南山,蛇口,蛇口,315,113.909985,22.490741,OK,commodity_housing,3262,2003,25844.6,1.46,121.9165807468444,0.0005188350845795,57.59069438833218,1290.9644752469153,house,1612,1.0,1766
242,金湾邸,深圳市南山区海滨社区62号,南山,蛇口,蛇口,418,113.919725,22.472712,OK,commodity_housing,9289,2001,33828.41,1.573,123.83233201151968,0.0087722135364262,973.7157025433156,383.0353459056059,yes,2110,1.0,2312
243,银湖公馆,深圳市南山区望海路189号,南山,蛇口,蛇口,61,113.90424,22.487167,OK,urban_village,3292,2008,15430.05,1.492,39.974462704430266,0.0003257941530564,36.1631509892637,286.0135906708305,detached,962,1.8,1896
244,玉泉花园,深圳市南山区兴华路182号,南山,蛇口,蛇口,1954,113.925259,22.492423,OK,high_end,2227,1999,76907.71,0.915,254.1675684196063,0.0014929290350621,165.71512289190304,243.67661249289063,yes,4798,0.7,3679
245,宝安邨,深圳市南山区海滨社区179号,南山,蛇口,蛇口,637,113.886264,22.495729,OK,commodity_housing,1905,1997,52496.27,1.357,121.4188013614428,0.0017067160568623,189.4454823117237,1610.0639260934515,yes,3275,1.0,3588
246,瑞景村,深圳市南山区望海路145号,南山,蛇口,蛇口,863,113.90501,22.500769,OK,high_end,1693,2000,29009.81,1.314,297.5760469283157,0.0038248341797066,424.5565939474354,183.63227355532325,yes,1809,0.7,1387
247,盛世苑,深圳市南山区海滨社区84号,南山,蛇口,蛇口,81,113.918633,22.491734,OK,urban_village,9416,2000,22281.63,1.345,36.743594074767095,0.0005731241757889,63.616783512572255,363.9011567071484,apartments,1390,1.8,2741
248,雅居居,深圳市南山区望海路90号,南山,蛇口,蛇口,372,113.907447,22.500446,OK,high_end,2825,1999,13464.78,1.333,276.5886918917586,0.0033261055195838,369.1977126738025,472.579161846228,apartments,840,0.7,644
249,锦绣园,深圳市南山区海滨社区51号,南山,蛇口,蛇口,916,113.893334,22.490536,OK,high_end,7876,2000,37791.05,1.142,242.5599774176702,0.0041435484581499,459.9338788546393,686.4645578044343,yes,2357,0.7,1806
250,绿景湾,深圳市南山区海滨社区1号,南山,蛇口,蛇口,89,113.914466,22.478154,OK,urban_village,6292,2002,18468.42,1.336,48.23566736182785,0.0034389273692415,381.7209379858076,4588.516384421878,yes,1152,1.8,2271
251,振业邸,深圳市南山区海滨社区8号,南山,蛇口,蛇口,451,113.88995,22.499642,OK,commodity_housing,4811,2008,30770.93,1.394,146.78231893095284,0.0005587565790197,62.02198027119561,376.7911998759731,house,1919,1.0,2102
252,金成公馆,深圳市南山区太子路194号,南山,蛇口,蛇口,1911,113.904034,22.48796,OK,high_end,4552,2012,68071.13,1.172,280.7396590932346,0.001130908258269,125.5308166678686,286.0135906708305,detached,4246,0.7,3256
253,星海花园,深圳市南山区望海路167号,南山,蛇口,蛇口,1014,113.893846,22.470759,OK,high_end,2435,2004,62582.46,1.185,162.02700211228552,0.0008469696644544,94.01363275444,4996.316190707014,yes,3904,0.7,2993
254,金地邨,深圳市南山区工业八路118号,南山,蛇口,蛇口,1625,113.890219,22.496424,OK,high_end,3997,1998,72162.73,1.341,225.323041494298,0.0022228849752107,246.74023224839357,639.174845022043,yes,4502,0.7,3452
255,华润村,深圳市南山区望海路12号,南山,蛇口,蛇口,153,113.906882,22.490565,OK,urban_village,13577,1999,33652.94,1.552,45.5003157279839,9.268508510432577e-05,10.28804444658016,403.8305833531172,house,2099,1.8,4139
256,中海苑,深圳市南山区望海路23号,南山,蛇口,蛇口,155,113.900607,22.499667,OK,commodity_housing,3498,2005,13061.74,1.16,119.10496775152978,0.0002920675250719,32.419495282982616,69.22015684402432,yes,814,1.0,891
257,万科居,深圳市南山区兴华路108号,南山,蛇口,蛇口,216,113.904686,22.486461,OK,commodity_housing,4158,1999,15433.03,1.38,140.32197464428066,0.0001994278511809,22.136491481083286,235.8763646627059,detached,962,1.0,1054
258,招商园,深圳市南山区望海路118号,南山,蛇口,蛇口,63,113.910154,22.468382,OK,urban_village,6960,2014,18454.96,1.359,34.27931058594069,0.0046578845084015,517.0251804325758,1039.0209777763375,retail,1151,1.8,2269
259,华侨城湾,深圳市南山区海滨社区188号,南山,蛇口,蛇口,42,113.899259,22.471456,OK,urban_village,1806,1995,14887.25,1.288,28.86149368058309,0.0001463424152079,16.244008088079813,2184.25394502079,yes,928,1.8,1830
260,花样年邸,深圳市南山区太子路176号,南山,蛇口,蛇口,70,113.903878,22.488116,OK,urban_village,13538,2003,17620.22,1.424,40.14448123631726,0.0013155940823553,146.03094314144337,286.0135906708305,detached,1099,1.8,2167
261,佳兆业公馆,深圳市南山区工业八路51号,南山,蛇口,蛇口,303,113.908949,22.5122,OK,commodity_housing,6152,2003,36894.47,1.111,82.16690536435405,0.0003407752212811,37.82604956220579,501.96368931379766,apartments,2301,1.0,2521
262,龙光花园,深圳市南山区海滨社区35号,南山,蛇口,蛇口,110,113.922702,22.490764,OK,urban_village,6140,2006,22686.61,1.046,48.89797072388298,0.0003267255102206,36.266531634492026,755.0409217547383,commercial,1415,1.8,2791
263,卓越邨,深圳市南山区望海路141号,南山,蛇口,蛇口,307,113.915517,22.478276,OK,commodity_housing,5307,2002,33827.1,1.369,90.7901530224941,0.0043827743003156,486.4879473350354,4588.516384421878,yes,2110,1.0,2312
264,华联村,深圳市南山区望海路85号,南山,蛇口,蛇口,55,113.885603,22.483066,OK,urban_village,12382,2006,18421.54,1.228,29.8655959176218,0.0014779743266559,164.05515025880962,2107.123432605618,yes,1149,1.8,2266
265,天悦苑,深圳市南山区兴华路179号,南山,蛇口,蛇口,184,113.900293,22.493648,OK,urban_village,3427,1991,40639.86,1.162,45.41892325298821,0.0047735130973547,529.8599538063717,674.6507144695493,yes,2535,1.8,5000
266,龙瑞居,深圳市南山区海滨社区8号,南山,蛇口,蛇口,719,113.907711,22.470015,OK,high_end,3651,2008,32807.62,1.455,219.2168267830969,0.0027079131052016,300.5783546773785,1923.026157655088,commercial,2046,0.7,1569
267,阳光园,深圳市南山区兴华路5号,南山,蛇口,蛇口,1102,113.915525,22.490917,OK,high_end,3208,2005,42092.65,1.157,261.8790057940518,0.0001355572296077,15.04685248646022,252.99694653923737,apartments,2626,0.7,2014
268,翠湖湾,深圳市南山区太子路102号,南山,蛇口,蛇口,943,113.905891,22.48137,OK,high_end,2382,2006,42387.29,1.55,222.511115395972,0.0001151719692463,12.78408858634402,203.53138315803068,detached,2644,0.7,2027
269,碧海邸,深圳市南山区兴华路179号,南山,蛇口,蛇口,85,113.890072,22.486023,OK,urban_village,4608,2004,23437.85,1.472,36.39948189399843,0.0001559256848139,17.307751014346582,443.8731997991215,apartments,1462,1.8,2883
270,金湾公馆,深圳市南山区望海路113号,南山,蛇口,蛇口,86,113.892155,22.479151,OK,urban_village,2164,1988,34599.03,1.17,25.079196214517545,0.0002334411460767,25.91196721452173,3058.503774137512,yes,2158,1.8,4256
272,玉泉府,深圳市南山区科技路47号,南山,科技园,科技园,1401,113.948975,22.53361,OK,high_end,4276,2015,73045.86,1.722,191.81398086218292,0.0002777666221758,30.8320950615212,195.1081418980191,yes,4557,0.7,3494
273,宝安花园,深圳市南山区深南大道141号,南山,科技园,科技园,864,113.944009,22.544643,OK,high_end,14886,2009,35299.43,1.305,244.93594960176512,0.0004557219056741,50.58513152982814,2047.7779719778368,residential,2202,0.7,1688
274,瑞景公馆,深圳市南山区科技路34号,南山,科技园,科技园,2951,113.938497,22.521938,OK,high_end,12392,2014,121933.91,1.608,242.0406171356188,0.0004086022603825,45.35485090246421,4186.342911181831,commercial,7607,0.7,5834
278,绿景雅居,深圳市南山区科技中一路10号,南山,科技园,科技园,1579,113.955947,22.542616,OK,commodity_housing,11480,2008,121153.37,1.213,130.385401734828,0.0033287808838378,369.4946781060003,1578.6181180214571,commercial,7558,1.0,8282
279,振业豪庭,深圳市南山区朗山一路59号,南山,科技园,科技园,1125,113.94522,22.530008,OK,high_end,10555,2007,58158.41,1.533,193.49551784154136,0.000529792371549,58.806953241949536,608.2610365322706,apartments,3628,0.7,2782
280,金成府,深圳市南山区科发路105号,南山,科技园,科技园,795,113.939291,22.536961,OK,commodity_housing,10046,2014,64112.89,1.18,124.06903878242156,0.0002325407461009,25.81202281720032,2171.965017428716,commercial,3999,1.0,4382
281,星海花园,深圳市南山区科技中一路8号,南山,科技园,科技园,532,113.937919,22.535473,OK,commodity_housing,5809,2013,63140.35,1.524,84.3882735135306,0.0006999368773029,77.69299338062274,3464.0128756704817,commercial,3939,1.0,4316
282,金地公馆,深圳市南山区科发路137号,南山,科技园,科技园,714,113.945403,22.545178,OK,commodity_housing,9951,2009,67952.42,1.161,105.21637431602996,0.0002012002329341,22.333225855687328,1252.5880814377392,apartments,4239,1.0,4645
283,华润邸,深圳市南山区深南大道161号,南山,科技园,科技园,1735,113.943172,22.53715,OK,high_end,10091,2004,111016.81,1.17,156.34376238340218,0.0004439957135639,49.28352420559967,2671.3323605383407,commercial,6926,0.7,5312
284,中海名苑,深圳市南山区科技路24号,南山,科技园,科技园,633,113.960929,22.534241,OK,commodity_housing,10318,2006,50034.37,1.641,126.64697895047443,0.0004823160967075,53.53708673453544,874.0763705335264,apartments,3121,1.0,3420
285,万科中心,深圳市南山区朗山一路41号,南山,科技园,科技园,525,113.939977,22.516545,OK,commodity_housing,5316,2020,35782.32,1.316,146.97598708390004,0.0006945879062111,77.099257589441,123.10760959618167,retail,2232,1.0,2445
286,招商雅居,深圳市南山区深南大道141号,南山,科技园,科技园,3415,113.934709,22.545501,OK,high_end,10093,2009,122493.67,1.102,278.84350281309446,0.0003699622397954,41.06580861729448,895.4831114896878,apartments,7642,0.7,5861
289,佳兆业花园,深圳市南山区科技中一路81号,南山,科技园,科技园,1618,113.939109,22.545659,OK,commodity_housing,6100,2004,112565.33,1.245,143.77480919371686,2.0547839121207437e-05,2.280810142454025,527.8155139612795,apartments,7022,1.0,7694
291,卓越邸,深圳市南山区朗山一路27号,南山,科技园,科技园,1053,113.938898,22.544131,OK,high_end,7227,2006,62070.32,1.232,169.7277400374567,0.0001451132398512,16.10756962348631,891.3998768065794,apartments,3872,0.7,2969
292,华联名苑,深圳市南山区深南大道153号,南山,科技园,科技园,360,113.935961,22.543955,OK,commodity_housing,6792,2015,44424.87,1.259,81.22866543566403,0.0003501844902131,38.87047841366437,2009.676729758714,yes,2771,1.0,3036
293,天悦中心,深圳市南山区科发路160号,南山,科技园,科技园,1953,113.940251,22.529625,OK,high_end,4719,2015,65976.06,1.488,296.1291665724535,7.281748825113293e-05,8.082741195875755,604.7215323880541,apartments,4116,0.7,3157
294,龙瑞雅居,深圳市南山区科技中一路156号,南山,科技园,科技园,2008,113.956883,22.531018,OK,commodity_housing,12835,2018,137934.63,1.654,145.61649067150245,0.0022074030914908,245.0217431554875,2847.7691764262,yes,8605,1.0,9429
295,阳光豪庭,深圳市南山区科技中一路185号,南山,科技园,科技园,3189,113.936233,22.545298,OK,high_end,10683,2011,123231.36,1.223,258.8440800411624,0.0004879373745675,54.16104857700324,7346.756493180361,yes,7688,0.7,5896
296,翠湖府,深圳市南山区朗山一路65号,南山,科技园,科技园,2120,113.921159,22.528697,OK,commodity_housing,10410,2012,147798.4,1.416,143.4494674740106,0.0001304107492982,14.475593172103896,418.5526696721975,residential,9220,1.0,10103
298,金湾公馆,深圳市南山区深南大道122号,南山,科技园,科技园,2700,113.928863,22.535157,OK,high_end,5696,2018,144952.09,1.418,186.28399411693337,0.0015363552507266,170.53543283065423,3217.979985688909,yes,9043,0.7,6936
299,银湖邸,深圳市南山区深南大道108号,南山,科技园,科技园,2162,113.937021,22.542933,OK,high_end,5757,2006,97304.94,1.618,222.2000064803497,0.0007451025516665,82.70638323498547,1740.1982839213783,commercial,6070,0.7,4656
300,玉泉名苑,深圳市南山区朗山一路99号,南山,科技园,科技园,674,113.954338,22.520515,OK,commodity_housing,13738,2012,77023.0,1.679,87.62253197867274,0.0025829107158184,286.70308945584867,76.14581166004973,yes,4805,1.0,5265
301,宝安中心,深圳市南山区科技中一路154号,南山,科技园,科技园,785,113.925801,22.545135,OK,commodity_housing,9258,2011,85075.62,1.652,92.32668299314165,0.0002481643688779,27.546244945448304,835.4804571641866,commercial,5307,1.0,5815
302,瑞景雅居,深圳市南山区科技中一路162号,南山,科技园,科技园,781,113.962783,22.547215,OK,commodity_housing,7642,2012,72604.93,1.519,107.66441484169792,0.0002220177019743,24.643964919154094,542.8152637052252,apartments,4529,1.0,4962
303,盛世豪庭,深圳市南山区科技中一路86号,南山,科技园,科技园,2498,113.938223,22.540155,OK,high_end,10976,2008,84988.16,1.569,294.0251677093118,0.0008958790074145,99.4425698230201,674.6862326976155,yes,5302,0.7,4066
304,雅居府,深圳市南山区科发路170号,南山,科技园,科技园,1472,113.949107,22.530719,OK,commodity_housing,10217,2015,124130.5,1.542,118.63932114845048,0.0001633025744098,18.126585759495185,908.342484273512,apartments,7744,1.0,8485
307,振业邸,深圳市南山区科技中一路68号,南山,科技园,科技园,1791,113.938738,22.517457,OK,commodity_housing,8369,2004,149093.07,1.332,120.16888778731594,0.0004171732320115,46.30622875327859,1561.6580507304284,retail,9301,1.0,10192
308,金成名苑,深圳市南山区深南大道122号,南山,科技园,科技园,875,113.953532,22.522833,OK,high_end,7699,2009,33302.3,1.742,262.765825955864,0.0002922366304018,32.43826597460293,76.14581166004973,yes,2077,0.7,1592
309,星海中心,深圳市南山区朗山一路199号,南山,科技园,科技园,1769,113.942279,22.543795,OK,high_end,4660,2005,92003.81,1.555,192.37440989592784,0.0004780111770227,53.05924064952661,14624.038679165582,industrial,5739,0.7,4401
310,金地雅居,深圳市南山区科技中一路116号,南山,科技园,科技园,1778,113.960336,22.52747,OK,high_end,11812,2019,80333.76,1.704,221.45035999516483,0.0012397131058313,137.60815474728255,1256.4415031540902,apartments,5011,0.7,3843
312,中海府,深圳市南山区科技路181号,南山,科技园,科技园,839,113.947359,22.521737,OK,commodity_housing,7607,2009,72312.31,1.735,116.09615840995174,0.0006644265068266,73.75134225776276,122.57957405183016,warehouse,4511,1.0,4943
314,招商公馆,深圳市南山区朗山一路76号,南山,科技园,科技园,998,113.944687,22.543858,OK,high_end,7156,2003,66473.1,1.238,150.22107331294671,0.0004775986759338,53.01345302865783,4055.0969414236633,commercial,4147,0.7,3180
317,佳兆业中心,深圳市南山区科技中一路17号,南山,科技园,科技园,615,113.921299,22.534307,OK,commodity_housing,8538,2017,62282.36,1.411,98.81927197169904,0.0003840514451323,42.62971040968884,208.6649783784272,yes,3885,1.0,4257
318,龙光雅居,深圳市南山区科技路51号,南山,科技园,科技园,1404,113.930854,22.539701,OK,commodity_housing,9754,2009,121080.63,1.162,115.96981249447374,0.0008629568573453,95.78821116532995,101.6215189161968,yes,7554,1.0,8277
320,华联府,深圳市南山区深南大道3号,南山,科技园,科技园,595,113.937482,22.545767,OK,commodity_housing,6524,2010,47060.45,1.228,126.56023359668838,0.0002083080560705,23.122194223833105,831.9634140951902,apartments,2936,1.0,3217
322,龙瑞公馆,深圳市南山区朗山一路59号,南山,科技园,科技园,1747,113.961346,22.547364,OK,commodity_housing,6535,2011,125705.68,1.47,139.02946636554816,8.911710608690664e-05,9.891998775646638,1314.9456970708811,apartments,7842,1.0,8593
323,阳光邸,深圳市南山区科发路80号,南山,科技园,科技园,574,113.916815,22.544855,OK,commodity_housing,4389,2018,44219.08,1.677,130.00875345386189,0.0004885160198072,54.22527819860083,1139.0748109574592,commercial,2758,1.0,3022
325,碧海中心,深圳市南山区深南大道75号,南山,科技园,科技园,2576,113.940172,22.537807,OK,high_end,8595,2011,110882.39,1.131,232.3287997616034,7.902478204539648e-05,8.771750807039009,834.219609470029,commercial,6917,0.7,5304
328,玉泉府,深圳市南山区科技中一路62号,南山,科技园,科技园,938,113.938018,22.541959,OK,commodity_housing,9911,2012,63158.29,1.359,148.62581186595295,0.0009648811402106,107.10180656337928,501.785548714785,yes,3940,1.0,4317
329,宝安花园,深圳市南山区科技路71号,南山,科技园,科技园,953,113.932656,22.544369,OK,high_end,5988,2012,52777.84,1.449,180.66608609243204,0.0002674642087685,29.68852717330514,426.2040488976698,apartments,3292,0.7,2524
331,盛世邸,深圳市南山区深南大道34号,南山,科技园,科技园,1277,113.933736,22.542088,OK,commodity_housing,6195,2011,101885.35,1.474,125.39533740830817,0.0009041166522184,100.35694839625052,1516.8474635909847,yes,6356,1.0,6964
332,雅居名苑,深圳市南山区科发路100号,南山,科技园,科技园,1016,113.934794,22.534271,OK,commodity_housing,7849,2012,84082.38,1.503,120.8489877127373,0.0010038304457847,111.42517948210735,303.94646546647573,yes,5245,1.0,5747
333,锦绣中心,深圳市南山区朗山一路193号,南山,科技园,科技园,2533,113.938,22.545061,OK,high_end,5271,2013,100510.3,1.521,252.0167828170459,9.477816563595534e-05,10.520376385591042,576.0352008053627,apartments,6270,0.7,4809
334,绿景雅居,深圳市南山区深南大道46号,南山,科技园,科技园,906,113.955406,22.546689,OK,commodity_housing,11304,2012,84030.51,1.675,107.93247223497043,0.0014900039488958,165.39043832744343,957.3278746185582,apartments,5242,1.0,5744
336,金成府,深圳市南山区科发路121号,南山,科技园,科技园,793,113.953784,22.526239,OK,commodity_housing,12264,2019,82606.2,1.787,96.04203658499137,0.0034292258512481,380.6440694885479,76.14581166004973,yes,5153,1.0,5646
337,星海花园,深圳市南山区科发路176号,南山,科技园,科技园,272,113.927949,22.526532,OK,commodity_housing,9166,2012,33540.49,1.314,81.10692373630735,0.0001364852877863,15.149866944284474,893.2401110791916,yes,2092,1.0,2292
338,金地公馆,深圳市南山区科技中一路82号,南山,科技园,科技园,1667,113.94703,22.539362,OK,high_end,7901,2013,102807.81,1.504,162.17237678043588,0.0003409264028292,37.84283071404978,19.16936637433743,yes,6414,0.7,4919
339,华润邸,深圳市南山区科发路73号,南山,科技园,科技园,1369,113.946376,22.521775,OK,commodity_housing,14626,2015,104014.03,1.689,131.65421753478176,0.001123029449201,124.6562688613217,20.332366076699284,yes,6489,1.0,7110
341,万科中心,深圳市南山区朗山一路18号,南山,科技园,科技园,1543,113.940871,22.532998,OK,high_end,6041,2014,89931.81,1.421,171.6581448200501,0.00115509263704,128.21528271144425,2963.498107641996,commercial,5610,0.7,4302
342,招商雅居,深圳市南山区科发路54号,南山,科技园,科技园,587,113.94197,22.537178,OK,commodity_housing,11352,2007,54131.85,1.454,108.5343000585759,0.0003864747857176,42.89870121466153,2434.5999631940185,commercial,3377,1.0,3700
343,华侨城豪庭,深圳市南山区深南大道92号,南山,科技园,科技园,558,113.944201,22.546115,OK,commodity_housing,12312,2009,61228.39,1.196,91.23238299898586,0.0001872512118075,20.78488451063695,2841.255070259646,commercial,3819,1.0,4184
344,花样年府,深圳市南山区科发路56号,南山,科技园,科技园,1833,113.924424,22.522299,OK,commodity_housing,4802,2017,126701.34,1.105,144.71927387637635,0.0005816357056424,64.56156332631426,4338.726938957957,yes,7904,1.0,8661
345,佳兆业花园,深圳市南山区深南大道36号,南山,科技园,科技园,1767,113.93078,22.542483,OK,commodity_housing,10296,2015,129374.02,1.23,136.65270787996835,0.0007457418537784,82.77734576940512,629.973719723177,yes,8071,1.0,8844
346,龙光公馆,深圳市南山区科发路109号,南山,科技园,科技园,1650,113.930444,22.536725,OK,high_end,6854,2009,57814.03,1.291,285.5337665148795,0.0009637464294195,106.97585366557212,1881.7118863582864,yes,3606,0.7,2765
347,卓越邸,深圳市南山区科技路29号,南山,科技园,科技园,2872,113.932185,22.544886,OK,high_end,10219,2012,133051.71,1.549,215.8815901874576,0.0003509951511014,38.960461772260125,528.4023185157741,apartments,8300,0.7,6366
348,华联名苑,深圳市南山区科技中一路134号,南山,科技园,科技园,662,113.92607,22.548128,OK,high_end,5647,2012,44106.16,1.199,150.29882028286053,0.0002159516728747,23.9706356890938,290.41189756125914,apartments,2751,0.7,2109
349,天悦中心,深圳市南山区科发路118号,南山,科技园,科技园,1366,113.940183,22.536368,OK,high_end,12306,2008,56683.36,1.412,241.1629024643479,0.0006755602653717,74.98718945626803,1677.2106445259851,apartments,3536,0.7,2712
351,阳光豪庭,深圳市南山区深南大道48号,南山,科技园,科技园,1576,113.931043,22.525118,OK,commodity_housing,8236,2009,134463.24,1.479,117.27528464911872,0.0005978310875152,66.35925071419311,2333.7595062997134,commercial,8388,1.0,9191
352,翠湖府,深圳市南山区深南大道26号,南山,科技园,科技园,445,113.93523,22.542834,OK,commodity_housing,8390,2007,47141.04,1.515,94.43764796853068,0.0006779353113211,75.25081955664396,2240.6021466215443,commercial,2941,1.0,3222
353,碧海花园,深圳市南山区科技中一路124号,南山,科技园,科技园,1077,113.942859,22.541264,OK,commodity_housing,12442,2015,86910.6,1.436,123.9898519630211,0.0003105604407268,34.47220892068346,1348.031208616885,industrial,5422,1.0,5941
354,金湾公馆,深圳市南山区科技路108号,南山,科技园,科技园,1698,113.95414,22.530139,OK,commodity_housing,6679,2012,120316.6,1.574,141.1919477509918,0.0039475032453073,438.17286022911503,2847.7691764262,yes,7506,1.0,8225
356,玉泉名苑,深圳市南山区朗山一路79号,南山,科技园,科技园,3128,113.942978,22.541467,OK,high_end,7719,2011,135282.05,1.334,231.26414464013448,0.0002336553822596,25.93574743082535,1348.031208616885,industrial,8440,0.7,6474
359,盛世豪庭,深圳市南山区科技路164号,南山,科技园,科技园,2939,113.944521,22.545343,OK,high_end,4670,2010,126539.36,1.564,232.2628744490344,0.000319985624672,35.51840433860158,1913.1870795965167,residential,7894,0.7,6054
360,雅居府,深圳市南山区科技路99号,南山,科技园,科技园,1397,113.939814,22.527583,OK,commodity_housing,7439,2015,120209.64,1.582,116.26056464832374,0.0007640943235165,84.81446991033691,514.3684343037455,apartments,7499,1.0,8217
361,锦绣花园,深圳市南山区科发路21号,南山,科技园,科技园,1964,113.929151,22.528623,OK,commodity_housing,6942,2017,136849.14,1.55,143.5759942090226,0.0006905276095204,76.64856465677296,1515.3613840363626,yes,8537,1.0,9354
362,绿景公馆,深圳市南山区深南大道11号,南山,科技园,科技园,1198,113.922887,22.523021,OK,commodity_housing,9876,2007,105886.96,1.194,113.1744854081272,0.0001383547650081,15.357378915901434,866.9052060062133,apartments,6606,1.0,7238
365,星海中心,深圳市南山区朗山一路23号,南山,科技园,科技园,2528,113.937925,22.538249,OK,high_end,4922,2008,101436.39,1.259,249.29534171908028,0.0011739753514753,130.31126401376642,590.6721332647061,yes,6328,0.7,4853
366,金地雅居,深圳市南山区深南大道63号,南山,科技园,科技园,2186,113.961472,22.542529,OK,high_end,7940,2009,119740.63,1.19,182.5846329679516,0.0002251329722443,24.989759919123724,242.08302275000727,yes,7470,0.7,5729
369,万科花园,深圳市南山区深南大道113号,南山,科技园,科技园,870,113.960974,22.528981,OK,commodity_housing,8460,2012,85899.09,1.616,101.28211907135996,0.0003723732647191,41.333432383824274,1208.3515626280791,apartments,5359,1.0,5872
370,招商公馆,深圳市南山区深南大道35号,南山,科技园,科技园,673,113.963959,22.538536,OK,commodity_housing,8594,2012,78721.42,1.108,85.61555725189999,9.480224030163869e-05,10.523048673481894,333.8337384830048,warehouse,4911,1.0,5381
380,翠湖苑,深圳市南山区西丽路8号,南山,西丽,西丽,32,113.939581,22.548559,OK,urban_village,17666,2008,8179.2,0.815,40.07598887633208,0.0003514604129795,39.0121058407304,5606.477499813588,industrial,510,1.8,1005
388,雅居苑,深圳市南山区松坪山路38号,南山,西丽,西丽,270,113.933131,22.545235,OK,affordable_housing,9124,2007,41704.44,0.845,64.77707212259892,0.0001930494545542,21.428489455524684,777.8332405154765,yes,2601,1.3,3704
396,中海苑,深圳市南山区珠光路112号,南山,西丽,西丽,408,113.920687,22.546622,OK,affordable_housing,3756,2003,58109.14,0.685,70.23198955441944,0.0008568142260975,95.10637909682605,611.2674989665811,apartments,3625,1.3,5163
428,花样年苑,深圳市南山区留仙大道54号,南山,西丽,西丽,323,113.946016,22.548932,OK,commodity_housing,5792,2000,22360.64,0.921,144.85246585693295,0.0002724554786588,30.24255813113548,768.6430221041154,industrial,1395,1.0,1528
441,宝安花园,深圳市南山区世界之窗125号,南山,沙河,沙河,362,113.968296,22.542509,OK,commodity_housing,18675,2017,40215.4,1.727,90.03767590076248,0.0002844843571049,31.577763638645308,1467.261443220717,apartments,2508,1.0,2748
442,瑞景公馆,深圳市南山区华侨城波托菲诺22号,南山,沙河,沙河,2735,113.939617,22.532222,OK,high_end,12036,2015,145782.51,1.891,187.6620155497752,0.0005137589363649,57.0272419365112,2876.915217779868,commercial,9095,0.7,6975
443,盛世邸,深圳市南山区华侨城香山中街10号,南山,沙河,沙河,4145,113.968104,22.537731,OK,high_end,14864,2008,188617.53,1.699,219.8005400909229,0.0004229647935277,46.94909208157535,2618.8861766674945,yes,11767,0.7,9025
444,雅居名苑,深圳市南山区世界之窗155号,南山,沙河,沙河,1669,113.962507,22.530537,OK,commodity_housing,10206,2016,141020.05,1.956,118.37016419096152,0.0008986242814327,99.7472952390397,1209.4812454271237,apartments,8798,1.0,9640
445,锦绣雅居,深圳市南山区世界之窗142号,南山,沙河,沙河,1360,113.947226,22.516022,OK,commodity_housing,19663,2017,98040.58,2.057,138.78742465424418,0.0032262896447465,358.11815056687027,2997.313644264775,yes,6116,1.0,6701
446,绿景湾,深圳市南山区沙河东路80号,南山,沙河,沙河,2306,113.963355,22.511592,OK,commodity_housing,9135,2018,176255.09,2.317,130.87871817337663,0.0105984168723443,1176.4242728302183,86.47860941034247,yes,10996,1.0,12049
447,振业岸,深圳市南山区世界之窗187号,南山,沙河,沙河,1768,113.970102,22.527575,OK,commodity_housing,10697,2016,132991.27,1.908,132.94339887080207,0.0028938762211784,321.22026055081,2230.408570822244,commercial,8297,1.0,9091
448,金成居,深圳市南山区华侨城香山中街87号,南山,沙河,沙河,2799,113.963793,22.525016,OK,high_end,8581,2015,110778.65,1.803,252.6939291397449,0.0012904255865302,143.2372401048543,2017.2430096609564,commercial,6911,0.7,5300
449,星海花园,深圳市南山区沙河东路79号,南山,沙河,沙河,740,113.951574,22.525614,OK,commodity_housing,10940,2011,56549.46,1.954,131.025744007361,0.0030143751368223,334.5956401872856,464.6839549963888,apartments,3528,1.0,3866
450,金地公馆,深圳市南山区华侨城香山中街35号,南山,沙河,沙河,1734,113.958211,22.527828,OK,high_end,15370,2000,63714.79,1.821,272.291449663584,0.0012400793230288,137.64880485620333,495.5794831940841,house,3975,0.7,3048
451,华润邸,深圳市南山区华侨城香山中街172号,南山,沙河,沙河,4132,113.9669,22.52143,OK,high_end,17252,2003,198213.69,1.886,208.48496194366209,0.0004741203433679,52.62735811383905,502.46908634567006,yes,12366,0.7,9485
452,中海名苑,深圳市南山区沙河东路20号,南山,沙河,沙河,3121,113.960905,22.530019,OK,high_end,15853,2014,111056.57,2.014,281.0427793105823,0.000504468531639,55.99600701192968,708.0199295406629,apartments,6928,0.7,5313
453,万科雅居,深圳市南山区世界之窗163号,南山,沙河,沙河,1422,113.943896,22.51993,OK,commodity_housing,10493,2003,134768.22,2.065,105.52694733640357,0.0015400832702442,170.949242997113,3942.3770626453297,commercial,8408,1.0,9213
454,招商湾,深圳市南山区沙河东路173号,南山,沙河,沙河,2523,113.956804,22.525929,OK,commodity_housing,6144,2010,168655.31,1.956,149.6278915637541,0.0028611614383046,317.5889196518136,4116.444802559796,residential,10522,1.0,11530
455,华侨城岸,深圳市南山区世界之窗42号,南山,沙河,沙河,3079,113.960554,22.51477,OK,high_end,13164,2009,167441.36,1.932,183.9049795182978,0.0073265488280027,813.2469199083101,199.84233048036336,yes,10446,0.7,8012
456,花样年居,深圳市南山区世界之窗39号,南山,沙河,沙河,2092,113.952417,22.527167,OK,high_end,3298,2004,84455.23,2.093,247.78512983436912,0.0035944987858089,398.989365224789,910.3004693243852,residential,5269,0.7,4041
457,佳兆业花园,深圳市南山区华侨城波托菲诺116号,南山,沙河,沙河,1182,113.967371,22.526544,OK,high_end,18882,2014,46652.63,2.014,253.39656181540357,0.0020304510239651,225.38006366012925,862.8283409192913,commercial,2910,0.7,2231
458,龙光公馆,深圳市南山区世界之窗7号,南山,沙河,沙河,4401,113.953642,22.539473,OK,high_end,19226,2006,169587.91,1.85,259.5332576635874,0.0015675836613863,174.00178641389004,2474.15701322164,commercial,10580,0.7,8114
459,卓越邸,深圳市南山区世界之窗121号,南山,沙河,沙河,4954,113.952101,22.52078,OK,high_end,11106,2015,190652.3,2.019,259.85826698963325,0.0023656307537533,262.585013666622,76.14581166004973,yes,11894,0.7,9122
460,华联名苑,深圳市南山区华侨城波托菲诺122号,南山,沙河,沙河,1968,113.974462,22.525412,OK,commodity_housing,13355,2014,148106.06,1.973,132.9377653995704,0.0031859336484873,353.63863498209764,228.59182971793072,yes,9240,1.0,10125
461,天悦雅居,深圳市南山区华侨城波托菲诺78号,南山,沙河,沙河,2754,113.942074,22.53779,OK,high_end,7633,2008,170523.1,1.78,161.5084240279328,0.0004503668948799,49.990725331675975,1806.197811619113,commercial,10638,0.7,8159
462,龙瑞湾,深圳市南山区华侨城波托菲诺179号,南山,沙河,沙河,1636,113.967259,22.53174,OK,high_end,16007,2015,58262.4,2.178,280.8982608264083,0.0017199035507514,190.9092941334149,1357.6811341353884,yes,3634,0.7,2786
463,阳光岸,深圳市南山区华侨城香山中街169号,南山,沙河,沙河,1811,113.97028,22.528014,OK,high_end,14350,2019,106393.67,2.101,170.30331524599262,0.0029301535678072,325.24704602659983,2230.408570822244,commercial,6637,0.7,5090
464,翠湖居,深圳市南山区世界之窗181号,南山,沙河,沙河,582,113.96022,22.532757,OK,commodity_housing,15668,2008,57793.4,2.082,100.81530719159306,0.0002020858264393,22.431526734771392,1463.7640761408888,apartments,3605,1.0,3950
465,碧海花园,深圳市南山区世界之窗178号,南山,沙河,沙河,545,113.957657,22.52732,OK,commodity_housing,15744,2019,55775.08,1.831,97.79828620114051,0.0018477504806648,205.1003033537944,495.5794831940841,house,3479,1.0,3812
466,金湾公馆,深圳市南山区沙河东路187号,南山,沙河,沙河,804,113.944672,22.52546,OK,commodity_housing,19017,2016,67533.77,2.144,119.08466205448796,0.0001124162763777,12.478206677932343,653.0848749773259,apartments,4213,1.0,4616
467,银湖邸,深圳市南山区世界之窗18号,南山,沙河,沙河,2597,113.949502,22.536875,OK,high_end,10837,2016,90401.66,2.217,287.36823591811907,0.0005697259264648,63.23957783759946,3763.075151872362,commercial,5640,0.7,4325
468,玉泉名苑,深圳市南山区华侨城波托菲诺70号,南山,沙河,沙河,1823,113.956632,22.531656,OK,high_end,11448,2012,91695.95,2.176,198.852720309593,0.0015537911673786,172.47081957903026,2847.7691764262,yes,5720,0.7,4386
469,宝安雅居,深圳市南山区世界之窗118号,南山,沙河,沙河,718,113.945229,22.518306,OK,high_end,8476,2021,41678.98,2.213,172.3711238909606,0.0021419664650289,237.75827761821256,2997.313644264775,yes,2600,0.7,1993
470,瑞景湾,深圳市南山区华侨城香山中街15号,南山,沙河,沙河,503,113.952956,22.523385,OK,commodity_housing,19788,2013,42065.16,1.897,119.68249573746752,0.0006031642606442,66.95123293150763,76.14581166004973,yes,2624,1.0,2875
471,盛世岸,深圳市南山区沙河东路95号,南山,沙河,沙河,1124,113.957629,22.527692,OK,commodity_housing,19081,2012,101314.46,1.867,110.98041421529707,0.0015123235286262,167.8679116775148,495.5794831940841,house,6320,1.0,6925
472,雅居居,深圳市南山区华侨城波托菲诺25号,南山,沙河,沙河,740,113.965083,22.513068,OK,commodity_housing,9748,2009,50897.44,1.937,145.47647129149823,0.0090295242676357,1002.2771937075718,502.46908634567006,yes,3175,1.0,3479
473,锦绣花园,深圳市南山区华侨城波托菲诺173号,南山,沙河,沙河,2359,113.957726,22.528098,OK,high_end,12627,2011,106419.99,1.787,221.7503222505834,0.0011057308306331,122.73612220027591,495.5794831940841,house,6639,0.7,5092
474,绿景公馆,深圳市南山区沙河东路199号,南山,沙河,沙河,3093,113.964987,22.513056,OK,high_end,6124,2013,123744.22,1.935,249.9782965039552,0.0090625127917099,1005.9389198798068,502.46908634567006,yes,7720,0.7,5921
475,振业邸,深圳市南山区沙河东路67号,南山,沙河,沙河,1092,113.954948,22.529168,OK,high_end,11226,2008,48184.03,1.944,226.75611706720517,0.0033118284601958,367.6129590817415,495.5794831940841,house,3006,0.7,2305
476,金成名苑,深圳市南山区沙河东路16号,南山,沙河,沙河,1027,113.945567,22.539273,OK,commodity_housing,7270,2014,120911.48,1.537,84.98089752145368,0.0007960748953411,88.36431338286367,681.4345993639199,yes,7543,1.0,8265
477,星海雅居,深圳市南山区世界之窗113号,南山,沙河,沙河,517,113.941929,22.520923,OK,commodity_housing,9470,2009,55681.23,1.868,92.9693795233478,0.0002895564224296,32.14076288968971,252.451857962446,yes,3473,1.0,3805
478,金地湾,深圳市南山区华侨城香山中街188号,南山,沙河,沙河,3273,113.957444,22.527278,OK,high_end,12837,2010,112684.54,1.965,290.53917955967086,0.0019657641559426,218.19982130962927,495.5794831940841,house,7030,0.7,5392
479,华润岸,深圳市南山区沙河东路188号,南山,沙河,沙河,3635,113.965412,22.535254,OK,high_end,8649,2015,188488.28,1.803,192.8850800656804,0.0002663285939489,29.562473928331272,704.8033001139091,apartments,11759,0.7,9019
480,中海居,深圳市南山区华侨城香山中街68号,南山,沙河,沙河,966,113.958535,22.528971,OK,commodity_housing,16983,2015,118343.05,1.946,81.68035313914223,0.0002929446725909,32.516858657591065,495.5794831940841,house,7383,1.0,8090
481,万科花园,深圳市南山区华侨城香山中街148号,南山,沙河,沙河,1678,113.958871,22.529765,OK,high_end,8911,2011,90458.2,1.925,185.5385990845085,0.0009286366663362,103.07866996331984,495.5794831940841,house,5643,0.7,4328
482,招商公馆,深圳市南山区华侨城香山中街114号,南山,沙河,沙河,781,113.964879,22.542391,OK,commodity_housing,5038,2013,57978.32,1.699,134.7142790637273,0.0012592957528994,139.78182857183822,2251.795140514476,yes,3617,1.0,3963
483,华侨城邸,深圳市南山区华侨城波托菲诺151号,南山,沙河,沙河,3089,113.949003,22.518687,OK,high_end,12643,2011,118379.28,2.057,260.95243466446624,0.0019330605126473,214.569716903854,2997.313644264775,yes,7385,0.7,5664
484,花样年名苑,深圳市南山区华侨城香山中街126号,南山,沙河,沙河,1806,113.961874,22.528407,OK,commodity_housing,13171,2011,132537.56,2.125,136.29158954887188,0.0001796097735195,19.93668486066904,707.9945757341775,apartments,8268,1.0,9060
485,佳兆业雅居,深圳市南山区世界之窗28号,南山,沙河,沙河,1564,113.970881,22.533064,OK,commodity_housing,15581,2009,104438.32,2.017,149.75684161590334,0.0021623843905093,240.0246673465408,183.2976584624996,house,6515,1.0,7139
486,龙光湾,深圳市南山区世界之窗85号,南山,沙河,沙河,925,113.954425,22.520933,OK,commodity_housing,5887,2019,65397.88,2.196,141.57210476982334,0.0022561074706396,250.42792924100027,76.14581166004973,yes,4080,1.0,4470
487,卓越岸,深圳市南山区沙河东路149号,南山,沙河,沙河,2556,113.96216,22.527778,OK,high_end,19234,2015,106942.33,1.936,239.06709479151783,0.0008610525976433,95.57683833840768,707.9945757341775,apartments,6671,0.7,5116
488,华联居,深圳市南山区华侨城波托菲诺135号,南山,沙河,沙河,1132,113.947105,22.529955,OK,high_end,5987,2007,73617.15,2.092,153.77986422316044,0.0004208544176593,46.71484036018468,615.0481922216667,apartments,4592,0.7,3521
489,天悦花园,深圳市南山区华侨城香山中街177号,南山,沙河,沙河,2054,113.960128,22.516925,OK,commodity_housing,19184,2016,167398.98,2.097,122.70755454253644,0.0051439671409709,570.9803526477727,199.84233048036336,yes,10443,1.0,11443
490,龙瑞公馆,深圳市南山区华侨城波托菲诺41号,南山,沙河,沙河,2625,113.961501,22.531881,OK,high_end,4627,2008,135887.89,1.975,193.2276788939294,0.0002531399057999,28.0985295437908,1794.332031828771,apartments,8477,0.7,6501
491,阳光邸,深圳市南山区世界之窗19号,南山,沙河,沙河,2154,113.952289,22.528135,OK,commodity_housing,5881,2010,190635.88,1.853,113.01546435254168,0.0033462017017825,371.4283888978605,903.0303511528596,residential,11893,1.0,13032
492,翠湖名苑,深圳市南山区华侨城香山中街177号,南山,沙河,沙河,2214,113.950248,22.520181,OK,high_end,9487,2009,123420.32,2.163,179.44414534666006,0.0026594661773217,295.2007456827105,122.57957405183016,warehouse,7700,0.7,5906
493,碧海雅居,深圳市南山区华侨城波托菲诺147号,南山,沙河,沙河,2596,113.96545,22.519184,OK,high_end,7818,2015,137863.43,1.924,188.36155523224505,0.0031327215803434,347.73209541812423,502.46908634567006,yes,8601,0.7,6596
494,金湾湾,深圳市南山区华侨城香山中街122号,南山,沙河,沙河,1234,113.959852,22.531114,OK,commodity_housing,4462,2005,101557.21,1.963,121.58346258967676,0.0006337067030837,70.34144404229448,1462.8870847150386,apartments,6336,1.0,6943
495,银湖岸,深圳市南山区华侨城香山中街109号,南山,沙河,沙河,4203,113.973163,22.534832,OK,high_end,7476,2005,169898.58,1.864,247.40682303549332,0.0001839986806872,20.423853556281,428.462613768429,house,10599,0.7,8129
496,玉泉居,深圳市南山区世界之窗79号,南山,沙河,沙河,724,113.963615,22.51021,OK,commodity_housing,11334,2011,64605.39,2.229,112.09629935309108,0.0119865815393708,1330.510550870163,86.47860941034247,yes,4030,1.0,4416
497,宝安花园,深圳市南山区华侨城香山中街11号,南山,沙河,沙河,1362,113.950942,22.516397,OK,high_end,3066,2009,47875.35,1.894,284.6078576195572,0.0047415054330426,526.3071030677386,2997.313644264775,yes,2986,0.7,2290
498,瑞景公馆,深圳市南山区世界之窗199号,南山,沙河,沙河,3902,113.958507,22.530716,OK,high_end,15940,2010,147982.91,1.867,263.7060631516825,0.0016674746436463,185.08968544474763,495.5794831940841,house,9232,0.7,7081
499,盛世邸,深圳市南山区沙河东路178号,南山,沙河,沙河,1724,113.954852,22.535586,OK,high_end,14469,2016,99831.54,2.214,172.70567568949124,0.0029621691279216,328.8007731993058,2847.7691764262,yes,6228,0.7,4776
500,雅居名苑,深圳市南山区沙河东路70号,南山,沙河,沙河,4759,113.957484,22.528959,OK,high_end,10297,2013,194433.54,1.947,244.80288126336544,0.0007818136580445,86.78131604294352,495.5794831940841,house,12130,0.7,9304
