community_id,lng,lat,population,A_i_2sfca_day,A_i_2sfca_norm_day,A_i_2sfca_night,A_i_2sfca_norm_night,TPI,accessibility_gap,accessibility_ratio,TPI_level
1,113.916231,22.546877,1702,0.051958449515710395,0.12084448965808528,0.0028329461337690052,0.0717824327166758,-40.599333143136754,0.049062056941409485,0.5940066685686325,0-Night Advantage
2,113.93485,22.527444,1371,0.028486449720229127,0.06625352585956065,0.0021214425722190337,0.0537540431451851,-18.866139654017864,0.012499482714375551,0.8113386034598213,0-Night Advantage
3,113.935645,22.528029,2709,0.0254914864592342,0.05928786752693058,0.001888429738074452,0.04784986166791413,-19.29232123894643,0.01143800585901645,0.8070767876105357,0-Night Advantage
4,113.918479,22.526518,3863,0.05007305484021635,0.11645945585727376,0.004385878143561284,0.11113130567183511,-4.575111695497294,0.00532815018543864,0.9542488830450271,1-No Significant
5,113.957109,22.52315,1121,0.005969513284091772,0.013883839742082954,0.00038806046444248536,0.009832846395065273,-29.17775933943416,0.004050993347017681,0.7082224066056584,0-Night Advantage
6,113.92981,22.530638,1581,0.026834488577788702,0.06241140964835924,0.0023039882656414783,0.058379466057262255,-6.460266822707447,0.004031943591096987,0.9353973317729255,0-Night Advantage
7,113.953239,22.518945,4533,0.006374799175826333,0.014826449985629122,0.0003562183569274381,0.009026017097109264,-39.122196440429505,0.005800432888519858,0.6087780355957049,0-Night Advantage
8,113.931195,22.526954,1031,0.03638569063501353,0.08462550858673493,0.0029312720898770146,0.07427385895471578,-12.232304189238013,0.01035164963201915,0.8776769581076199,0-Night Advantage
9,113.929679,22.506525,5335,0.1318233417683715,0.30659353020542895,0.00975209126501268,0.24710276935139702,-19.40378872775656,0.05949076085403193,0.8059621127224343,0-Night Advantage
10,113.92211,22.541586,4007,0.04096033119447174,0.09526516602319772,0.002830556679231577,0.07172188766870685,-24.713417650222663,0.023543278354490868,0.7528658234977734,0-Night Advantage
11,113.930124,22.507264,4941,0.13005479255626967,0.3024802545214224,0.009901369454475974,0.25088524564471076,-17.05731468599302,0.051595008876711645,0.8294268531400698,0-Night Advantage
12,113.952473,22.531496,4843,0.021300582075890282,0.04954070020127941,0.0013900386699312532,0.0352214100044211,-28.904093278214326,0.014319290196858313,0.7109590672178567,0-Night Advantage
13,113.935223,22.521598,7723,0.04082373517918603,0.09494747225230221,0.00295175593203554,0.07479288753912698,-21.227089289558773,0.02015458471317523,0.7877291071044122,0-Night Advantage
14,113.937297,22.539434,3584,0.018907351036540253,0.043974545200894014,0.001046825094338985,0.02652491376549523,-39.681209562672244,0.017449631435398783,0.6031879043732775,0-Night Advantage
15,113.936653,22.539844,4858,0.019497072473306717,0.045346113958828725,0.0011059124541070357,0.028022095224894617,-38.20397652963862,0.017324018733934108,0.6179602347036138,0-Night Advantage
16,113.935174,22.532709,6172,0.017472544980422822,0.04063748631584368,0.0012909457231363394,0.0327105494196702,-19.506464633573895,0.007926936896173478,0.804935353664261,0-Night Advantage
17,113.934844,22.541922,5302,0.025782167898981908,0.0599639317776309,0.0014930385567829255,0.03783126635136082,-36.90996365673024,0.022132665426270084,0.6309003634326975,0-Night Advantage
18,113.919313,22.522586,2725,0.06551633712726118,0.1523773014438592,0.005695387797607435,0.14431223612191257,-5.292825929797722,0.008065065321946618,0.9470717407020228,0-Night Advantage
19,113.946107,22.526839,2515,0.017054003748773406,0.039664046923194994,0.0011873872524755444,0.030086539430973218,-24.146571606189234,0.009577507492221776,0.7585342839381076,0-Night Advantage
20,113.932012,22.524139,2807,0.04295640543484666,0.09990761735009544,0.0033698516017094623,0.0853867791489097,-14.534265340651597,0.014520838201185743,0.854657346593484,0-Night Advantage
21,113.954585,22.544935,6954,0.03597207577442383,0.0836635269031235,0.002558380484941972,0.06482536778052901,-22.516573015631714,0.018838159122594483,0.7748342698436829,0-Night Advantage
22,113.955945,22.541872,2578,0.03146405529514362,0.07317881384366057,0.0028395724695706166,0.07195033372198169,-1.6787374065715357,0.0012284801216788793,0.9832126259342846,1-No Significant
23,113.951568,22.513775,1430,0.01180428139428853,0.027454290383355475,0.000983328568879475,0.024916010930312836,-9.245474632924784,0.002538279453042639,0.9075452536707521,0-Night Advantage
24,113.943167,22.541014,2899,0.029497222640499633,0.06860437233109304,0.0020968318701968234,0.05313044637397889,-22.5553057791056,0.015473925957114151,0.7744469422089441,0-Night Advantage
25,113.934599,22.509815,3391,0.11304583673193122,0.2629209796514591,0.008907879602109488,0.22571176365290233,-14.152243022935307,0.03720921599855678,0.8584775697706469,0-Night Advantage
26,113.94876,22.516912,5777,0.013242212722545672,0.03079861799794425,0.0008944810698971909,0.022664753999685733,-26.40983435945547,0.008133863998258516,0.7359016564054454,0-Night Advantage
27,113.918984,22.528081,7888,0.045701409263401875,0.10629192230651922,0.0038543065092477794,0.09766211025743553,-8.118972600944673,0.008629812049083696,0.9188102739905533,0-Night Advantage
28,113.945794,22.522781,5567,0.019872524804952867,0.04621933757946426,0.0013815406042919872,0.03500608228685488,-24.260960627855358,0.01121325529260938,0.7573903937214465,0-Night Advantage
29,113.940267,22.520858,6125,0.029894661849927364,0.06952873283224474,0.0019129584940569453,0.04847138205439411,-30.28582561493922,0.021057350777850634,0.6971417438506078,0-Night Advantage
30,113.910596,22.525177,1610,0.04976334964265626,0.11573914632355126,0.004168861708644438,0.1056324479801408,-8.732307662920686,0.01010669834341045,0.9126769233707932,0-Night Advantage
31,113.943953,22.505433,2855,0.1020507411645579,0.2373486863100392,0.007198056399528387,0.1823875127842846,-23.15629986422633,0.05496117352575458,0.7684370013577367,0-Night Advantage
32,113.94845,22.537015,4549,0.0315220649269538,0.07331373211810283,0.002576111780869888,0.06527465114026298,-10.965314062704508,0.008039080977839841,0.8903468593729549,0-Night Advantage
33,113.936027,22.528199,3222,0.024204440919515628,0.05629446870799588,0.0017360841260130218,0.043989661674301364,-21.85793261060972,0.012304807033694513,0.7814206738939028,0-Night Advantage
34,113.918374,22.538354,2273,0.038963550391908845,0.09062107138038483,0.0028293595182983453,0.07169155347946252,-20.888649419587043,0.018929517900922316,0.7911135058041295,0-Night Advantage
35,113.925233,22.535207,7623,0.03542439315414778,0.08238973164251145,0.0029908805428798713,0.07578424410324312,-8.017367465073805,0.0066054875392683315,0.9198263253492619,0-Night Advantage
36,113.925657,22.516953,5549,0.0992397268576426,0.23081085478298327,0.007865839944212114,0.19930810537662913,-13.64872957815358,0.03150274940635414,0.8635127042184643,0-Night Advantage
37,113.938237,22.528294,3308,0.019588066123214613,0.04555774616278665,0.0015139516126612747,0.03836117054141701,-15.796601516797784,0.00719657562136964,0.8420339848320222,0-Night Advantage
38,113.960374,22.535904,3150,0.034348813935782506,0.07988815927186377,0.0036819735761548125,0.09329546274968523,16.782591563032103,-0.013407303477821458,1.167825915630321,2-Mild Deprivation
39,113.928049,22.512219,7794,0.10722739260496322,0.24938849518201917,0.00811551311301447,0.20563443372685103,-17.544538862241303,0.043754061455168136,0.8245546113775869,0-Night Advantage
40,113.920245,22.531962,2804,0.04242828266635209,0.09867931421498659,0.0036268494740949956,0.09189870405384953,-6.871359225667654,0.0067806101611370545,0.9312864077433235,0-Night Advantage
41,113.937558,22.529191,4001,0.016527672973734028,0.03843991159017767,0.0013030690516348596,0.03301773563894695,-14.105589026943074,0.0054221759512307205,0.8589441097305692,0-Night Advantage
42,113.915605,22.528483,1634,0.04314953960866784,0.10035680705626439,0.0035850654122912343,0.09083996115390335,-9.483009854055526,0.009516845902361043,0.9051699014594448,0-Night Advantage
43,113.920887,22.535363,2152,0.039618483382703434,0.09214430857800145,0.0033453536370141364,0.08476603896558042,-8.007298254536487,0.007378269612421023,0.9199270174546351,0-Night Advantage
44,113.916034,22.537072,1449,0.04083245125748479,0.0949677440279932,0.0030977801964151303,0.07849291445029336,-17.347816088843423,0.016474829577699843,0.8265218391115657,0-Night Advantage
45,113.934175,22.530675,5994,0.018482716616828293,0.042986934326827556,0.0014373280816399275,0.03641964987694311,-15.277396615338295,0.006567284449884449,0.8472260338466171,0-Night Advantage
46,113.932532,22.536866,4556,0.019667175017798355,0.04574173691082652,0.001480892794382484,0.03752351169202937,-17.96657882672575,0.008218225218797157,0.8203342117327425,0-Night Advantage
47,113.933389,22.528056,1640,0.026883427349923255,0.06252523099980864,0.0020723233806234725,0.05250943950667011,-16.01879966372165,0.010015791493138533,0.8398120033627835,0-Night Advantage
48,113.929428,22.530791,4336,0.026900065896753443,0.06256392878080648,0.0023355659808540446,0.05917959606699763,-5.409399281278997,0.003384332713808849,0.9459060071872101,0-Night Advantage
49,113.927695,22.535372,6517,0.030496995230376817,0.0709296343341734,0.0026400356163270183,0.06689438134374148,-5.689093181307666,0.00403525299043192,0.9431090681869233,0-Night Advantage
50,113.923913,22.523738,1444,0.05668380708542402,0.13183468334720513,0.004936000482526838,0.12507054698391687,-5.130771502271495,0.0067641363632882645,0.9486922849772851,0-Night Advantage
51,113.944202,22.509304,3242,0.06689727807539046,0.15558908135030497,0.005483924209242567,0.13895407889368708,-10.69162585976364,0.016635002456617892,0.8930837414023636,0-Night Advantage
52,113.943806,22.502073,2500,0.2329804240734839,0.5418637528622088,0.016825352832777096,0.4263281759072204,-21.321886977069692,0.1155355769549884,0.7867811302293031,0-Night Advantage
53,113.909399,22.518991,8174,0.06933606742587134,0.16126119545666073,0.005458672462134723,0.1383142390407013,-14.229682690233103,0.022946956415959424,0.857703173097669,0-Night Advantage
54,113.936566,22.527584,5606,0.026513908740078643,0.06166580797541036,0.001864976053198201,0.04725558190504841,-23.368259564697702,0.01441022607036195,0.766317404353023,0-Night Advantage
55,113.925118,22.541016,6139,0.03712134516175432,0.0863364871990157,0.0026980714877309726,0.06836491972939922,-20.81572699175253,0.01797156746961648,0.7918427300824747,0-Night Advantage
56,113.936429,22.529584,4215,0.017107724838333744,0.039788990945049084,0.0013266525178367854,0.033615303858012764,-15.516068491313442,0.00617368708703632,0.8448393150868656,0-Night Advantage
57,113.946034,22.517194,5680,0.022727726745436157,0.05285994030307231,0.0014603723018214595,0.03700355444363119,-29.99698026242289,0.015856385859441123,0.7000301973757711,0-Night Advantage
58,113.942603,22.513997,1131,0.038991485546601194,0.090686042709279,0.002828185335069969,0.07166180150939035,-20.978135809582632,0.01902424119988866,0.7902186419041737,0-Night Advantage
59,113.962906,22.52795,5022,0.01317306782162768,0.03063780141581419,0.0009480024636629546,0.024020902569225355,-21.59717258031909,0.006616898846588837,0.7840282741968091,0-Night Advantage
60,113.934102,22.533732,4579,0.01863791507360456,0.04334789348707308,0.0014349568729343596,0.03635956714987121,-16.121490054149657,0.006988326337201874,0.8387850994585034,0-Night Advantage
61,113.911981,22.531467,1971,0.03968808667627294,0.09230619128559428,0.003377133998136004,0.08557130370632121,-7.296246855679925,0.006734887579273069,0.9270375314432008,0-Night Advantage
62,113.920562,22.510689,2634,0.12217237907357897,0.28414740888287515,0.010254824682400968,0.25984124936622455,-8.554066923295276,0.024306159516650605,0.9144593307670472,0-Night Advantage
63,113.943036,22.522476,5619,0.023427265549608944,0.054486921296042996,0.0015885755960565445,0.040252025790399326,-26.125343783513514,0.01423489550564367,0.7387465621648649,0-Night Advantage
64,113.947339,22.521867,4505,0.016759972872175517,0.03898019258270996,0.0011515136421902069,0.029177558146113582,-25.147732186793842,0.009802634436596378,0.7485226781320616,0-Night Advantage
65,113.930503,22.523001,2872,0.05042744554347103,0.1172836945340155,0.00405057145406628,0.10263515758372996,-12.489832460075743,0.014648536950285548,0.8751016753992426,0-Night Advantage
66,113.914194,22.540901,5612,0.04313479669205558,0.10032251811479893,0.002688228927906051,0.06811552462796384,-32.1034540321054,0.03220699348683509,0.678965459678946,0-Night Advantage
67,113.929525,22.536047,2247,0.02608217192858821,0.06066167842309577,0.0021773010102223494,0.055169408767508844,-9.053936188972724,0.005492269655586926,0.9094606381102728,0-Night Advantage
68,113.933411,22.526352,3946,0.034034311021585106,0.07915669125239036,0.0025245172671612133,0.06396732670345301,-19.18898365838234,0.01518936454893735,0.8081101634161766,0-Night Advantage
69,113.937344,22.533373,3498,0.016657590895513538,0.038742073511890456,0.0011681614948122504,0.029599388743763912,-23.598852460285926,0.009142684768126543,0.7640114753971408,0-Night Advantage
70,113.947894,22.542281,4543,0.037447443138809024,0.08709492291030062,0.0026438275884399106,0.06699046399770112,-23.08338791838091,0.0201044589125995,0.7691661208161908,0-Night Advantage
71,113.935357,22.53553,1968,0.016745164437132448,0.03894575125907359,0.001188540408454307,0.030115758603364337,-22.672544167836637,0.008829992655709253,0.7732745583216336,0-Night Advantage
72,113.919179,22.517452,3341,0.09071775162029895,0.2109905222281358,0.007730833156064928,0.19588724411458436,-7.158273250407361,0.015103278113551444,0.9284172674959263,0-Night Advantage
73,113.934654,22.515918,4046,0.06879187545654984,0.15999551872031392,0.00501436443460352,0.127056167201084,-20.587671318976604,0.032939351519229915,0.7941232868102339,0-Night Advantage
74,113.929771,22.523903,3864,0.049375538057988236,0.1148371776645648,0.0039477880692908515,0.10003078706143609,-12.893377305368512,0.014806390603128716,0.8710662269463149,0-Night Advantage
75,113.923645,22.526237,6952,0.05005007657541368,0.1164060132178342,0.004302944441164778,0.10902989511507957,-6.336543876776765,0.007376118102754625,0.9366345612322323,0-Night Advantage
76,113.94908,22.521307,6627,0.013537564965760508,0.031485545560897714,0.0008933798863855257,0.022636851728480293,-28.103987638717378,0.008848693832417421,0.7189601236128262,0-Night Advantage
77,113.935153,22.531212,2421,0.017313574367361872,0.040267753908794564,0.0012909912194591431,0.03271170222546894,-18.76452235314612,0.007556051683325626,0.8123547764685388,0-Night Advantage
78,113.933052,22.53122,1922,0.020081319434039138,0.04670495023015836,0.0014981122415740162,0.03795982560379445,-18.724192153655274,0.008745124626363912,0.8127580784634473,0-Night Advantage
79,113.936071,22.511357,7183,0.08967758213993529,0.20857130550431005,0.006395294495285397,0.16204677926593541,-22.306292865109974,0.046524526238374636,0.7769370713489002,0-Night Advantage
80,113.940731,22.527673,4502,0.01899499823994525,0.04417839426998975,0.001501101615662592,0.038035571676697244,-13.904585476220682,0.006142822593292505,0.8609541452377932,0-Night Advantage
81,113.935071,22.505613,3988,0.14690559568186695,0.34167169928202784,0.011059211077577326,0.2802231449489467,-17.984677824416288,0.06144855433308116,0.8201532217558372,0-Night Advantage
82,113.929827,22.516451,4530,0.08899140435494143,0.2069753994483138,0.006439405515086918,0.1631644836490943,-21.167209202637643,0.0438109157992195,0.7883279079736236,0-Night Advantage
83,113.928262,22.536646,5077,0.028710424069160433,0.0667744433647091,0.0022436618000654515,0.05685088759096972,-14.86130811984285,0.009923555773739379,0.8513869188015715,0-Night Advantage
84,113.94925,22.545066,3508,0.0497823952711861,0.11578344247328932,0.003410112038293414,0.08640691576421011,-25.371958271025008,0.029376526709079212,0.7462804172897499,0-Night Advantage
85,113.929179,22.506992,5151,0.12627401065424182,0.2936869463354086,0.009428766866576677,0.23891023381401483,-18.65139503300749,0.05477671252139377,0.8134860496699251,0-Night Advantage
86,113.942742,22.535988,1674,0.022594500299107097,0.05255008344503178,0.0016937810471563495,0.04291776769243545,-18.329782031025474,0.009632315752596328,0.8167021796897452,0-Night Advantage
87,113.922723,22.51294,2608,0.1203769792713114,0.2799716843402933,0.009957892753692488,0.25231745781230885,-9.877508360585473,0.027654226527984438,0.9012249163941453,0-Night Advantage
88,113.915843,22.511121,3117,0.10110644921621834,0.23515246067880996,0.008790040384498977,0.22272590182916954,-5.284468983981251,0.012426558849640418,0.9471553101601875,0-Night Advantage
89,113.954302,22.517191,2748,0.005059335260936937,0.01176695596800317,0.0002732854739398374,0.006924627302896254,-41.151923048528666,0.004842328665106916,0.5884807695147134,0-Night Advantage
90,113.931979,22.528964,4970,0.02669949910886394,0.0620974523683889,0.0021844555694210633,0.05535069412912491,-10.86479071514771,0.006746758239263989,0.8913520928485229,0-Night Advantage
91,113.926728,22.521339,3845,0.06856293363567435,0.15946304791406465,0.005402223324430944,0.13688390601006759,-14.159482211932303,0.02257914190399707,0.8584051778806769,0-Night Advantage
92,113.946542,22.521932,5350,0.018265511866935542,0.042481761493597316,0.001254702237268103,0.03179219606492668,-25.16271701747049,0.010689565428670639,0.7483728298252951,0-Night Advantage
93,113.93518,22.544173,6703,0.028528318179161804,0.06635090314082383,0.0014501508983364273,0.03674456003523481,-44.620859256055965,0.029606343105589017,0.5537914074394403,0-Night Advantage
95,113.933449,22.526941,3197,0.03168702459264776,0.07369739380933414,0.002362754278448304,0.05986850508629634,-18.764420297975725,0.0138288887230378,0.8123557970202427,0-Night Advantage
96,113.929537,22.547233,4379,0.038026461738304804,0.08844159910658415,0.0020164452365277297,0.051093574562726056,-42.22902448750237,0.0373480245438581,0.5777097551249764,0-Night Advantage
97,113.933931,22.529824,2911,0.020330813339504684,0.04728522088795907,0.0015668948247107755,0.03970266888882536,-16.03577578097889,0.007582551999133713,0.8396422421902111,0-Night Advantage
98,113.934589,22.527362,2062,0.02898342649758966,0.067409389931561,0.0021323290086189017,0.05402988844950729,-19.84812723514864,0.013379501482053704,0.8015187276485136,0-Night Advantage
99,113.946851,22.517873,7947,0.019243824113654304,0.044757111225602636,0.0012383586808435503,0.031378075857905356,-29.892535512980118,0.01337903536769728,0.7010746448701988,0-Night Advantage
100,113.921203,22.512695,1543,0.12048972907980723,0.28023391682016374,0.010211633206948387,0.25874684480143173,-7.6675486902326115,0.021487072018732012,0.9233245130976738,0-Night Advantage
101,113.949807,22.518685,1119,0.010570191770850956,0.024584055953216062,0.0007169407367097991,0.018166159102448863,-26.10593167775318,0.006417896850767199,0.7389406832224682,0-Night Advantage
103,113.942448,22.529059,2319,0.016307522497987077,0.03792788761452803,0.0012436657872965577,0.031512549650873814,-16.914567003718037,0.006415337963654219,0.8308543299628196,0-Night Advantage
104,113.938602,22.53472,5331,0.015761446621946718,0.03665782930505643,0.0010617139778982862,0.026902174832898605,-26.612744554441388,0.009755654472157822,0.7338725544555862,0-Night Advantage
105,113.923467,22.535811,4745,0.037554971810651906,0.08734501211799602,0.0031463844421964118,0.0797244701657202,-8.724644679173082,0.007620541952275822,0.9127535532082692,0-Night Advantage
106,113.933694,22.527844,6412,0.02761260531087864,0.06422114647424813,0.002063533873136234,0.052286727107625657,-18.583317212202104,0.011934419366622477,0.814166827877979,0-Night Advantage
107,113.928794,22.53318,4621,0.027426804534713287,0.06378901271769735,0.0024141431230698474,0.06117061818949396,-4.104773559972276,0.002618394528203394,0.9589522644002773,1-No Significant
108,113.935191,22.528852,7119,0.021703460605172066,0.050477711423112276,0.0016558827424542357,0.0419574838116628,-16.879187608232783,0.008520227611449473,0.8312081239176722,0-Night Advantage
109,113.925483,22.529554,4339,0.038193972278928214,0.08883119359954271,0.003208199589878686,0.08129076951270807,-8.488486736795865,0.007540424086834641,0.9151151326320414,0-Night Advantage
110,113.932405,22.520835,3834,0.054559013478193114,0.1268928576867427,0.004272184643826619,0.10825048986748759,-14.691424055778665,0.0186423678192551,0.8530857594422133,0-Night Advantage
111,113.927336,22.526982,3472,0.0415092724080847,0.09654188850875399,0.0033673280170857705,0.08532283545393587,-11.620917332480834,0.011219053054818115,0.8837908266751917,0-Night Advantage
112,113.917603,22.528936,703,0.04352101635478886,0.10122078429621778,0.0035656822516036265,0.09034882211976872,-10.740839692204702,0.010871962176449063,0.8925916030779529,0-Night Advantage
113,113.918644,22.529622,5555,0.04286364685661678,0.09969188029188684,0.003563013310501301,0.09028119531853211,-9.439770767490074,0.009410684973354733,0.9056022923250993,0-Night Advantage
114,113.903961,22.528008,1843,0.033582730200415196,0.07810640868271598,0.003444895905519344,0.08728828466106563,11.755598718727779,-0.009181875978349643,1.1175559871872778,2-Mild Deprivation
115,113.908472,22.528166,2792,0.03810782719640254,0.08863083814953604,0.003335953879338822,0.08452786377938878,-4.629285309504583,0.004102974370147255,0.9537071469049542,1-No Significant
116,113.924562,22.523573,2197,0.05784746922834109,0.13454111818323172,0.0049277460617456964,0.12486139284671867,-7.194622333471484,0.009679725336513054,0.9280537766652851,0-Night Advantage
117,113.925715,22.5299,4044,0.036951181220000344,0.08594072144982316,0.0031169971959714906,0.07897984322074462,-8.099627407878668,0.006960878229078538,0.9190037259212134,0-Night Advantage
118,113.917992,22.529927,2094,0.04295024107536144,0.09989328033882963,0.003589414066711799,0.09095014926854178,-8.95268534575449,0.008943131070287852,0.9104731465424551,0-Night Advantage
119,113.927383,22.529275,2072,0.0335261442515439,0.0779748015971138,0.002767271976400458,0.07011835208826646,-10.075626161180438,0.00785644950884734,0.8992437383881956,0-Night Advantage
120,113.915219,22.527597,1369,0.04413418394460469,0.10264688390382379,0.0036738067474513967,0.09308852805900276,-9.311881161221452,0.009558355844821023,0.9068811883877854,0-Night Advantage
121,113.918471,22.533855,3992,0.03973789350243992,0.09242203154922297,0.003377340911701696,0.08557654657307763,-7.40676747892034,0.006845484976145344,0.9259323252107966,0-Night Advantage
122,113.917272,22.541312,4088,0.03867878269663578,0.08995876126283642,0.002505388352637588,0.06348262987022789,-29.43140948245393,0.02647613139260853,0.7056859051754607,0-Night Advantage
123,113.91799,22.529233,1937,0.04309538363412963,0.10023085158288124,0.003557980301187081,0.09015366671918675,-10.053975103026671,0.010077184863694494,0.8994602489697333,0-Night Advantage
124,113.918467,22.529376,1184,0.04296642973466394,0.09993093177550438,0.0035681162679259476,0.09041049629380458,-9.5270156222375,0.009520435481699799,0.904729843777625,0-Night Advantage
125,113.922229,22.532361,2983,0.04162411416552724,0.09680898642447193,0.0034549762436942902,0.08754370469471158,-9.570683540818706,0.00926528172976035,0.904293164591813,0-Night Advantage
126,113.90782,22.514299,1307,0.0654338816116605,0.15218552715507397,0.004961430185906294,0.12571489597103025,-17.393658699930565,0.02647063118404372,0.8260634130006943,0-Night Advantage
127,113.925228,22.547999,1845,0.05050476203440211,0.1174635165259303,0.0030716131534304163,0.07782988242859175,-33.74122899563402,0.039633634097338555,0.6625877100436598,0-Night Advantage
128,113.92431,22.530253,4034,0.03864103299849464,0.08987096335798876,0.00329955168803552,0.0836054890766646,-6.971633603577276,0.006265474281324165,0.9302836639642272,0-Night Advantage
129,113.901382,22.525735,2795,0.03969617764308262,0.0923250091826653,0.0030399541169348885,0.07702769186449107,-16.568985428323586,0.015297317318174228,0.8343101457167641,0-Night Advantage
130,113.917432,22.52862,3871,0.043727119680176514,0.1017001375372296,0.0035513220529390234,0.08998495710230418,-11.519335881563403,0.01171518043492542,0.884806641184366,0-Night Advantage
131,113.932845,22.52908,1909,0.024439672879597807,0.056841569062843975,0.0019284543830006082,0.04886402369068378,-14.034702953643361,0.007977545372160194,0.8596529704635664,0-Night Advantage
132,113.921497,22.530023,3903,0.04141337217176531,0.09631884461071384,0.0035178384349549003,0.08913653449150838,-7.4568067632390935,0.007182310119205462,0.9254319323676091,0-Night Advantage
133,113.91247,22.547632,5109,0.034525698699616754,0.08029955624796824,0.001696483491779871,0.04298624342059919,-46.46764511642387,0.03731331282736905,0.5353235488357613,0-Night Advantage
134,113.934308,22.526303,2690,0.03296952849037704,0.07668022971860698,0.002442712269766173,0.061894515769492585,-19.28230262660069,0.014785713949114397,0.8071769737339931,0-Night Advantage
135,113.915294,22.517919,3634,0.07550848484932456,0.17561694780197162,0.006421546827731088,0.16271197238943877,-7.348365618496401,0.012904975412532854,0.926516343815036,0-Night Advantage
136,113.915974,22.527943,4181,0.044024963289524245,0.10239285949689211,0.003552046667065971,0.09000331769313687,-12.100005668980561,0.012389541803755247,0.8789999433101944,0-Night Advantage
137,113.914271,22.521299,1705,0.0641484763781511,0.1491959433454126,0.005857243333529225,0.14841340274087336,-0.5245052827794002,0.0007825406045392502,0.994754947172206,1-No Significant
138,113.903399,22.533302,4011,0.02314601140796332,0.05383278296958829,0.0027485501243602398,0.06964396958293426,29.370925560876483,-0.01581118661334597,1.2937092556087648,3-Moderate Deprivation
139,113.937095,22.524145,2707,0.03158016118403133,0.07344885186480457,0.0023194152875347174,0.0587703627099977,-19.984640715453512,0.014678489154806872,0.8001535928454648,0-Night Advantage
140,113.9178,22.529921,2445,0.0429982755067789,0.10000499838285833,0.003598214680419658,0.09117314308187963,-8.83141387310152,0.0088318553009787,0.9116858612689848,0-Night Advantage
141,113.913559,22.535522,1257,0.04053771046957964,0.09428223858224177,0.0032118321896111262,0.08138281391933207,-13.681712331912465,0.012899424662909706,0.8631828766808753,0-Night Advantage
142,113.917812,22.529331,730,0.04308752547930485,0.10021257515780876,0.0035811894770126636,0.09074175100439441,-9.450734240189185,0.009470824153414353,0.9054926575981082,0-Night Advantage
143,113.920385,22.522923,3178,0.06277565085894908,0.1460030382298086,0.005564829822832817,0.14100410084599893,-3.4238584651514845,0.00499893738380966,0.9657614153484851,1-No Significant
144,113.917793,22.528216,2857,0.044697538240590994,0.10395712820537037,0.003660142129449446,0.09274228796970777,-10.78794732912144,0.011214840235662604,0.8921205267087856,0-Night Advantage
145,113.901912,22.53305,624,0.022166513241285265,0.0515546750357199,0.002563698972431814,0.06496012995120472,26.002404061701068,-0.013405454915484817,1.2600240406170107,3-Moderate Deprivation
146,113.915427,22.526443,1469,0.046533319325162886,0.1082267711673294,0.0040529433837497705,0.10269525857925695,-5.1110390972675175,0.005531512588072454,0.9488896090273248,0-Night Advantage
147,113.901921,22.539386,2407,0.02887318873533335,0.06715299994600368,0.0028560335829371473,0.07236743263840285,7.7650033454826835,-0.005214432692399171,1.077650033454827,2-Mild Deprivation
148,113.907436,22.53814,1341,0.037709776899667036,0.08770505638707782,0.0030755638319157007,0.07792998645428244,-11.145389257438078,0.00977506993279538,0.8885461074256192,0-Night Advantage
149,113.919522,22.547004,2100,0.05758365703298695,0.13392754617694022,0.003138333702241031,0.07952047698269496,-40.624255985669,0.05440706919424526,0.5937574401433099,0-Night Advantage
150,113.914999,22.528016,1654,0.04326188504093795,0.10061809904158418,0.003592777247267259,0.09103536701379243,-9.523865108832288,0.009582732027791752,0.9047613489116771,0-Night Advantage
151,113.91842,22.535146,1064,0.04095532766758564,0.0952535288658407,0.003266130896358655,0.08275865838642098,-13.117488273865474,0.012494870479419717,0.8688251172613453,0-Night Advantage
152,113.917874,22.537903,2698,0.039394145840592976,0.09162254636145782,0.0029300925311152473,0.07424397077701884,-18.96757542175175,0.017378575584438977,0.8103242457824825,0-Night Advantage
153,113.922413,22.517902,888,0.09548575194070816,0.22207989403926381,0.007974052354008205,0.20205003891807735,-9.019211400400422,0.020029855121186463,0.9098078859959957,0-Night Advantage
154,113.925161,22.536906,1664,0.03477346574219638,0.08087581058376352,0.0028203060141640964,0.07146215181748942,-11.639646883692514,0.009413658766274091,0.8836035311630749,0-Night Advantage
155,113.925067,22.530775,2037,0.03680709732727455,0.08560561244163127,0.003176899223986058,0.08049766710178942,-5.96683464337647,0.005107945339841852,0.9403316535662353,0-Night Advantage
156,113.916753,22.525738,2492,0.051208154986926595,0.11909946146210887,0.004648219169384191,0.11777861774405683,-1.109025768745612,0.0013208437180520366,0.9889097423125439,1-No Significant
157,113.917515,22.544548,1820,0.04760155268696905,0.1107112586115549,0.002849052179712925,0.07219053477887878,-34.793863167820334,0.038520723832676115,0.6520613683217966,0-Night Advantage
158,113.923701,22.51061,3090,0.12394005506162517,0.28825865363030945,0.0100154905482787,0.25377689601525594,-11.962089318323198,0.03448175761505351,0.880379106816768,0-Night Advantage
159,113.902028,22.540577,3314,0.026278238909377666,0.06111768922505666,0.0023416961356010147,0.05933492461893228,-2.9169371891002256,0.001782764606124379,0.9708306281089978,1-No Significant
160,113.923023,22.525156,1518,0.05405297568717897,0.125715919591538,0.004570464127523008,0.11580842636122352,-7.880858098564437,0.00990749323031448,0.9211914190143556,0-Night Advantage
161,113.908441,22.522109,1393,0.06553037003880656,0.152409939061993,0.005262304014968535,0.1333385691264867,-12.513206194347323,0.019071369935506288,0.8748679380565267,0-Night Advantage
162,113.909864,22.5319,3558,0.04079174965033573,0.0948730806000034,0.003708857925307621,0.09397667018995012,-0.9448522219202093,0.0008964104100532833,0.9905514777807979,1-No Significant
163,113.924869,22.53933,3028,0.036447795794391974,0.08476995220197314,0.002817592397258708,0.07139339300114345,-15.7798357240531,0.013376559200829696,0.842201642759469,0-Night Advantage
164,113.900105,22.538303,4448,0.021825952498404435,0.05076260195512175,0.002727482712957251,0.06911015426483726,36.14383739812279,-0.018347552309715506,1.361438373981228,3-Moderate Deprivation
165,113.926591,22.53636,3401,0.03198294924990233,0.07438565268765883,0.002659771150119534,0.06739444896228959,-9.398591627238803,0.006991203725369238,0.9060140837276119,0-Night Advantage
166,113.916734,22.524137,979,0.05747732173308154,0.13368023250285102,0.005277315903002318,0.13371894693525982,0.02896047656707419,-3.871443240879846e-05,1.0002896047656706,1-No Significant
167,113.902596,22.527544,3970,0.03488612967252207,0.0811378433289663,0.003226138064075588,0.08174530244636673,0.7486754546057348,-0.0006074591174004274,1.0074867545460573,1-No Significant
168,113.931414,22.533753,3429,0.021937696121963824,0.05102249425921171,0.0017263550554269477,0.04374314221301831,-14.26694667103455,0.007279352046193399,0.8573305332896545,0-Night Advantage
169,113.911068,22.524193,1723,0.05363338950821592,0.12474004986992429,0.004355203363426324,0.11035405462745781,-11.532779774793918,0.014385995242466476,0.8846722022520608,0-Night Advantage
170,113.916959,22.528174,2053,0.044436550954360665,0.10335012634704478,0.003613093987182775,0.09155016148821736,-11.417465344167752,0.011799964858827422,0.8858253465583225,0-Night Advantage
171,113.918437,22.53206,1370,0.04126872531863468,0.09598242627432886,0.0035300466158360746,0.08944587073770449,-6.810158682530215,0.006536555536624369,0.9318984131746979,0-Night Advantage
172,113.915983,22.542979,2120,0.04436121372652878,0.10317490770725748,0.0026010766378471908,0.06590722164518484,-36.12088141412622,0.03726768606207265,0.6387911858587378,0-Night Advantage
173,113.919585,22.531654,1488,0.04254736126490329,0.09895626613724842,0.003615797759531722,0.09161867085887075,-7.4149880192535935,0.0073375952783776704,0.9258501198074641,0-Night Advantage
174,113.912932,22.535608,2729,0.03982831853705672,0.09263234127290473,0.0031861660751796327,0.08073247464520474,-12.846341206730083,0.011899866627699998,0.8715365879326992,0-Night Advantage
175,113.928443,22.520203,2926,0.07333890122386284,0.17057094992418306,0.005722423362631138,0.14499727513629349,-14.992983740347812,0.025573674787889578,0.8500701625965219,0-Night Advantage
176,113.916759,22.519841,2545,0.07438091248686657,0.172994450249334,0.0065594317968013125,0.16620576226314748,-3.924222988889,0.006788687986186509,0.96075777011111,1-No Significant
177,113.915927,22.529525,1331,0.04342870758660548,0.10100609340212723,0.0035814483499300325,0.09074831044001223,-10.155608059482637,0.010257782962114992,0.8984439194051737,0-Night Advantage
178,113.924264,22.520402,3231,0.07564624555348973,0.17593735039567768,0.00618511697057671,0.15672120888317395,-10.92215011155233,0.019216141512503726,0.8907784988844767,0-Night Advantage
179,113.921696,22.53337,1462,0.04249695378252526,0.09883902887286314,0.0036243702681718532,0.09183588484587116,-7.085403516054514,0.007003144026991981,0.9291459648394549,0-Night Advantage
180,113.896176,22.530416,1773,0.026665857169755617,0.062019208252166294,0.002942222951906003,0.07455133670390955,20.206850111320986,-0.012532128451743257,1.2020685011132097,3-Moderate Deprivation
181,113.931754,22.516751,1693,0.08013302438783979,0.18637265983041723,0.006006929032509419,0.1522062046892109,-18.332332205965624,0.03416645514120634,0.8166766779403437,0-Night Advantage
182,113.899603,22.52091,2250,0.05285332541945248,0.12292578390190854,0.004507060211443778,0.1142018701031714,-7.0968949896618865,0.008723913798737146,0.9290310501033812,0-Night Advantage
183,113.932643,22.519115,2914,0.0627752489104024,0.14600210338153183,0.004983662025610895,0.12627821608458295,-13.509317222236541,0.019723887296948878,0.8649068277776346,0-Night Advantage
184,113.918192,22.531749,2084,0.0413989733950373,0.09628535606666346,0.0034925786289781166,0.08849649043936382,-8.089356414600566,0.007788865627299635,0.9191064358539943,0-Night Advantage
185,113.918004,22.529994,2011,0.042927044836159195,0.0998393307365126,0.00357036455220247,0.09046746430773316,-9.386948369588808,0.009371866428779449,0.9061305163041119,0-Night Advantage
186,113.932294,22.53543,932,0.019850146985321858,0.04616729144994778,0.0014679548553367372,0.03719568451311715,-19.432820629204954,0.008971606936830627,0.8056717937079505,0-Night Advantage
187,113.917513,22.528719,2734,0.043746392189491126,0.10174496136423489,0.0035605584381019177,0.09021899268406043,-11.328294321045398,0.011525968680174456,0.886717056789546,0-Night Advantage
188,113.915429,22.531288,2872,0.04129314569737336,0.0960392229692541,0.0034821804265590395,0.08823301622196712,-8.128144424685786,0.007806206747286978,0.9187185557531421,0-Night Advantage
189,113.923328,22.528768,3249,0.04246352040547954,0.09876126982839023,0.003574212407304884,0.09056496294941226,-8.299110464274161,0.008196306878977974,0.9170088953572584,0-Night Advantage
190,113.923291,22.530404,447,0.040234525320181055,0.09357709331727569,0.003422637009005684,0.08672427897020786,-7.3231750465182515,0.0068528143470678315,0.9267682495348175,0-Night Advantage
191,113.912148,22.530024,3067,0.04111814251228582,0.09563220215189795,0.0034411477008949886,0.08719331100694318,-8.824319585939069,0.008438891144954774,0.9117568041406093,0-Night Advantage
192,113.920819,22.529204,2888,0.04301710424743607,0.10004879009675334,0.0036258781727804283,0.09187409279476859,-8.170710804277908,0.008174697301984751,0.918292891957221,0-Night Advantage
193,113.918457,22.529289,2890,0.04313153708100203,0.10031493694103563,0.0035883914237672017,0.09092423709270168,-9.361217914988803,0.009390699848333947,0.9063878208501119,0-Night Advantage
194,113.899513,22.535927,2727,0.018307377284700842,0.042579131701741046,0.0026642635905899854,0.06750828039097787,58.54780896863022,-0.02492914868923682,1.5854780896863023,4-Severe Deprivation
195,113.91941,22.530686,1802,0.04260441779269246,0.09908896769102091,0.0035609874357270975,0.09022986281420446,-8.940556232698775,0.008859104876816445,0.9105944376730123,0-Night Advantage
196,113.919647,22.522369,2500,0.06633764648835386,0.15428749529139968,0.005692243049248214,0.1442325531075355,-6.517016926662539,0.010054942183864185,0.9348298307333746,0-Night Advantage
197,113.927831,22.535617,1380,0.030081649581117153,0.06996362719800368,0.002552166455374711,0.06466791397157928,-7.5692376717934176,0.0052957132264244006,0.9243076232820658,0-Night Advantage
198,113.928188,22.527372,1104,0.038572418857319296,0.08971138121204433,0.0030966298259700116,0.07846376585897646,-12.537556774967818,0.011247615353067869,0.8746244322503218,0-Night Advantage
199,113.92805,22.524499,940,0.050667518991017735,0.11784205517640663,0.004099088679510541,0.10386450833965803,-11.86125514853297,0.013977546836748594,0.8813874485146703,0-Night Advantage
200,113.905481,22.535011,1401,0.032801422127555505,0.07628924946779515,0.0032640449688778896,0.08270580424025312,8.41082435234424,-0.006416554772457964,1.0841082435234424,2-Mild Deprivation
201,113.920767,22.4872,2020,0.24717143279393908,0.5748690719689369,0.021424110233780654,0.5428535096518011,-5.569191991401082,0.03201556231713576,0.9443080800859892,0-Night Advantage
202,113.904135,22.481268,1199,0.021063501785802647,0.04898930101730321,0.0025144943030221915,0.06371336043831483,30.055663410692503,-0.014724059421011612,1.300556634106925,3-Moderate Deprivation
203,113.900243,22.488274,3116,0.014145586706111445,0.03289967699858646,0.001575410708338483,0.03991844808640427,21.333860171695214,-0.007018771087817809,1.213338601716952,3-Moderate Deprivation
204,113.915129,22.476634,2891,0.03643071930004231,0.08473023584661481,0.0034079082711376573,0.0863510757446292,1.9129415630903788,-0.0016208398980143979,1.0191294156309039,1-No Significant
205,113.906476,22.487872,2933,0.027559904122299857,0.06409857452882756,0.002444107764859224,0.06192987543674122,-3.3833811563328737,0.0021686990920863347,0.9661661884366712,1-No Significant
206,113.90692,22.474455,3291,0.018067646196894892,0.042021567316523435,0.002126749995707651,0.05388852497134101,28.240159548145478,-0.011866957654817573,1.2824015954814547,3-Moderate Deprivation
207,113.904924,22.471066,4749,0.016678636266724774,0.038791020644982216,0.0012201234402371283,0.03091602332669065,-20.301083053122063,0.007874997318291565,0.7969891694687794,0-Night Advantage
208,113.895989,22.494499,565,0.04303327914434458,0.10008640952497723,0.0034831642884595947,0.08825794574668955,-11.81825168314766,0.011828463778287682,0.8818174831685234,0-Night Advantage
209,113.912976,22.478941,3644,0.04244382992727473,0.09871547389313884,0.003961519334016581,0.10037871587467413,1.6848847662280189,-0.0016632419815352933,1.0168488476622801,1-No Significant
210,113.897035,22.502307,4857,0.04444414639420162,0.10336779175199555,0.0032857893825987013,0.08325677374026302,-19.455787601600065,0.020111018011732526,0.8054421239839994,0-Night Advantage
211,113.894739,22.486813,1721,0.03135838873105612,0.07293305550925884,0.0024044615280297125,0.06092530168443427,-16.464076187374584,0.012007753824824573,0.8353592381262541,0-Night Advantage
212,113.918666,22.481446,3057,0.14973628273904901,0.348255285512858,0.012384532724562598,0.313804726617111,-9.892329084112362,0.034450558895747,0.9010767091588764,0-Night Advantage
213,113.902506,22.464289,1473,0.023816278742155497,0.05539168464371249,0.000843678468776775,0.021377495391663174,-61.40667046115966,0.03401418925204931,0.38593329538840326,0-Night Advantage
214,113.89658,22.487154,4763,0.025505597704652966,0.05932068733327517,0.001852871603339129,0.04694887404102516,-20.85581581808511,0.012371813292250011,0.7914418418191489,0-Night Advantage
215,113.882483,22.497282,2141,0.05486413323338175,0.12760250244027255,0.003855418361707269,0.0976902828631243,-23.44171862236745,0.02991221957714825,0.7655828137763255,0-Night Advantage
216,113.904509,22.491244,5098,0.011417396001972639,0.02655447585412389,0.0010420629181759364,0.02640424765542197,-0.5657358839511473,0.00015022819870192175,0.9943426411604885,1-No Significant
217,113.902686,22.494409,2427,0.019458455212320713,0.045256298284201336,0.0013986938272975637,0.03544071818112576,-21.68887088695481,0.009815580103075573,0.7831112911304519,0-Night Advantage
218,113.903162,22.488066,2360,0.01210422973440949,0.028151907506721467,0.0012933331425366388,0.032771042900441215,16.407894891729438,-0.004619135393719748,1.1640789489172945,2-Mild Deprivation
219,113.909068,22.491059,3297,0.043626163635059945,0.10146533488503881,0.0037985820914631175,0.09625014049824293,-5.139877961970701,0.005215194386795879,0.948601220380293,0-Night Advantage
220,113.907594,22.487536,1348,0.03615717206304081,0.08409402216893702,0.0033894970407601726,0.08588456390734103,2.129214053773026,-0.0017905417384040112,1.0212921405377302,1-No Significant
221,113.90685,22.490484,4682,0.0262041253845005,0.060945316662479807,0.002084800932857608,0.05282560120245358,-13.322952286873624,0.008119715460026225,0.8667704771312638,0-Night Advantage
222,113.907554,22.474747,2013,0.01871268106254736,0.04352178354464385,0.002161310218457507,0.05476422706628848,25.831761949995304,-0.011242443521644628,1.258317619499953,3-Moderate Deprivation
223,113.913829,22.474467,2304,0.025927292989432308,0.06030146239402775,0.002663493911033281,0.06748877791250363,11.918973824402162,-0.00718731551847588,1.1191897382440217,2-Mild Deprivation
224,113.902743,22.488329,1272,0.011526422678512014,0.02680804910752773,0.0012442573823400803,0.03152753974577925,17.60475228660441,-0.004719490638251521,1.176047522866044,2-Mild Deprivation
225,113.910138,22.50907,1988,0.07089107992260696,0.16487782938880188,0.005736046009185744,0.14534245173463145,-11.848395704011633,0.019535377654170433,0.8815160429598836,0-Night Advantage
226,113.911132,22.492791,3064,0.06743105199790328,0.15683052788806878,0.005574895703072008,0.1412591545381221,-9.928789732226177,0.015571373349946682,0.9007121026777383,0-Night Advantage
227,113.88983,22.501236,2577,0.0718214772017872,0.16704173892478238,0.006244352506485655,0.15822214489467626,-5.27987441155502,0.008819594030106126,0.9472012558844498,0-Night Advantage
228,113.911484,22.509138,2809,0.07707969537157267,0.17927125495463359,0.006085153674405609,0.15418829500387168,-13.991624009721694,0.0250829599507619,0.8600837599027831,0-Night Advantage
229,113.909753,22.48415,1696,0.04828492203861662,0.11230063283879886,0.004903277359860343,0.12424139413731398,10.632853080761711,-0.011940761298515123,1.1063285308076172,2-Mild Deprivation
230,113.911273,22.464925,1502,0.004828773386789775,0.011230717256578556,0.0004966723402321846,0.012584901781213235,12.057863212979079,-0.001354184524634679,1.1205786321297908,2-Mild Deprivation
231,113.917025,22.500611,2352,0.090325604975122,0.21007847112481698,0.0062664178674921795,0.15878124669789787,-24.41812535680591,0.051297224426919114,0.7558187464319409,0-Night Advantage
232,113.920058,22.49675,4602,0.18075681033659272,0.4204025466684523,0.015038876220486028,0.3810616472948007,-9.357911764668147,0.039340899373651594,0.9064208823533185,0-Night Advantage
233,113.883795,22.491701,2286,0.0404868602942016,0.09416397170650051,0.003064640424896487,0.07765320437217825,-17.534060039209727,0.01651076733432226,0.8246593996079027,0-Night Advantage
234,113.901972,22.477695,1985,0.01652778455891796,0.03844017111398432,0.0014408486250060979,0.03650885495016914,-5.024213232788075,0.001931316163815179,0.9497578676721192,0-Night Advantage
235,113.911294,22.468208,2591,0.007507183454607658,0.01746013904951837,0.0008310593485474205,0.021057746583872695,20.604690055166326,-0.003597607534354324,1.2060469005516632,3-Moderate Deprivation
236,113.90699,22.508711,4378,0.057242836939848114,0.1331348699018691,0.004382045629881816,0.11103419575786505,-16.600214624683964,0.022100674144004046,0.8339978537531604,0-Night Advantage
237,113.898571,22.5034,3118,0.04550246882683305,0.10582922844722215,0.003199439960696481,0.08106881418327225,-23.396574488207772,0.024760414263949898,0.7660342551179223,0-Night Advantage
238,113.897307,22.475691,2692,0.026125317212429687,0.06076202533212738,0.001345736575967461,0.034098864100262694,-43.881291128995294,0.026663161231864685,0.5611870887100471,0-Night Advantage
239,113.906739,22.487598,4069,0.029187527418204615,0.06788408599775138,0.002561096805345323,0.06489419509929313,-4.404406208779603,0.0029898908984582473,0.955955937912204,1-No Significant
240,113.927916,22.490717,3760,0.42996126395767387,1.0,0.03534455987434794,0.8955759733085604,-10.442402669143958,0.10442402669143958,0.8955759733085604,0-Night Advantage
241,113.909985,22.490741,1766,0.056511899520219316,0.13143486229443788,0.004681940271638444,0.11863305783553774,-9.74003718299775,0.01280180445890014,0.9025996281700225,0-Night Advantage
242,113.919725,22.472712,2312,0.01627012147483036,0.0378409006547902,0.0014761515109677464,0.03740337497158411,-1.1562242854563363,0.00043752568320609003,0.9884377571454367,1-No Significant
243,113.90424,22.487167,1896,0.01717813789000443,0.03995275698067414,0.0018098838892194658,0.04585963247033103,14.7846505123893,-0.00590687548965689,1.147846505123893,2-Mild Deprivation
244,113.925259,22.492423,3679,0.3523211352975505,0.8194252943963659,0.029996341746136686,0.760060474666985,-7.2446896788940744,0.0593648197293809,0.9275531032110592,0-Night Advantage
245,113.886264,22.495729,3588,0.046016181619758796,0.10702401699211841,0.003942083603711605,0.09988624480849813,-6.6693181439320615,0.007137772183620286,0.9333068185606794,0-Night Advantage
246,113.90501,22.500769,1387,0.02671014098708305,0.06212220315203196,0.0016645670577117389,0.042177530803813965,-32.10554574087996,0.019944672348217993,0.6789445425912004,0-Night Advantage
247,113.918633,22.491734,2741,0.2058914822693784,0.47886053821268587,0.015950598622166946,0.4041632697276552,-15.598960975952018,0.07469726848503067,0.8440103902404799,0-Night Advantage
248,113.907447,22.500446,644,0.03060266011739602,0.07117538876806492,0.0018535372976900878,0.046965741696709806,-34.014070720773546,0.024209647071355117,0.6598592927922645,0-Night Advantage
249,113.893334,22.490536,1806,0.03067538180242834,0.0713445242021804,0.0025917890753788587,0.06567188931039808,-7.951044533855002,0.005672634891782324,0.92048955466145,0-Night Advantage
250,113.914466,22.478154,2271,0.04495452695791179,0.10455483022846726,0.004056717345716896,0.10279088488423721,-1.6871007684442483,0.0017639453442300501,0.9831289923155575,1-No Significant
251,113.88995,22.499642,2102,0.06629233725189365,0.15418211548103455,0.00572682344848634,0.14510876644319964,-5.88482588238387,0.00907334903783491,0.9411517411761613,0-Night Advantage
252,113.904034,22.48796,3256,0.01534705825191993,0.03569404860022628,0.001622165276815506,0.0411031358663424,15.154031213152525,-0.005409087266116122,1.1515403121315253,2-Mild Deprivation
253,113.893846,22.470759,2993,0.028137914907859066,0.06544290676061695,0.0014993800034458589,0.03799194871061302,-41.94642232261559,0.027450958050003936,0.5805357767738442,0-Night Advantage
254,113.890219,22.496424,3452,0.04607268272177242,0.10715542674167015,0.003907786692606752,0.09901721461959774,-7.594773656860124,0.008138212122072414,0.9240522634313988,0-Night Advantage
255,113.906882,22.490565,4139,0.026372154453876126,0.06133611714489761,0.0021284449054559842,0.05393147133855933,-12.072244137733545,0.007404645806338282,0.8792775586226645,0-Night Advantage
256,113.900607,22.499667,891,0.034187333569104646,0.0795125897026624,0.002092947213616125,0.05303201524028826,-33.30362469817463,0.026480574462374132,0.6669637530182537,0-Night Advantage
257,113.904686,22.486461,1054,0.020682234149263304,0.048102552213399624,0.002069649195904271,0.05244167984036729,9.020576720581866,-0.0043391276269676635,1.0902057672058187,2-Mild Deprivation
258,113.910154,22.468382,2269,0.008562626431395931,0.019914878732514962,0.0008937997080492026,0.022647489354083783,13.72145247918229,-0.0027326106215688206,1.1372145247918228,2-Mild Deprivation
259,113.899259,22.471456,1830,0.019464583757507332,0.04527055199889695,0.0014896519770086474,0.037745455706432195,-16.622497319334894,0.007525096292464756,0.833775026806651,0-Night Advantage
260,113.903878,22.488116,2167,0.014345368090099288,0.03336432672574772,0.0014133685910071537,0.0358125537857849,7.337858426340879,-0.002448227060037181,1.0733785842634087,2-Mild Deprivation
261,113.908949,22.5122,2521,0.06562662888681026,0.15263381701582926,0.00528301973196144,0.13386347305723761,-12.297631236362923,0.018770343958591645,0.8770236876363707,0-Night Advantage
262,113.922702,22.490764,2791,0.29611483801054617,0.6887011989984666,0.023982300603784316,0.6076740602165683,-11.765209484131981,0.08102713878189827,0.8823479051586802,0-Night Advantage
263,113.915517,22.478276,2312,0.05316945497914684,0.12366103515869498,0.004697966953134361,0.1190391489265186,-3.7375445112885277,0.004621886232176381,0.9626245548871147,1-No Significant
264,113.885603,22.483066,2266,0.03427253458274406,0.07971074944583359,0.0018107140981208562,0.04588066866791152,-42.44105219574038,0.03383008077792207,0.5755894780425962,0-Night Advantage
265,113.900293,22.493648,5000,0.0247767835688597,0.057625618040091094,0.0019063768895804243,0.04830461447103908,-16.17510386190954,0.009321003569052015,0.8382489613809045,0-Night Advantage
266,113.907711,22.470015,1569,0.013423902595087316,0.03122119065220905,0.0010812824813706274,0.027398010163872784,-12.245466647716581,0.003823180488336266,0.8775453335228341,0-Night Advantage
267,113.915525,22.490917,2014,0.14255646144138356,0.3315565223927174,0.011630335656154674,0.29469455022767166,-11.11785462672454,0.03686197216504572,0.8888214537327546,0-Night Advantage
268,113.905891,22.48137,2027,0.028345467953243306,0.06592563174722103,0.0030474429075919235,0.07721744612951575,17.128109481894658,-0.011291814382294721,1.1712810948189465,2-Mild Deprivation
269,113.890072,22.486023,2883,0.03566086525341143,0.08293971630179678,0.0030263814783692013,0.07668378239052835,-7.5427481431268175,0.006255933911268427,0.9245725185687318,0-Night Advantage
270,113.892155,22.479151,4256,0.02126190793901047,0.04945075224521511,0.0013246452429671292,0.033564442646231346,-32.12551655474753,0.015886309598983767,0.6787448344525248,0-Night Advantage
272,113.948975,22.53361,3494,0.026830516937931814,0.062402172444476434,0.0019926514146277716,0.05049067625864359,-19.08827164059285,0.011911496185832843,0.8091172835940714,0-Night Advantage
273,113.944009,22.544643,1688,0.03963863002787532,0.09219116546223897,0.002371447864673949,0.06008878699030796,-34.82153448323634,0.032102378471931016,0.6517846551676366,0-Night Advantage
274,113.938497,22.521938,5834,0.03319583493992567,0.07720657120217585,0.0023128508075685307,0.05860402903500267,-24.094506306283055,0.018602542167173178,0.7590549369371694,0-Night Advantage
278,113.955947,22.542616,8282,0.0312767492741771,0.07274317920243167,0.0027869114160386263,0.07061598483094923,-2.9242526856886846,0.002127194371482441,0.9707574731431131,1-No Significant
279,113.94522,22.530008,2782,0.016371197591798316,0.038075982569001667,0.0011019676405938392,0.02792213980844124,-26.667316443271122,0.010153842760560427,0.7333268355672888,0-Night Advantage
280,113.939291,22.536961,4382,0.016313616654456794,0.03794206134825842,0.0009529898848776607,0.024147276037293403,-36.357500938989475,0.013794785310965018,0.6364249906101053,0-Night Advantage
281,113.937919,22.535473,4316,0.01615168985042565,0.03756545345911824,0.0010195129041955526,0.025832865502400423,-31.232387410113837,0.011732587956717819,0.6876761258988616,0-Night Advantage
282,113.945403,22.545178,4645,0.04705085021313026,0.10943043980297264,0.0030900343709327274,0.07829664732403283,-28.450760624736223,0.031133792478939812,0.7154923937526378,0-Night Advantage
283,113.943172,22.53715,5312,0.02572084571895311,0.059821309208647956,0.0020068587840384785,0.050850668821385406,-14.995727285028604,0.00897064038726255,0.850042727149714,0-Night Advantage
284,113.960929,22.534241,3420,0.03062823258815779,0.07123486498814667,0.0030200229257702636,0.07652266659356068,7.423052751337261,-0.005287801605414005,1.0742305275133726,2-Mild Deprivation
285,113.939977,22.516545,2445,0.04482447313168535,0.10425235222142697,0.003163260950587717,0.08015209454362517,-23.117231567700284,0.0241002576778018,0.7688276843229972,0-Night Advantage
286,113.934709,22.545501,5861,0.030792808758535312,0.07161763474945643,0.0015582916655601184,0.03948467826573458,-44.8673802145717,0.032132956483721845,0.5513261978542829,0-Night Advantage
289,113.939109,22.545659,7694,0.03410492862223552,0.07932093302617342,0.0015089789995462349,0.038235172287478615,-51.79687022231293,0.041085760738694806,0.48203129777687065,0-Night Advantage
291,113.938898,22.544131,2969,0.027505053602062988,0.06397100368737085,0.0013369437354371955,0.03387606724711091,-47.04465258562339,0.030094936440259942,0.5295534741437662,0-Night Advantage
292,113.935961,22.543955,3036,0.02796954557706924,0.06505131490129448,0.001426726764174961,0.036151029041352194,-44.426904980774175,0.02890028585994229,0.5557309501922583,0-Night Advantage
293,113.940251,22.529625,3157,0.015034482073693812,0.034967061765763696,0.0012043951586964304,0.030517493224763857,-12.725028401889974,0.00444956854099984,0.8727497159811003,0-Night Advantage
294,113.956883,22.531018,9429,0.019715499340803775,0.04585412918207581,0.00113530553584869,0.028766870032754792,-37.26438480921007,0.01708725914932102,0.6273561519078993,0-Night Advantage
295,113.936233,22.545298,5896,0.030466677019325768,0.07085912051445863,0.0013939143853538758,0.0353196145831235,-50.15516093525798,0.035539505931335126,0.4984483906474202,0-Night Advantage
296,113.921159,22.528697,10103,0.04402250914104402,0.1023871516606614,0.003785078727445725,0.09590798633319438,-6.328103890359915,0.006479165327467021,0.9367189610964008,0-Night Advantage
298,113.928863,22.535157,6936,0.027087260416905717,0.06299930409445496,0.0023761977196598227,0.060209140900985336,-4.428879387756936,0.0027901631934696275,0.9557112061224307,1-No Significant
299,113.937021,22.542933,4656,0.025177134843244988,0.05855675139545471,0.0013699979304805483,0.034713608950929564,-40.718007533416376,0.023843142444525144,0.5928199246658363,0-Night Advantage
300,113.954338,22.520515,5265,0.006875885174636932,0.015991871247531278,0.0003890740972124947,0.00985853026714646,-38.35286618713644,0.006133340980384818,0.6164713381286356,0-Night Advantage
301,113.925801,22.545135,5815,0.03855116120728304,0.08966194036279064,0.002336982068542944,0.059215477518479415,-33.95695288448876,0.030446462844311226,0.6604304711551124,0-Night Advantage
302,113.962783,22.547215,4962,0.06152422407886033,0.143092481198299,0.00470919186792433,0.11932357074487113,-16.61087309017214,0.023768910453427883,0.8338912690982786,0-Night Advantage
303,113.938223,22.540155,4066,0.021434355259595493,0.04985182865614035,0.0011263575782373603,0.028540142754911214,-42.7500584747439,0.021311685901229137,0.572499415252561,0-Night Advantage
304,113.949107,22.530719,8485,0.017069501803301072,0.03970009215756102,0.001131295200142946,0.028665254386224356,-27.795496613815896,0.011034837771336663,0.722045033861841,0-Night Advantage
307,113.938738,22.517457,10192,0.04570585840619752,0.1063022700823972,0.0032120464013481605,0.08138824171035763,-23.43696738811708,0.02491402837203957,0.7656303261188292,0-Night Advantage
308,113.953532,22.522833,1592,0.008956969530560951,0.02083203832855671,0.0005383424011852221,0.013640756077560788,-34.52030059458013,0.007191282250995922,0.6547969940541987,0-Night Advantage
309,113.942279,22.543795,4401,0.03301579757139946,0.07678784192673133,0.0020413318163902123,0.05172416164775127,-32.64016757092233,0.02506368027898006,0.6735983242907767,0-Night Advantage
310,113.960336,22.52747,3843,0.013037304157477163,0.03032204351962408,0.0009550558398875301,0.02419962411222638,-20.191315283336163,0.006122419407397699,0.7980868471666384,0-Night Advantage
312,113.947359,22.521737,4943,0.016781024490965683,0.03902915424636401,0.0011435813466198325,0.028976566158909207,-25.756612669595086,0.010052588087454802,0.7424338733040491,0-Night Advantage
314,113.944687,22.543858,3180,0.03932228734358736,0.09145541852220974,0.0025506695331986465,0.06462998430037777,-29.33170571552027,0.02682543422183198,0.7066829428447973,0-Night Advantage
317,113.921299,22.534307,4257,0.04105314740953854,0.0954810371326378,0.003521623642808235,0.08923244574969001,-6.544327094255932,0.006248591382947782,0.9345567290574407,0-Night Advantage
318,113.930854,22.539701,8277,0.027253958487479458,0.06338700895195616,0.0019250396400308347,0.04877749943434489,-23.048113105769783,0.014609509517611273,0.7695188689423021,0-Night Advantage
320,113.937482,22.545767,3217,0.03319947417910063,0.07721503531157366,0.0014395400832564616,0.03647569854490588,-52.76088601433485,0.04073933676666778,0.47239113985665154,0-Night Advantage
322,113.961346,22.547364,8593,0.05302412218942346,0.12332302147721673,0.003981312790938957,0.10088025117491319,-18.198362344251944,0.022442770302303544,0.8180163765574806,0-Night Advantage
323,113.916815,22.544855,3022,0.04675558432820432,0.10874371309134262,0.002732941189359821,0.06924846353603464,-36.31957051359165,0.039495249555307976,0.6368042948640835,0-Night Advantage
325,113.940172,22.537807,5304,0.01882153077055475,0.043774945206244385,0.0012655849566664886,0.03206794718623365,-26.74360405216626,0.011706998020010732,0.7325639594783374,0-Night Advantage
328,113.938018,22.541959,4317,0.022899016639285334,0.053258324781414616,0.0011992009899222521,0.030385881096277864,-42.94623193465235,0.022872443685136752,0.5705376806534764,0-Night Advantage
329,113.932656,22.544369,2524,0.028800453633825808,0.06698383330797207,0.0016652472190789107,0.04219476503110601,-37.00753906228862,0.024789068276866062,0.6299246093771138,0-Night Advantage
331,113.933736,22.542088,6964,0.026346508754493098,0.061276470610354086,0.00166146699045626,0.04209897993885717,-31.29666327136086,0.01917749067149692,0.6870333672863914,0-Night Advantage
332,113.934794,22.534271,5747,0.01751314039762367,0.04073190276821703,0.0013414540120972526,0.033990350617000974,-16.551036639703632,0.006741552151216058,0.8344896336029637,0-Night Advantage
333,113.938,22.545061,4809,0.031035148376612885,0.0721812660306721,0.0013936873618554239,0.03531386216206315,-51.0761391369096,0.03686740386860895,0.48923860863090396,0-Night Advantage
334,113.955406,22.546689,5744,0.058567025165033273,0.13621465484108985,0.005086043182338797,0.12887239477604243,-5.390213023417359,0.007342260065047429,0.9460978697658264,0-Night Advantage
336,113.953784,22.526239,5646,0.009271049317250124,0.02156252224191708,0.0005133413683458864,0.013007268932766615,-39.67649615924447,0.008555253309150466,0.6032350384075552,0-Night Advantage
337,113.927949,22.526532,2292,0.04292990596274601,0.0998459851187248,0.0034484055633354715,0.08737721391144625,-12.488004592725686,0.012468771207278559,0.8751199540727431,0-Night Advantage
338,113.94703,22.539362,4919,0.03509438237519592,0.08162219557213571,0.0026997568592972442,0.0684076244139735,-16.18992366663734,0.013214571158162214,0.8381007633336266,0-Night Advantage
339,113.946376,22.521775,7110,0.01866228518602151,0.0434045732730441,0.001248792561446231,0.031642454104779866,-27.098801534742794,0.011762119168264237,0.729011984652572,0-Night Advantage
341,113.940871,22.532998,4302,0.016916137878474933,0.039343399735051916,0.0011381254177792101,0.028838321438954755,-26.700992712477646,0.010505078296097162,0.7329900728752236,0-Night Advantage
342,113.94197,22.537178,3700,0.022638271675025096,0.05265188651332471,0.0017383804303414735,0.0440478464413851,-16.341370920797253,0.008604040071939614,0.8365862907920275,0-Night Advantage
343,113.944201,22.546115,4184,0.05115945390067691,0.11898619291833028,0.003365884515681229,0.08528625938169335,-28.322558029710127,0.03369993353663693,0.7167744197028988,0-Night Advantage
344,113.924424,22.522299,8661,0.06500524443551725,0.15118860670647874,0.005448459468292639,0.13805545771952954,-8.68659965393174,0.0131331489869492,0.9131340034606826,0-Night Advantage
345,113.93078,22.542483,8844,0.028152547531503435,0.0654769391837001,0.0018270973287552261,0.04629579415747698,-29.29450469944706,0.019181145026223118,0.7070549530055295,0-Night Advantage
346,113.930444,22.536725,2765,0.02403721362469157,0.05590553298554317,0.0019763662570793307,0.05007803578798057,-10.42382906727596,0.005827497197562599,0.8957617093272404,0-Night Advantage
347,113.932185,22.544886,6366,0.028848142178953293,0.06709474689281116,0.0016322210074817968,0.04135793238413206,-38.35891139107443,0.025736814508679096,0.6164108860892556,0-Night Advantage
348,113.92607,22.548128,2109,0.05019788088334324,0.11674977513389394,0.0037672994558988586,0.09545748734616757,-18.237540726144786,0.021292287787726363,0.8176245927385521,0-Night Advantage
349,113.940183,22.536368,2712,0.016733938713464534,0.038919642572992,0.001040605435200157,0.02636731731198992,-32.25190271843008,0.012552325261002077,0.6774809728156992,0-Night Advantage
351,113.931043,22.525118,9191,0.04265891736795315,0.09921572230784159,0.0033130359022645944,0.08394715801597055,-15.3892588157515,0.01526856429187104,0.846107411842485,0-Night Advantage
352,113.93523,22.542834,3222,0.026540918300985393,0.061728626566690266,0.0014712102302634575,0.03727817063202332,-39.60959006313092,0.024450455934666944,0.6039040993686907,0-Night Advantage
353,113.942859,22.541264,5941,0.02907966033806433,0.06763320972311353,0.0020784574794990266,0.05266486799666617,-22.131644775882865,0.014968341726447357,0.7786835522411714,0-Night Advantage
354,113.95414,22.530139,8225,0.01464384084760201,0.03405851195247108,0.0007858013963411216,0.01991098072397228,-41.538900020769525,0.014147531228498801,0.5846109997923048,0-Night Advantage
356,113.942978,22.541467,6474,0.029249417502751583,0.06802802939390128,0.0020880689820064052,0.05290840846636235,-22.22557534335164,0.015119620927538928,0.7777442465664836,0-Night Advantage
359,113.944521,22.545343,6054,0.044728298799652295,0.10402867083406711,0.002883244407856244,0.07305691246494712,-29.772329225009585,0.030971758369119987,0.7022767077499041,0-Night Advantage
360,113.939814,22.527583,8217,0.020134270534471775,0.0468281034182973,0.0015415955029856132,0.039061623569302144,-16.585083063518937,0.007766479848995159,0.8341491693648106,0-Night Advantage
361,113.929151,22.528623,9354,0.0324280481811943,0.07542085973676589,0.00267345912669747,0.06774128092143664,-10.182300814565815,0.007679578815329255,0.8981769918543419,0-Night Advantage
362,113.922887,22.523021,7238,0.06141548012473238,0.14283956549811014,0.005460002987749265,0.1383479524827838,-3.1445160167375024,0.004491613015326329,0.968554839832625,1-No Significant
365,113.937925,22.538249,4853,0.016845626509781657,0.039179405034589276,0.0009754970813240413,0.024717573260842753,-36.911820792018126,0.014461831773746523,0.6308817920798186,0-Night Advantage
366,113.961472,22.542529,5729,0.03902173520425553,0.09075639708812676,0.004174427389906276,0.10577347365512209,16.546576383385258,-0.01501707656699533,1.1654657638338526,2-Mild Deprivation
369,113.960974,22.528981,5872,0.01553698103318617,0.03613576927877776,0.0010227982379480741,0.025916110731185785,-28.28128126663101,0.010219658547591978,0.7171871873336899,0-Night Advantage
370,113.963959,22.538536,5381,0.04534162668707826,0.10545514326039791,0.004620735357550339,0.11708222085523334,11.025614527045837,-0.01162707759483543,1.1102561452704585,2-Mild Deprivation
380,113.939581,22.548559,1005,0.13840018570953988,0.3218898940700022,0.0077535621896002585,0.19646316234367342,-38.96572524860066,0.12542673172632876,0.6103427475139934,0-Night Advantage
388,113.933131,22.545235,3704,0.029674384231528968,0.0690164131493719,0.0016342017852444763,0.04140812220058546,-40.002500403829956,0.027608290948786446,0.5999749959617005,0-Night Advantage
396,113.920687,22.546622,5163,0.05343955102835145,0.12428922209516095,0.003052317525030643,0.07734096132599035,-37.77339658077921,0.04694826076917061,0.6222660341922079,0-Night Advantage
428,113.946016,22.548932,1528,0.33313645469798425,0.774805738618302,0.03946573035425815,1.0,29.064609379801844,-0.22519426138169796,1.2906460937980184,3-Moderate Deprivation
441,113.968296,22.542509,2748,0.1230200171333715,0.2861188377785628,0.010738965952970837,0.2721086334035665,-4.896638223394176,0.014010204374996282,0.9510336177660582,1-No Significant
442,113.939617,22.532222,6975,0.015585305570591384,0.036248162048676154,0.0011060557157357433,0.02802572525093041,-22.68373438273691,0.008222436797745744,0.7731626561726309,0-Night Advantage
443,113.968104,22.537731,9025,0.047353534976529776,0.11013442127472986,0.004944670588070866,0.12529023392411037,13.761195159480977,-0.015155812649380512,1.1376119515948098,2-Mild Deprivation
444,113.962507,22.530537,9640,0.01781697408950255,0.04143855640738949,0.0013907183772497661,0.03523863272682891,-14.96172699552581,0.006199923680560583,0.850382730044742,0-Night Advantage
445,113.947226,22.516022,6701,0.02142554144743735,0.04983132957192748,0.0016237363408853353,0.04114294417739421,-17.435588151410425,0.008688385394533267,0.8256441184858957,0-Night Advantage
446,113.963355,22.511592,12049,0.0005782539224792312,0.0013448977174282273,4.4740766410931486e-05,0.0011336611791881912,-15.70651325395748,0.00021123653824003615,0.8429348674604252,0-Night Advantage
447,113.970102,22.527575,9091,0.02243852218166984,0.05218731095710689,0.0021070687240200437,0.05338983226982652,2.304240802343684,-0.001202521312719633,1.0230424080234368,1-No Significant
448,113.963793,22.525016,5300,0.00861988887452401,0.020048059202311227,0.0007218468129096648,0.018290471414822842,-8.766872492504225,0.001757587787488385,0.9123312750749577,0-Night Advantage
449,113.951574,22.525614,3866,0.011935399528228328,0.027759243747602504,0.0006393822707258232,0.016200948645483187,-41.63764404827339,0.011558295102119316,0.5836235595172661,0-Night Advantage
450,113.958211,22.527828,3048,0.012362022324215252,0.028751479169137877,0.0007748461348675801,0.01963339149972118,-31.71345590874553,0.009118087669416696,0.6828654409125448,0-Night Advantage
451,113.9669,22.52143,9485,0.005882067851784199,0.013680459950371808,0.000792086658142686,0.020070239446543625,46.707344046558575,-0.006389779496171817,1.4670734404655859,3-Moderate Deprivation
452,113.960905,22.530019,5313,0.01683672453845867,0.039158700910592044,0.001198799871887356,0.03037571739143076,-22.429200445680703,0.008782983519161285,0.7757079955431929,0-Night Advantage
453,113.943896,22.51993,9213,0.022866166037475426,0.05318192115028858,0.0015491595607534546,0.03925328498542048,-26.19054720777517,0.0139286361648681,0.7380945279222483,0-Night Advantage
454,113.956804,22.525929,11530,0.007985948223668464,0.018573645798135467,0.0005470166847368834,0.013860548881945704,-25.3751846428712,0.004713096916189763,0.746248153571288,0-Night Advantage
455,113.960554,22.51477,8012,0.0009344969894656704,0.002173444604902045,5.2631615023524836e-05,0.001333602965182327,-38.64104186623928,0.0008398416397197182,0.6135895813376072,0-Night Advantage
456,113.952417,22.527167,4041,0.011146424246142587,0.025924252207147343,0.0005482998359851051,0.013893061931538444,-46.40901569493251,0.0120311902756089,0.5359098430506749,0-Night Advantage
457,113.967371,22.526544,2231,0.012646549572166125,0.02941323005648963,0.0011957154698069724,0.030297563457557068,3.0065837698512854,-0.0008843334010674372,1.0300658376985128,1-No Significant
458,113.953642,22.539473,8114,0.030340976397376786,0.07056676715036266,0.002523035629174766,0.06392978430975732,-9.405252796211206,0.006636982840605335,0.905947472037888,0-Night Advantage
459,113.952101,22.52078,9122,0.008710957381055508,0.020259865507123987,0.0005167656000940046,0.0130940336199365,-35.369592580304946,0.007165831887187488,0.6463040741969505,0-Night Advantage
460,113.974462,22.525412,10125,0.020226912798042868,0.04704356995292962,0.0014616136717114988,0.037035008818829526,-21.275088485236893,0.010008561134100091,0.7872491151476311,0-Night Advantage
461,113.942074,22.53779,8159,0.024200962759976408,0.056286379236150895,0.0018671356646272129,0.047310303087442,-15.947155014270049,0.008976076148708892,0.8405284498572996,0-Night Advantage
462,113.967259,22.53174,2786,0.03273577757327255,0.07613657396005588,0.003742581534579025,0.0948311738053321,24.55403345977205,-0.018694599845276216,1.2455403345977205,3-Moderate Deprivation
463,113.97028,22.528014,5090,0.026260899611196868,0.06107736164293637,0.0025660671663701347,0.06502013628878071,6.455378129943061,-0.003942774645844346,1.0645537812994306,2-Mild Deprivation
464,113.96022,22.532757,3950,0.02593171122364127,0.06031173828299572,0.0019628821804924795,0.04973637033631368,-17.534510275694803,0.01057536794668204,0.824654897243052,0-Night Advantage
465,113.957657,22.52732,3812,0.010439431264316706,0.024279934355538553,0.0006477264138181531,0.016412376205987702,-32.403539623887674,0.007867558149550851,0.6759646037611233,0-Night Advantage
466,113.944672,22.52546,4616,0.02012991027893866,0.04681796237560667,0.001450591172746346,0.03675571590150072,-21.492277671931806,0.010062246474105946,0.785077223280682,0-Night Advantage
467,113.949502,22.536875,4325,0.031078591877181407,0.07228230652945712,0.0025694892920645326,0.06510684761183694,-9.926992181269116,0.007175458917620184,0.9007300781873089,0-Night Advantage
468,113.956632,22.531656,4386,0.02183213141740356,0.05077697282877267,0.001386554023902781,0.035133114513695524,-30.808962101444116,0.01564385831507715,0.6919103789855588,0-Night Advantage
469,113.945229,22.518306,1993,0.022331868178590703,0.05193925604607277,0.0015548890439447613,0.03939846114559481,-24.145118461753924,0.012540794900477957,0.7585488153824608,0-Night Advantage
470,113.952956,22.523385,2875,0.009642083942525925,0.02242547120122688,0.0005576631809797786,0.014130314477243916,-36.989888192535034,0.008295156723982965,0.6301011180746497,0-Night Advantage
471,113.957629,22.527692,6925,0.011145193827745346,0.025921390511221724,0.0006991312308803041,0.017714894025896863,-31.65916767378724,0.00820649648532486,0.6834083232621276,0-Night Advantage
472,113.965083,22.513068,3479,0.0007406678264072096,0.001722638499081448,7.086446926761499e-05,0.0017955950297007257,4.23516197148618,-7.295653061927779e-05,1.042351619714862,1-No Significant
473,113.957726,22.528098,5092,0.012298861808956877,0.02860458101678573,0.000765934760283448,0.019407591178679594,-32.1521571412256,0.009196989838106136,0.678478428587744,0-Night Advantage
474,113.964987,22.513056,5921,0.0007663708109839378,0.0017824182670078408,7.086446926761499e-05,0.0017955950297007257,0.7392632210286338,-1.317676269288492e-05,1.0073926322102864,1-No Significant
475,113.954948,22.529168,2305,0.012365580992830857,0.028759755888261008,0.000659809975978052,0.016718554808320223,-41.868231172489516,0.012041201079940785,0.5813176882751049,0-Night Advantage
476,113.945567,22.539273,8265,0.034285077572217826,0.07973992181675442,0.0024790424679659038,0.06281506627935565,-21.225071647665736,0.016924855537398767,0.7877492835233426,0-Night Advantage
477,113.941929,22.520923,3805,0.025891374286387873,0.06021792300093495,0.0016736503485453194,0.0424076872142502,-29.57630369683828,0.017810235786684753,0.7042369630316172,0-Night Advantage
478,113.957444,22.527278,5392,0.010079603954460767,0.023443051268574325,0.0006293805087658007,0.015947519610463607,-31.973362051886834,0.007495531658110718,0.6802663794811317,0-Night Advantage
479,113.965412,22.535254,9019,0.038443099952172675,0.08941061247777214,0.003814835476261337,0.09666197589701354,8.110182022345638,-0.007251363419241402,1.0811018202234564,2-Mild Deprivation
480,113.958535,22.528971,8090,0.01504255065640898,0.034985827602111136,0.0009588889145406856,0.024296748240393996,-30.55259827860163,0.01068907936171714,0.6944740172139837,0-Night Advantage
481,113.958871,22.529765,4328,0.01699444478880802,0.03952552523541047,0.0010454215823522287,0.026489350962674713,-32.981659813736755,0.013036174272735755,0.6701834018626325,0-Night Advantage
482,113.964879,22.542391,3963,0.050763235623874865,0.11806467205118293,0.0050272467938839525,0.12738258607550484,7.892211838171584,-0.009317914024321916,1.078922118381716,2-Mild Deprivation
483,113.949003,22.518687,5664,0.01274785053358329,0.029648834911877576,0.0008308419262645826,0.021052237442628224,-28.99472270934155,0.008596597469249352,0.7100527729065845,0-Night Advantage
484,113.961874,22.528407,9060,0.014413910493098689,0.033523742023694535,0.0010154305907977466,0.025729426053512444,-23.25013706606225,0.0077943159701820905,0.7674986293393775,0-Night Advantage
485,113.970881,22.533064,7139,0.04824458550781142,0.11220681850205161,0.005801962481543307,0.14701267224660156,31.01937494459265,-0.03480585374454995,1.3101937494459266,3-Moderate Deprivation
486,113.954425,22.520933,4470,0.007183050143812569,0.016706272741164145,0.0004178429667977983,0.010587488513378424,-36.6256694272031,0.006118784227785721,0.633743305727969,0-Night Advantage
487,113.96216,22.527778,5116,0.013068440135277323,0.030394459293811647,0.0009422799207449306,0.023875902264742035,-21.446530652370576,0.0065185570290696125,0.7855346934762942,0-Night Advantage
488,113.947105,22.529955,3521,0.015627888167138136,0.036347200264711686,0.0010220505845837749,0.025897166362043544,-28.750588288952038,0.010450033902668143,0.7124941171104796,0-Night Advantage
489,113.960128,22.516925,11443,0.0015338497953045354,0.0035674139134904263,0.00011713539504367935,0.0029680280585771815,-16.801690789135098,0.0005993858549132448,0.8319830921086491,0-Night Advantage
490,113.961501,22.531881,6501,0.022391546660081234,0.052078055715934206,0.0016897407227096746,0.04281539217802314,-17.786116264469126,0.009262663537911067,0.8221388373553088,0-Night Advantage
491,113.952289,22.528135,13032,0.012598704969227666,0.029301953513812127,0.0006211475037456539,0.01573890811521838,-46.287171236554265,0.013563045398593748,0.5371282876344574,0-Night Advantage
492,113.950248,22.520181,5906,0.01069727192136828,0.02487961781231841,0.0007130540650302663,0.018067676909299397,-27.379604278512193,0.006811940903019013,0.7262039572148781,0-Night Advantage
493,113.96545,22.519184,6596,0.0018211394023303104,0.004235589470472825,0.0002961173992969444,0.007503152650131935,77.14541747820397,-0.00326756317965911,1.7714541747820396,4-Severe Deprivation
494,113.959852,22.531114,6943,0.020955530403577786,0.048738182157825,0.0014163536182052508,0.035888189715268595,-26.365350272903676,0.012849992442556406,0.7363464972709632,0-Night Advantage
495,113.973163,22.534832,8129,0.1102979645324442,0.2565300034639914,0.011145535987103754,0.28241048340059943,10.08867562746547,-0.025880479936608025,1.1008867562746547,2-Mild Deprivation
496,113.963615,22.51021,4416,0.00040474772911645163,0.000941358589820072,1.4480408858603066e-05,0.0003669109561288204,-61.02325297749177,0.0005744476336912517,0.38976747022508235,0-Night Advantage
497,113.950942,22.516397,2290,0.008244198253755735,0.01917428137100115,0.0005528912598037806,0.014009401443754772,-26.9364980481493,0.005164879927246379,0.7306350195185071,0-Night Advantage
498,113.958507,22.530716,7081,0.020619947825704088,0.04795768724815627,0.0012787949837299248,0.03240266865077664,-32.43488059983051,0.015555018597379629,0.6756511940016949,0-Night Advantage
499,113.954852,22.535586,4776,0.026559889869137536,0.06177275046747499,0.0023627543380744104,0.0598685065971288,-3.082660001271639,0.0019042438703461909,0.9691733999872836,1-No Significant
500,113.957484,22.528959,9304,0.01395979178086211,0.032467556850042975,0.000888335151552704,0.022509026022797453,-30.672251913627868,0.009958530827245522,0.6932774808637213,0-Night Advantage
