community_id,lng,lat,community_type,SAI,SAI_night,spatial_deprivation,TPI,TPI_deprivation,TPI_norm,SAII,vulnerability,vulnerability_weighted,deprivation_type,illusion_flag,illusion_type
1,113.916231,22.546877,high_end,0.1283386639699968,0.0862448079270103,0.8716613360300032,-32.799044918238565,0.0,0.0,0.0,0.4358306680150016,0.5229968016180019,3-Spatially Isolated,0,Night Advantage
2,113.93485,22.527444,commodity_housing,0.084142735650493,0.07412615820830264,0.915857264349507,-11.90426881744922,0.0,0.0,0.0,0.4579286321747535,0.5495143586097042,3-Spatially Isolated,0,Night Advantage
3,113.935645,22.528029,high_end,0.07533058693424599,0.06609431176950513,0.924669413065754,-12.260989248368599,0.0,0.0,0.0,0.462334706532877,0.5548016478394524,3-Spatially Isolated,0,Night Advantage
4,113.918479,22.526518,high_end,0.13314400338076604,0.14065086967597043,0.866855996619234,5.638155759622315,5.638155759622315,0.21155569931463225,0.18338832656986453,0.539205847966933,0.6047358776973932,3-Spatially Isolated,1,Accessibility Illusion
5,113.957109,22.52315,high_end,0.016580360980436724,0.01291293359374945,0.9834196390195633,-22.11910459015033,0.0,0.0,0.0,0.49170981950978165,0.5900517834117379,3-Spatially Isolated,0,Night Advantage
6,113.92981,22.530638,commodity_housing,0.07540580217056231,0.0767815985057985,0.9245941978294376,1.8245231741242534,1.8245231741242534,0.06846002353852412,0.06329774054698613,0.49652711068398087,0.5821405281130722,3-Spatially Isolated,0,Normal
7,113.953239,22.518945,high_end,0.0176613662409108,0.011847648872197195,0.9823386337590893,-32.9177102689072,0.0,0.0,0.0,0.4911693168795446,0.5894031802554536,3-Spatially Isolated,0,Night Advantage
8,113.931195,22.526954,high_end,0.10598447794284886,0.10102691509136626,0.8940155220571512,-4.677631052875427,0.0,0.0,0.0,0.4470077610285756,0.5364093132342906,3-Spatially Isolated,0,Normal
9,113.929679,22.506525,high_end,0.3706910871427258,0.32556829885521055,0.6293089128572742,-12.172612143259274,0.0,0.0,0.0,0.3146544564286371,0.3775853477143645,1-Well-Served,0,Night Advantage
10,113.92211,22.541586,high_end,0.10993628619794521,0.09154333388627131,0.8900637138020548,-16.73055635020867,0.0,0.0,0.0,0.4450318569010274,0.5340382282812329,3-Spatially Isolated,0,Night Advantage
11,113.930124,22.507264,commodity_housing,0.36796027346203325,0.3310589016969816,0.6320397265379667,-10.028629291378977,0.0,0.0,0.0,0.31601986326898335,0.37922383592278003,1-Well-Served,0,Night Advantage
12,113.952473,22.531496,commodity_housing,0.06187565481327519,0.048013725941809415,0.9381243451867248,-22.402880281909763,0.0,0.0,0.0,0.4690621725933624,0.5628746071120349,3-Spatially Isolated,0,Night Advantage
13,113.935223,22.521598,commodity_housing,0.12348069000138182,0.10616169607155808,0.8765193099986182,-14.025669867596244,0.0,0.0,0.0,0.4382596549993091,0.5259115859991709,3-Spatially Isolated,0,Night Advantage
14,113.937297,22.539434,commodity_housing,0.05426066415682734,0.035866809148278035,0.9457393358431727,-33.89905983344825,0.0,0.0,0.0,0.47286966792158636,0.5674436015059036,3-Spatially Isolated,0,Night Advantage
15,113.936653,22.539844,commodity_housing,0.056060096281182324,0.03799770190704431,0.9439399037188176,-32.21969916630524,0.0,0.0,0.0,0.4719699518594088,0.5663639422312906,3-Spatially Isolated,0,Night Advantage
16,113.935174,22.532709,commodity_housing,0.05085048117828471,0.044612446987430644,0.9491495188217153,-12.267404449887422,0.0,0.0,0.0,0.47457475941085764,0.5694897112930292,3-Spatially Isolated,0,Night Advantage
17,113.934844,22.541922,high_end,0.07453480661921831,0.051530145656520115,0.9254651933807817,-30.864319646288042,0.0,0.0,0.0,0.46273259669039085,0.555279116028469,3-Spatially Isolated,0,Night Advantage
18,113.919313,22.522586,high_end,0.1762589057421086,0.1837659612762805,0.8237410942578914,4.25910708032863,4.25910708032863,0.1598108344731475,0.1316427516631773,0.49177596436551946,0.5581689903439938,3-Spatially Isolated,1,Accessibility Illusion
19,113.946107,22.526839,high_end,0.048576842493261434,0.040526600437621824,0.9514231575067386,-16.572180575047334,0.0,0.0,0.0,0.4757115787533693,0.5708538945040431,3-Spatially Isolated,0,Night Advantage
20,113.932012,22.524139,high_end,0.127953604244708,0.11916926421753753,0.872046395755292,-6.865254073164402,0.0,0.0,0.0,0.436023197877646,0.5232278374531751,3-Spatially Isolated,0,Night Advantage
21,113.954585,22.544935,commodity_housing,0.10271935841602317,0.08700027862424821,0.8972806415839768,-15.30293805780133,0.0,0.0,0.0,0.4486403207919884,0.5383683849503861,3-Spatially Isolated,0,Night Advantage
22,113.955945,22.541872,high_end,0.09135804090721261,0.09720001552660283,0.9086419590927874,6.394592705116778,6.394592705116778,0.23993883625056986,0.21801849423316133,0.5742903976716787,0.6411607099559005,3-Spatially Isolated,1,Accessibility Illusion
23,113.951568,22.513775,commodity_housing,0.028983429117309743,0.027014220433336948,0.9710165708826902,-6.794257077043815,0.0,0.0,0.0,0.4855082854413451,0.5826099425296141,3-Spatially Isolated,0,Night Advantage
24,113.943167,22.541014,commodity_housing,0.08461991272770764,0.07246577823766122,0.9153800872722924,-14.363208491075069,0.0,0.0,0.0,0.4576900436361462,0.5492280523633754,3-Spatially Isolated,0,Night Advantage
25,113.934599,22.509815,high_end,0.3208690417955913,0.2983772334877235,0.6791309582044087,-7.009653590138537,0.0,0.0,0.0,0.33956547910220436,0.4074785749226452,1-Well-Served,0,Night Advantage
26,113.94876,22.516912,commodity_housing,0.03822425562182805,0.03127309355714361,0.9617757443781719,-18.185212377857173,0.0,0.0,0.0,0.48088787218908596,0.5770654466269032,3-Spatially Isolated,0,Night Advantage
27,113.918984,22.528081,commodity_housing,0.12177243137432354,0.12388354229987013,0.8782275686256764,1.7336526024163166,1.7336526024163166,0.0650503647485937,0.057129023671370856,0.47163896668713506,0.5529566870748432,3-Spatially Isolated,1,Accessibility Illusion
28,113.945794,22.522781,high_end,0.057872007737283813,0.047972203698786305,0.9421279922627162,-17.10637737580962,0.0,0.0,0.0,0.4710639961313581,0.5652767953576296,3-Spatially Isolated,0,Night Advantage
29,113.940267,22.520858,commodity_housing,0.08943264477121335,0.06809731744428617,0.9105673552287866,-23.856308154038416,0.0,0.0,0.0,0.4552836776143933,0.546340413137272,3-Spatially Isolated,0,Night Advantage
30,113.910596,22.525177,high_end,0.11679572210848427,0.11628032585893185,0.8832042778915157,-0.4412800745165154,0.0,0.0,0.0,0.44160213894575784,0.5299225667349093,3-Spatially Isolated,0,Normal
31,113.943953,22.505433,high_end,0.23872545694962374,0.20333499034963654,0.7612745430503762,-14.824756040766681,0.0,0.0,0.0,0.3806372715251881,0.4567647258302257,3-Spatially Isolated,0,Night Advantage
32,113.94845,22.537015,commodity_housing,0.09095931395533126,0.08754179086789052,0.9090406860446687,-3.75719971801792,0.0,0.0,0.0,0.45452034302233435,0.5454244116268012,3-Spatially Isolated,0,Normal
33,113.936027,22.528199,commodity_housing,0.07149218919196713,0.0608036716770553,0.9285078108080329,-14.950608780788041,0.0,0.0,0.0,0.46425390540401645,0.5571046864848197,3-Spatially Isolated,0,Night Advantage
34,113.918374,22.538354,commodity_housing,0.1007890193480607,0.08844772221161863,0.8992109806519393,-12.244684208924719,0.0,0.0,0.0,0.44960549032596964,0.5395265883911635,3-Spatially Isolated,0,Night Advantage
35,113.925233,22.535207,commodity_housing,0.09665383834563171,0.09748960060282826,0.9033461616543683,0.8646963964409573,0.8646963964409573,0.032445263778268396,0.029309304497962263,0.46789571271631836,0.5549858025039284,3-Spatially Isolated,1,Accessibility Illusion
36,113.925657,22.516953,commodity_housing,0.2881864616056974,0.2703627807516467,0.7118135383943026,-6.184773828285312,0.0,0.0,0.0,0.3559067691971513,0.42708812303658156,3-Spatially Isolated,0,Night Advantage
37,113.938237,22.528294,high_end,0.05770106532440712,0.052956491979598036,0.9422989346755929,-8.22267893692106,0.0,0.0,0.0,0.47114946733779645,0.5653793608053557,3-Spatially Isolated,0,Night Advantage
38,113.960374,22.535904,commodity_housing,0.09876908361001205,0.1257279579072277,0.901230916389988,27.294851092941485,27.294851092941485,1.0,0.901230916389988,0.9506154581949939,0.9407385498339927,4-Dual Deprived,1,Accessibility Illusion
39,113.928049,22.512219,commodity_housing,0.31285514067643416,0.28053410204666707,0.6871448593235658,-10.330991704302745,0.0,0.0,0.0,0.3435724296617829,0.4122869155941395,1-Well-Served,0,Night Advantage
40,113.920245,22.531962,high_end,0.11117905886384577,0.11389378002024471,0.8888209411361543,2.441755834363999,2.441755834363999,0.09161991706470037,0.08143370091226339,0.49022042910042735,0.5699405315075726,3-Spatially Isolated,1,Accessibility Illusion
41,113.937558,22.529191,commodity_housing,0.04838730016331668,0.04549439455822572,0.9516126998366833,-5.978646453360346,0.0,0.0,0.0,0.47580634991834164,0.57096761990201,3-Spatially Isolated,0,Night Advantage
42,113.915605,22.528483,commodity_housing,0.1096576865350988,0.10949114994549031,0.8903423134649012,-0.15186950853207307,0.0,0.0,0.0,0.4451711567324506,0.5342053880789407,3-Spatially Isolated,0,Normal
43,113.920887,22.535363,high_end,0.10414099248649988,0.10527825060917881,0.8958590075135001,1.092036954445533,1.092036954445533,0.04097556921531764,0.03670833276953519,0.4684172883644089,0.5539056321942272,3-Spatially Isolated,1,Accessibility Illusion
44,113.916034,22.537072,high_end,0.1022791164491911,0.09331987798426611,0.8977208835508089,-8.759597047727382,0.0,0.0,0.0,0.44886044177540446,0.5386325301304853,3-Spatially Isolated,0,Night Advantage
45,113.934175,22.530675,commodity_housing,0.05371706332250809,0.04953467386884704,0.9462829366774919,-7.785960726390982,0.0,0.0,0.0,0.47314146833874593,0.5677697620064951,3-Spatially Isolated,0,Night Advantage
46,113.932532,22.536866,high_end,0.05647015984996902,0.050278038180165976,0.9435298401500309,-10.96529863959016,0.0,0.0,0.0,0.47176492007501547,0.5661179040900185,3-Spatially Isolated,0,Night Advantage
47,113.933389,22.528056,high_end,0.07889309294609452,0.0720521638122742,0.9211069070539055,-8.67113821801174,0.0,0.0,0.0,0.46055345352695276,0.5526641442323433,3-Spatially Isolated,0,Night Advantage
48,113.929428,22.530791,high_end,0.07538712917069636,0.07774005276367742,0.9246128708293037,3.1211210970156724,3.1211210970156724,0.11711115912289623,0.10828248504276848,0.5208620149761,0.6016121861467407,3-Spatially Isolated,0,Normal
49,113.927695,22.535372,commodity_housing,0.08507412608903188,0.08734259549699509,0.9149258739109681,2.666462192734384,2.666462192734384,0.10005138168047673,0.09153959782000999,0.5074886277957225,0.5889760770187716,3-Spatially Isolated,0,Normal
50,113.923913,22.523738,commodity_housing,0.1594778549609699,0.16561325862202855,0.8405221450390301,3.847182207561183,3.847182207561183,0.14435452956800493,0.1213331788385996,0.4924383373035175,0.56205509885062,3-Spatially Isolated,1,Accessibility Illusion
51,113.944202,22.509304,high_end,0.17333990983014388,0.16510767587575073,0.8266600901698561,-4.749185552513518,0.0,0.0,0.0,0.41333004508492804,0.4959960541019136,3-Spatially Isolated,0,Normal
52,113.943806,22.502073,high_end,0.5820650168986182,0.49902407091095186,0.4179349831013818,-14.266610013796813,0.0,0.0,0.0,0.2089674915506909,0.25076098986082906,1-Well-Served,0,Night Advantage
53,113.909399,22.518991,commodity_housing,0.17154901242471624,0.16272694100991916,0.8284509875752838,-5.142595279392012,0.0,0.0,0.0,0.4142254937876419,0.4970705925451703,3-Spatially Isolated,0,Night Advantage
54,113.936566,22.527584,commodity_housing,0.07858653381597576,0.06542538168319462,0.9214134661840242,-16.74733760824762,0.0,0.0,0.0,0.4607067330920121,0.5528480797104145,3-Spatially Isolated,0,Night Advantage
55,113.925118,22.541016,commodity_housing,0.1026095541325694,0.0890747669047587,0.8973904458674306,-13.190572108250315,0.0,0.0,0.0,0.4486952229337153,0.5384342675204583,3-Spatially Isolated,0,Night Advantage
56,113.936429,22.529584,commodity_housing,0.050045572334253316,0.04615470772481558,0.9499544276657467,-7.774643046243401,0.0,0.0,0.0,0.47497721383287334,0.569972656599448,3-Spatially Isolated,0,Night Advantage
57,113.946034,22.517194,high_end,0.06656698183355858,0.05136776493798039,0.9334330181664414,-22.832966850715426,0.0,0.0,0.0,0.4667165090832207,0.5600598108998648,3-Spatially Isolated,0,Night Advantage
58,113.942603,22.513997,high_end,0.11292709881092719,0.0961648787020187,0.8870729011890728,-14.843399224284791,0.0,0.0,0.0,0.4435364505945364,0.5322437407134436,3-Spatially Isolated,0,Night Advantage
59,113.962906,22.52795,high_end,0.03597191981187579,0.03052081459708885,0.9640280801881242,-15.153778956738654,0.0,0.0,0.0,0.4820140400940621,0.5784168481128745,3-Spatially Isolated,0,Night Advantage
60,113.934102,22.533732,high_end,0.054012925164189374,0.04933564325066605,0.9459870748358106,-8.65956046502804,0.0,0.0,0.0,0.4729935374179053,0.5675922449014863,3-Spatially Isolated,0,Night Advantage
61,113.911981,22.531467,commodity_housing,0.09547282304273692,0.09653225500294393,0.904527176957263,1.109668622381442,1.109668622381442,0.04163714722048337,0.037661931231897774,0.4730821620888732,0.5593711650625512,3-Spatially Isolated,1,Accessibility Illusion
62,113.920562,22.510689,high_end,0.33207583594529594,0.33108925982302584,0.667924164054704,-0.29709362003461826,0.0,0.0,0.0,0.333962082027352,0.4007544984328224,1-Well-Served,0,Normal
63,113.943036,22.522476,commodity_housing,0.069263878632613,0.055650479709678874,0.930736121367387,-19.654398788641096,0.0,0.0,0.0,0.4653680606836935,0.5584416728204322,3-Spatially Isolated,0,Night Advantage
64,113.947339,22.521867,commodity_housing,0.04839089281052644,0.03980515096539157,0.9516091071894736,-17.74247455766557,0.0,0.0,0.0,0.4758045535947368,0.5709654643136841,3-Spatially Isolated,0,Night Advantage
65,113.930503,22.523001,high_end,0.14969889631929964,0.1429939222918319,0.8503011036807003,-4.4789735878656085,0.0,0.0,0.0,0.42515055184035017,0.5101806622084202,3-Spatially Isolated,0,Normal
66,113.914194,22.540901,high_end,0.1064520943282811,0.0803055397705234,0.8935479056717189,-24.561803807378304,0.0,0.0,0.0,0.44677395283585947,0.5361287434030313,3-Spatially Isolated,0,Night Advantage
67,113.929525,22.536047,commodity_housing,0.07375717139566075,0.07305617581450101,0.9262428286043393,-0.9504100657539342,0.0,0.0,0.0,0.46312141430216963,0.5557456971626036,3-Spatially Isolated,0,Normal
68,113.933411,22.526352,commodity_housing,0.10090414926377614,0.08850411940805217,0.8990958507362239,-12.288919678920966,0.0,0.0,0.0,0.44954792536811194,0.5394575104417343,3-Spatially Isolated,0,Night Advantage
69,113.937344,22.533373,high_end,0.0483510421580008,0.0403232207334968,0.9516489578419992,-16.60320246722047,0.0,0.0,0.0,0.4758244789209996,0.5709893747051995,3-Spatially Isolated,0,Night Advantage
70,113.947894,22.542281,high_end,0.10727841744451833,0.0898630271078958,0.8927215825554817,-16.233824800435112,0.0,0.0,0.0,0.44636079127774086,0.535632949533289,3-Spatially Isolated,0,Night Advantage
71,113.935357,22.53553,high_end,0.04861896317818351,0.04103601545524152,0.9513810368218165,-15.596687438914042,0.0,0.0,0.0,0.47569051841090826,0.5708286220930899,3-Spatially Isolated,0,Night Advantage
72,113.919179,22.517452,high_end,0.24736214807745013,0.24954577846136425,0.7526378519225498,0.8827665836853951,0.8827665836853951,0.033123295968620556,0.02492984632641743,0.3928805739455852,0.46483202954097813,3-Spatially Isolated,1,Accessibility Illusion
73,113.934654,22.515918,high_end,0.2074093013856297,0.18037604355213033,0.7925906986143703,-13.033773149468008,0.0,0.0,0.0,0.39629534930718513,0.4755544191686221,3-Spatially Isolated,0,Night Advantage
74,113.929771,22.523903,commodity_housing,0.14568734594658642,0.13857594735603865,0.8543126540534136,-4.881274035395656,0.0,0.0,0.0,0.4271563270267068,0.5125875924320481,3-Spatially Isolated,0,Normal
75,113.923645,22.526237,commodity_housing,0.13916508100460537,0.143258772792819,0.8608349189953947,2.941608454263158,2.941608454263158,0.11037545966859988,0.09501504988289863,0.48560518933199726,0.5606511352646767,3-Spatially Isolated,1,Accessibility Illusion
76,113.94908,22.521307,commodity_housing,0.038646931826726266,0.030648031455691723,0.9613530681732737,-20.69737490908116,0.0,0.0,0.0,0.48067653408663685,0.5768118409039642,3-Spatially Isolated,0,Night Advantage
77,113.935153,22.531212,commodity_housing,0.05040367706897683,0.04462500096243383,0.9495963229310231,-11.464790750553675,0.0,0.0,0.0,0.47479816146551157,0.5697577937586139,3-Spatially Isolated,0,Night Advantage
78,113.933052,22.53122,high_end,0.057830316234394476,0.051215514411950304,0.9421696837656055,-11.438294398449148,0.0,0.0,0.0,0.47108484188280275,0.5653018102593633,3-Spatially Isolated,0,Night Advantage
79,113.936071,22.511357,commodity_housing,0.2590862609619602,0.2202258997415395,0.7409137390380398,-14.999004993987807,0.0,0.0,0.0,0.3704568695190199,0.4445482434228239,3-Spatially Isolated,0,Night Advantage
80,113.940731,22.527673,high_end,0.05563551808084707,0.0522561830962369,0.9443644819191529,-6.074060422515467,0.0,0.0,0.0,0.47218224095957645,0.5666186891514917,3-Spatially Isolated,0,Night Advantage
81,113.935071,22.505613,high_end,0.38281906095497925,0.3475712076244793,0.6171809390450207,-9.2074446979131,0.0,0.0,0.0,0.30859046952251035,0.3703085634270124,1-Well-Served,0,Night Advantage
82,113.929827,22.516451,commodity_housing,0.2641405942791215,0.22837859735515167,0.7358594057208785,-13.539000705881493,0.0,0.0,0.0,0.36792970286043924,0.4415156434325271,3-Spatially Isolated,0,Night Advantage
83,113.928262,22.536646,commodity_housing,0.08053236373995795,0.07469843055562499,0.919467636260042,-7.244209549307351,0.0,0.0,0.0,0.459733818130021,0.5516805817560252,3-Spatially Isolated,0,Night Advantage
84,113.94925,22.545066,high_end,0.13414643170595592,0.10855265714344574,0.865853568294044,-19.078982748203693,0.0,0.0,0.0,0.432926784147022,0.5195121409764264,3-Spatially Isolated,0,Night Advantage
85,113.929179,22.506992,high_end,0.357496626068747,0.31624638330064037,0.642503373931253,-11.538638342330582,0.0,0.0,0.0,0.3212516869656265,0.3855020243587518,1-Well-Served,0,Night Advantage
86,113.942742,22.535988,high_end,0.06479747367175961,0.058170619583009835,0.9352025263282404,-10.227025396574884,0.0,0.0,0.0,0.4676012631641202,0.5611215157969442,3-Spatially Isolated,0,Night Advantage
87,113.922723,22.51294,commodity_housing,0.33329436084484837,0.3272384508857638,0.6667056391551516,-1.816985425056034,0.0,0.0,0.0,0.3333528195775758,0.4000233834930909,1-Well-Served,0,Normal
88,113.915843,22.511121,commodity_housing,0.2666862229200481,0.27593403685547807,0.7333137770799518,3.467675920477685,3.467675920477685,0.13011463954346486,0.09541485777701468,0.43171420831170837,0.49203412206535707,3-Spatially Isolated,1,Accessibility Illusion
89,113.954302,22.517191,high_end,0.013855344987385707,0.009058334783839873,0.9861446550126143,-34.62209138720953,0.0,0.0,0.0,0.49307232750630714,0.5916867930075685,3-Spatially Isolated,0,Night Advantage
90,113.931979,22.528964,high_end,0.07701721357738867,0.07483220097539506,0.9229827864226113,-2.8370444742175165,0.0,0.0,0.0,0.46149139321130567,0.5537896718535668,3-Spatially Isolated,0,Normal
91,113.926728,22.521339,high_end,0.20210560144082687,0.18851676550364707,0.7978943985591731,-6.723631527431159,0.0,0.0,0.0,0.39894719927958655,0.47873663913550385,3-Spatially Isolated,0,Night Advantage
92,113.946542,22.521932,high_end,0.05307909496009941,0.0436723483978035,0.9469209050399006,-17.722130660605924,0.0,0.0,0.0,0.4734604525199503,0.5681525430239404,3-Spatially Isolated,0,Night Advantage
93,113.93518,22.544173,commodity_housing,0.08180122835956233,0.050079487524192036,0.9181987716404376,-38.77905194275987,0.0,0.0,0.0,0.4590993858202188,0.5509192629842625,3-Spatially Isolated,0,Night Advantage
95,113.933449,22.526941,high_end,0.09365652934356067,0.08256282468722262,0.9063434706564393,-11.845094767117583,0.0,0.0,0.0,0.45317173532821964,0.5438060823938635,3-Spatially Isolated,0,Night Advantage
96,113.929537,22.547233,commodity_housing,0.10110569192358958,0.06625938741109491,0.8988943080764105,-34.46522529990665,0.0,0.0,0.0,0.44944715403820523,0.5393365848458462,3-Spatially Isolated,0,Night Advantage
97,113.933931,22.529824,high_end,0.05912003606684843,0.05399196510077791,0.9408799639331515,-8.673998372179762,0.0,0.0,0.0,0.47043998196657577,0.5645279783598909,3-Spatially Isolated,0,Night Advantage
98,113.934589,22.527362,high_end,0.08558375290616735,0.07449657622333884,0.9144162470938326,-12.954768056250476,0.0,0.0,0.0,0.4572081235469163,0.5486497482562995,3-Spatially Isolated,0,Night Advantage
99,113.946851,22.517873,commodity_housing,0.056746822667203184,0.04367017451227025,0.9432531773327968,-23.043841999087956,0.0,0.0,0.0,0.4716265886663984,0.5659519063996781,3-Spatially Isolated,0,Night Advantage
100,113.921203,22.512695,high_end,0.3289818468815915,0.3308879220385083,0.6710181531184085,0.579386119624668,0.579386119624668,0.02173981013227606,0.014587807244104746,0.3463789816253423,0.4113068159239555,1-Well-Served,1,Accessibility Illusion
101,113.949807,22.518685,high_end,0.03017840716977775,0.024617441344047412,0.9698215928302223,-18.426969304395175,0.0,0.0,0.0,0.48491079641511114,0.5818929556981334,3-Spatially Isolated,0,Night Advantage
103,113.942448,22.529059,commodity_housing,0.04680768614687125,0.042475546332242195,0.9531923138531287,-9.255188989765154,0.0,0.0,0.0,0.4765961569265644,0.5719153883118773,3-Spatially Isolated,0,Night Advantage
104,113.938602,22.53472,high_end,0.04556844729160983,0.03648982704104739,0.9544315527083902,-19.923040590926647,0.0,0.0,0.0,0.4772157763541951,0.5726589316250341,3-Spatially Isolated,0,Night Advantage
105,113.923467,22.535811,commodity_housing,0.10055762966612325,0.1006847918330775,0.8994423703338768,0.12645700517848982,0.12645700517848982,0.0047449381152892415,0.004267798385503313,0.452093654224583,0.5415633974464417,3-Spatially Isolated,1,Accessibility Illusion
106,113.933694,22.527844,commodity_housing,0.08123619102631,0.07192954233550411,0.91876380897369,-11.456283921278064,0.0,0.0,0.0,0.459381904486845,0.551258285384214,3-Spatially Isolated,0,Night Advantage
107,113.928794,22.53318,commodity_housing,0.07683853679332553,0.08016077747025001,0.9231614632066745,4.323664681252833,4.323664681252833,0.1622331741515585,0.14976741443041597,0.5426973186791165,0.618790147584628,3-Spatially Isolated,0,Normal
108,113.935191,22.528852,commodity_housing,0.06378599957036946,0.05773067891465052,0.9362140004296305,-9.493181413640203,0.0,0.0,0.0,0.46810700021481527,0.5617284002577783,3-Spatially Isolated,0,Night Advantage
109,113.925483,22.529554,commodity_housing,0.1049161751585152,0.10481505401574467,0.8950838248414847,-0.09638279571071459,0.0,0.0,0.0,0.44754191242074237,0.5370502949048909,3-Spatially Isolated,0,Normal
110,113.932405,22.520835,commodity_housing,0.16426070531931802,0.15280749011188285,0.835739294680682,-6.972583726077672,0.0,0.0,0.0,0.417869647340341,0.5014435768084091,3-Spatially Isolated,0,Night Advantage
111,113.927336,22.526982,urban_village,0.11767235376559919,0.11400814684864818,0.8823276462344009,-3.1139063677183056,0.0,0.0,0.0,0.4411638231172004,0.5293965877406405,3-Spatially Isolated,0,Normal
112,113.917603,22.528936,commodity_housing,0.1141660388313355,0.11271010927327377,0.8858339611686645,-1.275273779282703,0.0,0.0,0.0,0.44291698058433226,0.5315003767011987,3-Spatially Isolated,0,Normal
113,113.918644,22.529622,urban_village,0.11277655458297547,0.11300101979572326,0.8872234454170245,0.19903535231929276,0.19903535231929276,0.0074682333981959444,0.006625991766725898,0.4473458394076102,0.5353213606094931,3-Spatially Isolated,1,Accessibility Illusion
114,113.903961,22.528008,commodity_housing,0.07526943960329154,0.09056611904437165,0.9247305603967084,20.32256320985175,20.32256320985175,0.7625461684680395,0.705149745695813,0.8436383644323739,0.8598568036252409,4-Dual Deprived,0,Dual Deprivation
115,113.908472,22.528166,urban_village,0.08705104259758394,0.08957831811426767,0.9129489574024161,2.9032110831420144,2.9032110831420144,0.10893470793244685,0.09945182803186406,0.5109418326674314,0.5913432576144284,3-Spatially Isolated,0,Normal
116,113.924562,22.523573,urban_village,0.16408347945683466,0.1663366692286161,0.8359165205431653,1.3731972159782109,1.3731972159782109,0.05152530538507806,0.04307085399741847,0.4437209129641217,0.5221600344799304,3-Spatially Isolated,1,Accessibility Illusion
117,113.925715,22.5299,commodity_housing,0.10128524487146158,0.10171958884904934,0.8987147551285384,0.42883243076420346,0.42883243076420346,0.016090712751999584,0.014460960970756956,0.457402733940269,0.5456651381779228,3-Spatially Isolated,1,Accessibility Illusion
118,113.917992,22.529927,urban_village,0.1121548659960008,0.11291395764518887,0.8878451340039992,0.6768245340466417,0.6768245340466417,0.025395908470455076,0.022547633759104485,0.45662052123722713,0.5428654437905815,3-Spatially Isolated,1,Accessibility Illusion
119,113.927383,22.529275,urban_village,0.09352347991207495,0.09177703762051449,0.906476520087925,-1.8673837769962744,0.0,0.0,0.0,0.4532382600439625,0.5438859120527549,3-Spatially Isolated,0,Normal
120,113.915219,22.527597,commodity_housing,0.11197374304352394,0.11229637694124052,0.8880262569564761,0.288133529296397,0.288133529296397,0.010811388135608311,0.009600796538567902,0.4494188225460422,0.537140309428129,3-Spatially Isolated,1,Accessibility Illusion
121,113.918471,22.533855,commodity_housing,0.10325358567431836,0.10505953946134669,0.8967464143256816,1.7490470430001874,1.7490470430001874,0.06562799718411487,0.058851671154230935,0.4811872057548982,0.5642990474690548,3-Spatially Isolated,1,Accessibility Illusion
122,113.917272,22.541312,commodity_housing,0.10016188286333896,0.07830820450051094,0.8998381171366611,-21.81835817987289,0.0,0.0,0.0,0.44991905856833053,0.5399028702819966,3-Spatially Isolated,0,Night Advantage
123,113.91799,22.529233,commodity_housing,0.113191067760941,0.11264610394230148,0.886808932239059,-0.48145479092968174,0.0,0.0,0.0,0.4434044661195295,0.5320853593434354,3-Spatially Isolated,0,Normal
124,113.918467,22.529376,urban_village,0.11316957036095919,0.1130627874057581,0.8868304296390408,-0.09435659679584874,0.0,0.0,0.0,0.4434152148195204,0.5320982577834245,3-Spatially Isolated,0,Normal
125,113.922229,22.532361,urban_village,0.11054328794768561,0.1100666233435164,0.8894567120523144,-0.43120176088375156,0.0,0.0,0.0,0.4447283560261572,0.5336740272313886,3-Spatially Isolated,0,Normal
126,113.90782,22.514299,urban_village,0.16091302132477112,0.1456573632158772,0.8390869786752289,-9.4806858906113,0.0,0.0,0.0,0.41954348933761443,0.5034521872051373,3-Spatially Isolated,0,Night Advantage
127,113.925228,22.547999,urban_village,0.12497541932411213,0.08845093279681282,0.8750245806758878,-29.225336249984046,0.0,0.0,0.0,0.4375122903379439,0.5250147484055326,3-Spatially Isolated,0,Night Advantage
128,113.92431,22.530253,commodity_housing,0.10475373236413889,0.10660514560373824,0.8952462676358611,1.7673959655810396,1.7673959655810396,0.0663164881222443,0.05936958847415713,0.48078137787905273,0.5636743558304145,3-Spatially Isolated,1,Accessibility Illusion
129,113.901382,22.525735,commodity_housing,0.09166794768364539,0.07992516211562067,0.9083320523163546,-12.810132510602465,0.0,0.0,0.0,0.4541660261581773,0.5449992313898128,3-Spatially Isolated,0,Night Advantage
130,113.917432,22.52862,urban_village,0.11477758049386337,0.11233833147039356,0.8852224195061367,-2.125196412900714,0.0,0.0,0.0,0.44261120975306834,0.531133451703682,3-Spatially Isolated,0,Normal
131,113.932845,22.52908,commodity_housing,0.07090496053944287,0.06635244900265196,0.9290950394605572,-6.4205825687730975,0.0,0.0,0.0,0.4645475197302786,0.5574570236763343,3-Spatially Isolated,0,Night Advantage
132,113.921497,22.530023,commodity_housing,0.11068163989557918,0.11250526675162945,0.8893183601044208,1.647632667686112,1.647632667686112,0.06182271226386233,0.05498007308770551,0.4755705361841416,0.5583201009681974,3-Spatially Isolated,1,Accessibility Illusion
133,113.91247,22.547632,urban_village,0.08382274630553561,0.050576333925734546,0.9161772536944643,-39.66275724087734,0.0,0.0,0.0,0.45808862684723217,0.5497063522166786,3-Spatially Isolated,0,Night Advantage
134,113.934308,22.526303,urban_village,0.09774093371006817,0.08551220297402726,0.9022590662899318,-12.511370898415358,0.0,0.0,0.0,0.4511295331449659,0.5413554397739591,3-Spatially Isolated,0,Night Advantage
135,113.915294,22.517919,commodity_housing,0.1987582151433348,0.20080798481876222,0.8012417848566652,1.0312880269875742,1.0312880269875742,0.03869613913588981,0.031004963588302206,0.4199689619962775,0.496223526568355,3-Spatially Isolated,1,Accessibility Illusion
136,113.915974,22.527943,urban_village,0.11321882018587318,0.10973586365100371,0.8867811798141269,-3.0763052725257487,0.0,0.0,0.0,0.4433905899070634,0.532068707888476,3-Spatially Isolated,0,Normal
137,113.914271,22.521299,commodity_housing,0.1631747153790104,0.17872982364193324,0.8368252846209896,9.532793255862316,9.532793255862316,0.3576908531169875,0.29932474996594766,0.5972580688689886,0.6451715120193887,4-Dual Deprived,1,Accessibility Illusion
138,113.903399,22.533302,commodity_housing,0.049381777191399384,0.0687187356173429,0.9506182228086006,39.15808528112543,39.15808528112543,1.0,0.9506182228086006,0.9753091114043003,0.9703709336851604,4-Dual Deprived,0,Dual Deprivation
139,113.937095,22.524145,urban_village,0.09448006931137978,0.08229934017763614,0.9055199306886202,-12.892379548960086,0.0,0.0,0.0,0.4527599653443101,0.5433119584131721,3-Spatially Isolated,0,Night Advantage
140,113.9178,22.529921,commodity_housing,0.11209785957370456,0.11305717407731258,0.8879021404262954,0.8557830695931067,0.8557830695931067,0.03211081663368592,0.028511262819886016,0.46000647852999066,0.5455856109092516,3-Spatially Isolated,1,Accessibility Illusion
141,113.913559,22.535522,commodity_housing,0.09924423026740375,0.09394902507449675,0.9007557697325963,-5.33552951001746,0.0,0.0,0.0,0.45037788486629815,0.5404534618395578,3-Spatially Isolated,0,Night Advantage
142,113.917812,22.529331,commodity_housing,0.11287807869552585,0.11301407223443599,0.8871219213044741,0.12047825448638685,0.12047825448638685,0.004520602563449075,0.004010325631540874,0.4458212619339616,0.534081393808064,3-Spatially Isolated,1,Accessibility Illusion
143,113.920385,22.522923,urban_village,0.17108283553092213,0.18102645093264344,0.8289171644690778,5.812164248308864,5.812164248308864,0.21808487110062622,0.1807742929663354,0.523501017784852,0.5845842471216971,3-Spatially Isolated,1,Accessibility Illusion
144,113.917793,22.528216,commodity_housing,0.11788168018252358,0.11632992539786832,0.8821183198174765,-1.3163663618066699,0.0,0.0,0.0,0.44105915990873823,0.5292709918904859,3-Spatially Isolated,0,Normal
145,113.901912,22.53305,urban_village,0.04656250581902787,0.06266681696666723,0.9534374941809721,34.586435726271205,34.586435726271205,1.0,0.9534374941809721,0.9767187470904861,0.9720624965085832,4-Dual Deprived,0,Dual Deprivation
146,113.915427,22.526443,urban_village,0.11936259846342064,0.12516488911991913,0.8806374015365793,4.86106262027853,4.86106262027853,0.18239749767291494,0.1606260583974501,0.5315174496047471,0.6013414399911134,3-Spatially Isolated,1,Accessibility Illusion
147,113.901921,22.539386,urban_village,0.06182284125496829,0.06952064973914301,0.9381771587450317,12.451398751519042,12.451398751519042,0.4672031924317404,0.4383193636322185,0.7026901755883861,0.7497875722197151,4-Dual Deprived,0,Dual Deprivation
148,113.907436,22.53814,urban_village,0.08515195025719778,0.07998865273750576,0.9148480497428022,-6.06362802507342,0.0,0.0,0.0,0.4574240248714011,0.5489088298456813,3-Spatially Isolated,0,Night Advantage
149,113.919522,22.547004,commodity_housing,0.14695381805394794,0.09794643521353029,0.8530461819460521,-33.34883263967095,0.0,0.0,0.0,0.42652309097302604,0.5118277091676312,3-Spatially Isolated,0,Night Advantage
150,113.914999,22.528016,urban_village,0.10898122629129267,0.10893211206435807,0.8910187737087073,-0.045066685892598636,0.0,0.0,0.0,0.44550938685435365,0.5346112642252243,3-Spatially Isolated,0,Normal
151,113.91842,22.535146,commodity_housing,0.10557927197819501,0.1015405243053831,0.894420728021805,-3.8253225250937737,0.0,0.0,0.0,0.4472103640109025,0.536652436813083,3-Spatially Isolated,0,Normal
152,113.917874,22.537903,commodity_housing,0.10140642717392037,0.09117172102372233,0.8985935728260797,-10.09275884717315,0.0,0.0,0.0,0.44929678641303983,0.5391561436956478,3-Spatially Isolated,0,Night Advantage
153,113.922413,22.517902,urban_village,0.2662337343826858,0.2642379309255166,0.7337662656173142,-0.7496433394501506,0.0,0.0,0.0,0.3668831328086571,0.44025975937038847,3-Spatially Isolated,0,Normal
154,113.925161,22.536906,urban_village,0.09465407400404992,0.0914952855933728,0.9053459259959501,-3.3371922380667516,0.0,0.0,0.0,0.45267296299797505,0.5432075555975701,3-Spatially Isolated,0,Normal
155,113.925067,22.530775,urban_village,0.0999766291354326,0.1027107037232792,0.9000233708645674,2.734713714085033,2.734713714085033,0.10261232517764456,0.09235349079863478,0.501317848021106,0.5810589525897982,3-Spatially Isolated,1,Accessibility Illusion
156,113.916753,22.525738,urban_village,0.13410237651600432,0.14659140693090345,0.8658976234839957,9.313056740205223,9.313056740205223,0.3494458676613336,0.30258434634425163,0.6076717455726647,0.6593169211549308,4-Dual Deprived,1,Accessibility Illusion
157,113.917515,22.544548,urban_village,0.12096501771329708,0.08893499907185906,0.879034982286703,-26.478745051196007,0.0,0.0,0.0,0.4395174911433515,0.5274209893720218,3-Spatially Isolated,0,Night Advantage
158,113.923701,22.51061,urban_village,0.3463869988911612,0.33157360642196143,0.6536130011088388,-4.276544014821501,0.0,0.0,0.0,0.3268065005544194,0.39216780066530327,1-Well-Served,0,Normal
159,113.902028,22.540577,urban_village,0.056998796717518736,0.057609042357366136,0.9430012032824813,1.0706289869095411,1.0706289869095411,0.0401722963480769,0.03788252379485694,0.49158674981527906,0.5818696405087195,3-Spatially Isolated,0,Normal
160,113.923023,22.525156,urban_village,0.14983189518931042,0.1514129308136031,0.8501681048106896,1.0552063179172004,1.0552063179172004,0.039593604722113145,0.0336612198892225,0.4448808547664014,0.525938304775259,3-Spatially Isolated,1,Accessibility Illusion
161,113.908441,22.522109,urban_village,0.1553853387226236,0.1473439974632631,0.8446146612773764,-5.1750965216319464,0.0,0.0,0.0,0.4223073306386882,0.5067687967664258,3-Spatially Isolated,0,Night Advantage
162,113.909864,22.5319,commodity_housing,0.09544518034349146,0.10163227896178681,0.9045548196565085,6.482358350656366,6.482358350656366,0.243231991549843,0.22001667025106164,0.5738934056031758,0.6400256884138422,3-Spatially Isolated,1,Accessibility Illusion
163,113.924869,22.53933,urban_village,0.09973962839433707,0.09177832904389757,0.900260371605663,-7.982082426619027,0.0,0.0,0.0,0.4501301858028315,0.5401562229633977,3-Spatially Isolated,0,Night Advantage
164,113.900105,22.538303,urban_village,0.045941255772915766,0.06612434099706897,0.9540587442270843,43.932375997549364,43.932375997549364,1.0,0.9540587442270843,0.9770293721135421,0.9724352465362506,4-Dual Deprived,0,Dual Deprivation
165,113.926591,22.53636,commodity_housing,0.08836363796222972,0.08718569347441688,0.9116363620377703,-1.333064725465862,0.0,0.0,0.0,0.45581818101888516,0.5469818172226621,3-Spatially Isolated,0,Normal
166,113.916734,22.524137,commodity_housing,0.15043996167396054,0.1659674432823293,0.8495600383260394,10.321380991854099,10.321380991854099,0.3872803566836395,0.32901791466707503,0.6184201975048395,0.6646481656690795,4-Dual Deprived,1,Accessibility Illusion
167,113.902596,22.527544,commodity_housing,0.07850117290356272,0.08411010816501628,0.9214988270964373,7.145033703310445,7.145033703310445,0.26809699238101825,0.2470510640271908,0.5947979097387277,0.6601380932102697,3-Spatially Isolated,0,Normal
168,113.931414,22.533753,urban_village,0.06239851980598363,0.05847840057426003,0.9376014801940163,-6.282391383501509,0.0,0.0,0.0,0.4688007400970082,0.5625608881164098,3-Spatially Isolated,0,Night Advantage
169,113.911068,22.524193,urban_village,0.12856475881621937,0.12609195813420243,0.8714352411837807,-1.9233891968418477,0.0,0.0,0.0,0.43571762059189034,0.5228611447102683,3-Spatially Isolated,0,Normal
170,113.916959,22.528174,commodity_housing,0.1160881083894777,0.11388858264460974,0.8839118916105223,-1.8947037516439706,0.0,0.0,0.0,0.44195594580526115,0.5303471349663134,3-Spatially Isolated,0,Normal
171,113.918437,22.53206,commodity_housing,0.10706019918555663,0.1099131667614253,0.8929398008144434,2.6648255818428934,2.6648255818428934,0.0999899725289001,0.08928502615339771,0.4964648866716717,0.575759869500226,3-Spatially Isolated,1,Accessibility Illusion
172,113.915983,22.542979,commodity_housing,0.11112799115095316,0.07976725387261878,0.8888720088490468,-28.220376300814102,0.0,0.0,0.0,0.4444360044245234,0.5333232053094281,3-Spatially Isolated,0,Night Advantage
173,113.919585,22.531654,commodity_housing,0.11122892036748588,0.11341132353313657,0.8887710796325141,1.9620824857782586,1.9620824857782586,0.07362154400991881,0.0654326991539082,0.48119631182121647,0.562711265383476,3-Spatially Isolated,1,Accessibility Illusion
174,113.912932,22.535608,urban_village,0.0969662397932135,0.09232328892294385,0.9030337602067865,-4.788213794998171,0.0,0.0,0.0,0.45151688010339325,0.5418202561240719,3-Spatially Isolated,0,Normal
175,113.928443,22.520203,commodity_housing,0.2188971785569685,0.20287534029761456,0.7811028214430316,-7.319344344671038,0.0,0.0,0.0,0.3905514107215158,0.46866169286581894,3-Spatially Isolated,0,Night Advantage
176,113.916759,22.519841,commodity_housing,0.1970513793204989,0.2063247312190481,0.8029486206795011,4.7060578467031835,4.7060578467031835,0.1765813860454782,0.14178578036289124,0.4897650033624897,0.552401726825892,3-Spatially Isolated,1,Accessibility Illusion
177,113.915927,22.529525,urban_village,0.11005197663954118,0.10883060875188104,0.8899480233604589,-1.109810041541143,0.0,0.0,0.0,0.44497401168022943,0.5339688140162753,3-Spatially Isolated,0,Normal
178,113.924264,22.520402,commodity_housing,0.2183586080946883,0.21129219525595158,0.7816413919053117,-3.236150340211208,0.0,0.0,0.0,0.39082069595265584,0.468984835143187,3-Spatially Isolated,0,Normal
179,113.921696,22.53337,urban_village,0.1121983954376212,0.1149376303829334,0.8878016045623788,2.4414207838071444,2.4414207838071444,0.09160734524904236,0.08132914810179961,0.48970447490571056,0.5693239008370442,3-Spatially Isolated,1,Accessibility Illusion
180,113.896176,22.530416,urban_village,0.055438258226287555,0.07444204151155942,0.9445617417737124,34.27918533750165,34.27918533750165,1.0,0.9445617417737124,0.9722808708868562,0.9667370450642274,4-Dual Deprived,0,Dual Deprivation
181,113.931754,22.516751,commodity_housing,0.24040423664537472,0.2144849784560415,0.7595957633546253,-10.781531370250871,0.0,0.0,0.0,0.37979788167731265,0.4557574580127752,3-Spatially Isolated,0,Night Advantage
182,113.899603,22.52091,commodity_housing,0.13932141031839818,0.15937935455941155,0.8606785896816018,14.396885730035283,14.396885730035283,0.5402020374077943,0.4649403276992683,0.700440313544698,0.7324879687720788,4-Dual Deprived,1,Accessibility Illusion
183,113.932643,22.519115,commodity_housing,0.1903105175792256,0.17946950967718747,0.8096894824207744,-5.696483851726718,0.0,0.0,0.0,0.4048447412103872,0.4858136894524646,3-Spatially Isolated,0,Night Advantage
184,113.918192,22.531749,commodity_housing,0.1072628368660628,0.10853642843155356,0.8927371631339371,1.1873558472829382,1.1873558472829382,0.044552138556755015,0.039773349786707574,0.46864465084534607,0.5534631533030642,3-Spatially Isolated,1,Accessibility Illusion
185,113.918004,22.529994,urban_village,0.11204293174841885,0.11223617132593426,0.8879570682515812,0.17246922630452796,0.17246922630452796,0.0064714153593288,0.005746339009907854,0.447214241805455,0.5353628070946802,3-Spatially Isolated,1,Accessibility Illusion
186,113.932294,22.53543,urban_village,0.05678476533698168,0.04993363358978334,0.9432152346630183,-12.065087715941425,0.0,0.0,0.0,0.47160761733150913,0.565929140797811,3-Spatially Isolated,0,Night Advantage
187,113.917513,22.528719,commodity_housing,0.11481354191457542,0.11260847361034657,0.8851864580854246,-1.920564654184686,0.0,0.0,0.0,0.4425932290427123,0.5311118748512548,3-Spatially Isolated,0,Normal
188,113.915429,22.531288,commodity_housing,0.1032977069386153,0.10413458537108547,0.8967022930613847,0.8101616747092801,0.8101616747092801,0.03039900402867136,0.02725885661929188,0.46355064854502803,0.5501809774482994,3-Spatially Isolated,1,Accessibility Illusion
189,113.923328,22.528768,commodity_housing,0.11569938549294641,0.11622544188222023,0.8843006145070536,0.4546751800214959,0.4546751800214959,0.017060388143107515,0.015086511718678825,0.45068050132508053,0.5374045239614751,3-Spatially Isolated,1,Accessibility Illusion
190,113.923291,22.530404,urban_village,0.10821760502662037,0.11010085191939856,0.8917823949733796,1.7402407790441596,1.7402407790441596,0.0652975672689095,0.058231220925003484,0.4785399811211446,0.5611884638915916,3-Spatially Isolated,1,Accessibility Illusion
191,113.912148,22.530024,urban_village,0.09917455607440115,0.09870907131463588,0.9008254439255988,-0.46935905557878993,0.0,0.0,0.0,0.4504127219627994,0.5404952663553593,3-Spatially Isolated,0,Normal
192,113.920819,22.529204,commodity_housing,0.11525088365145608,0.11658630062873125,0.8847491163485439,1.158704328301519,1.158704328301519,0.04347707210010455,0.038466301121989434,0.46411309422432423,0.5482402986491681,3-Spatially Isolated,1,Accessibility Illusion
193,113.918457,22.529289,commodity_housing,0.11369127430077802,0.11373062140097727,0.8863087256992219,0.03460872476031131,0.03460872476031131,0.0012985935971278925,0.001150954836271591,0.4438036596481749,0.5323046728583843,3-Spatially Isolated,1,Accessibility Illusion
194,113.899513,22.535927,urban_village,0.0374950303609351,0.06421847761415991,0.9625049696390648,71.27197123453229,71.27197123453229,1.0,0.9625049696390648,0.9812524848195324,0.9775029817834389,4-Dual Deprived,0,Dual Deprivation
195,113.91941,22.530686,commodity_housing,0.11169094065269278,0.11222094221010692,0.8883090593473072,0.4745251085871009,0.4745251085871009,0.017805200045807303,0.015816520504181714,0.45305712969655726,0.5401075156267072,3-Spatially Isolated,1,Accessibility Illusion
196,113.919647,22.522369,commodity_housing,0.17921347384417674,0.18404748051808414,0.8207865261558233,2.6973455567913915,2.6973455567913915,0.10121019175221306,0.08307196169986371,0.46099835895401814,0.5329559923943792,3-Spatially Isolated,1,Accessibility Illusion
197,113.927831,22.535617,urban_village,0.08398274132146462,0.0845480886353325,0.9160172586785353,0.6731708264962176,0.6731708264962176,0.02525881352507299,0.023137509122709673,0.47063803610180416,0.5597138806171504,3-Spatially Isolated,0,Normal
198,113.928188,22.527372,urban_village,0.10955966121539788,0.10478024939328487,0.8904403387846022,-4.36238280503308,0.0,0.0,0.0,0.4452201693923011,0.5342642032707613,3-Spatially Isolated,0,Normal
199,113.92805,22.524499,commodity_housing,0.14691854351329292,0.14131167458956942,0.8530814564867071,-3.816311263129424,0.0,0.0,0.0,0.42654072824335354,0.5118488738920243,3-Spatially Isolated,0,Normal
200,113.905481,22.535011,commodity_housing,0.07223512051048403,0.08349881980233102,0.9277648794895159,15.593106528024975,15.593106528024975,0.5850868079325392,0.5428229918524378,0.7564258437110276,0.7906936508667252,4-Dual Deprived,0,Dual Deprivation
201,113.920767,22.4872,high_end,0.6005891485344413,0.6207647848814156,0.39941085146555866,3.359307506005878,3.359307506005878,0.1260484241559111,0.050345108418004346,0.2627296378107349,0.29006588054169963,1-Well-Served,1,Accessibility Illusion
202,113.904135,22.481268,commodity_housing,0.05103563175387919,0.07123476502455633,0.9489643682461208,39.578491686138115,39.578491686138115,1.0,0.9489643682461208,0.9744821841230604,0.9693786209476725,4-Dual Deprived,0,Dual Deprivation
203,113.900243,22.488274,commodity_housing,0.0383597802061408,0.05056322617705434,0.9616402197938592,31.813127982834366,31.813127982834366,1.0,0.9616402197938592,0.9808201098969296,0.9769841318763155,4-Dual Deprived,0,Dual Deprivation
204,113.915129,22.476634,commodity_housing,0.08538638365699608,0.0953371374715392,0.9146136163430039,11.653794654796593,11.653794654796593,0.43727537566818997,0.3999380126776288,0.6759444960055969,0.7236783200730783,4-Dual Deprived,0,Dual Deprivation
205,113.906476,22.487872,high_end,0.06825588737999597,0.07168122515151197,0.931744112620004,5.018377026506701,5.018377026506701,0.18830027167220867,0.17544766953532775,0.5600221921461064,0.6343665762408859,3-Spatially Isolated,0,Normal
206,113.90692,22.474455,high_end,0.04479834587388262,0.06024307580130563,0.9552016541261173,34.47611653096162,34.47611653096162,1.0,0.9552016541261173,0.9776008270630587,0.9731209924756704,4-Dual Deprived,0,Dual Deprivation
207,113.904924,22.471066,urban_village,0.047963395289547905,0.03736727690265866,0.952036604710452,-22.092094029044542,0.0,0.0,0.0,0.476018302355226,0.5712219628262712,3-Spatially Isolated,0,Night Advantage
208,113.895989,22.494499,urban_village,0.11022280280930598,0.10686204339730544,0.889777197190694,-3.049060018746675,0.0,0.0,0.0,0.444888598595347,0.5338663183144164,3-Spatially Isolated,0,Normal
209,113.912976,22.478941,urban_village,0.10076287121387624,0.11213054135981082,0.8992371287861237,11.281606021136401,11.281606021136401,0.4233100596982364,0.3806561226693247,0.66127359424218,0.7088663011509688,4-Dual Deprived,1,Accessibility Illusion
210,113.897035,22.502307,urban_village,0.11519837356097841,0.10311841633232098,0.8848016264390216,-10.486222031826776,0.0,0.0,0.0,0.4424008132195108,0.530880975863413,3-Spatially Isolated,0,Night Advantage
211,113.894739,22.486813,high_end,0.08999485285117151,0.08025470931982297,0.9100051471488285,-10.823000674778868,0.0,0.0,0.0,0.45500257357441426,0.5460030882892971,3-Spatially Isolated,0,Night Advantage
212,113.918666,22.481446,commodity_housing,0.3901946841766252,0.3743885945910191,0.6098053158233748,-4.050821353181561,0.0,0.0,0.0,0.3049026579116874,0.3658831894940249,1-Well-Served,0,Normal
213,113.902506,22.464289,commodity_housing,0.06557615459648285,0.03527316594216169,0.9344238454035172,-46.2103775995832,0.0,0.0,0.0,0.4672119227017586,0.5606543072421103,3-Spatially Isolated,0,Night Advantage
214,113.89658,22.487154,commodity_housing,0.07276637131107876,0.06111209833043559,0.9272336286889212,-16.016015050167535,0.0,0.0,0.0,0.4636168143444606,0.5563401772133527,3-Spatially Isolated,0,Night Advantage
215,113.882483,22.497282,high_end,0.1285818123389843,0.11847007090172196,0.8714181876610156,-7.864052662910398,0.0,0.0,0.0,0.4357090938305078,0.5228509125966093,3-Spatially Isolated,0,Night Advantage
216,113.904509,22.491244,commodity_housing,0.028904805507807142,0.03111619475781648,0.9710951944921928,7.650593772070338,7.650593772070338,0.28706669071003665,0.2787690838472932,0.6290809426011148,0.6974837929793304,3-Spatially Isolated,0,Normal
217,113.902686,22.494409,urban_village,0.053264703712581386,0.04642852106869512,0.9467352962874186,-12.834357778041158,0.0,0.0,0.0,0.4733676481437093,0.5680411777724511,3-Spatially Isolated,0,Night Advantage
218,113.903162,22.488066,high_end,0.029471474965023704,0.03779558500938367,0.9705285250349763,28.244633342032895,28.244633342032895,1.0,0.9705285250349763,0.9852642625174881,0.9823171150209858,4-Dual Deprived,0,Dual Deprivation
219,113.909068,22.491059,urban_village,0.10920471797644382,0.11317634927397677,0.8907952820235562,3.6368678671828567,3.6368678671828567,0.13646308434166501,0.12156067170193782,0.5136291831826106,0.5890624029507997,3-Spatially Isolated,1,Accessibility Illusion
220,113.907594,22.487536,urban_village,0.08893594876718694,0.09944733084885869,0.9110640512328131,11.819047558808911,11.819047558808911,0.4434760191343509,0.4040350586171423,0.677270035183582,0.7240288383934282,4-Dual Deprived,1,Accessibility Illusion
221,113.90685,22.490484,urban_village,0.065445195784422,0.06167022174300634,0.934554804215578,-5.768145386638476,0.0,0.0,0.0,0.467277402107789,0.5607328825293468,3-Spatially Isolated,0,Night Advantage
222,113.907554,22.474747,high_end,0.045318683719903885,0.06120951563089809,0.9546813162800961,35.06463693696156,35.06463693696156,1.0,0.9546813162800961,0.9773406581400481,0.9728087897680576,4-Dual Deprived,0,Dual Deprivation
223,113.913829,22.474467,high_end,0.05971994332247944,0.07323663081984616,0.9402800566775206,22.633456673557912,22.633456673557912,0.8492558486540865,0.7985383375061803,0.8947679526658036,0.9038703734681469,4-Dual Deprived,0,Dual Deprivation
224,113.902743,22.488329,urban_village,0.028327138851511117,0.036885354174416796,0.9716728611484888,30.212071073493323,30.212071073493323,1.0,0.9716728611484888,0.9858364305742444,0.9830037166890933,4-Dual Deprived,0,Dual Deprivation
225,113.910138,22.50907,high_end,0.17299660517369758,0.16812673590896648,0.8270033948263025,-2.815008571897405,0.0,0.0,0.0,0.41350169741315124,0.49620203689578146,3-Spatially Isolated,0,Normal
226,113.911132,22.492791,commodity_housing,0.1736322632520176,0.17119564311420932,0.8263677367479824,-1.4033222237457528,0.0,0.0,0.0,0.4131838683739912,0.4958206420487894,3-Spatially Isolated,0,Normal
227,113.88983,22.501236,urban_village,0.23045566052055702,0.2483662029391076,0.769544339479443,7.7717953979060255,7.7717953979060255,0.2916144357183187,0.22441023831752405,0.5305793875988809,0.5783723779749932,3-Spatially Isolated,1,Accessibility Illusion
228,113.911484,22.509138,high_end,0.19284419338723116,0.18085606343432917,0.8071558066127689,-6.216484791341282,0.0,0.0,0.0,0.40357790330638443,0.4842934839676613,3-Spatially Isolated,0,Night Advantage
229,113.909753,22.48415,high_end,0.11686528605709993,0.14208436491311946,0.8831347139429001,21.579615048131213,21.579615048131213,0.8097134501218138,0.7150860561490467,0.846424082032357,0.8537662084144656,4-Dual Deprived,1,Accessibility Illusion
230,113.911273,22.464925,urban_village,0.01142999154202644,0.013361693767215181,0.9885700084579736,16.900294441042664,16.900294441042664,0.6341353026645501,0.6268871415185939,0.8113526555612618,0.8467961261406041,4-Dual Deprived,0,Dual Deprivation
231,113.917025,22.500611,high_end,0.23462281327684256,0.19539175940525952,0.7653771867231575,-16.72090336129951,0.0,0.0,0.0,0.38268859336157873,0.45922631203389447,3-Spatially Isolated,0,Night Advantage
232,113.920058,22.49675,commodity_housing,0.4835840326542108,0.4837879541687349,0.5164159673457892,0.042168785723721555,0.042168785723721555,0.001582263302642138,0.0008171060340296829,0.25899911532421566,0.3104824857285304,1-Well-Served,1,Accessibility Illusion
233,113.883795,22.491701,commodity_housing,0.10485819262716119,0.09506214279418114,0.8951418073728388,-9.342188328394474,0.0,0.0,0.0,0.4475709036864194,0.5370850844237033,3-Spatially Isolated,0,Night Advantage
234,113.901972,22.477695,high_end,0.045443087325070054,0.043410384113610534,0.9545569126749299,-4.47307463271343,0.0,0.0,0.0,0.47727845633746496,0.5727341476049579,3-Spatially Isolated,0,Normal
235,113.911294,22.468208,urban_village,0.01746176697528374,0.022050947641936606,0.9825382330247162,26.281307459598008,26.281307459598008,0.9861310356723038,0.9689114453202987,0.98433463434851,0.9839753540837513,4-Dual Deprived,0,Dual Deprivation
236,113.90699,22.508711,urban_village,0.13714617743459678,0.12601456885338674,0.8628538225654032,-8.11660141714016,0.0,0.0,0.0,0.4314269112827016,0.5177122935392419,3-Spatially Isolated,0,Night Advantage
237,113.898571,22.5034,high_end,0.1188172077007518,0.10112046098863746,0.8811827922992482,-14.894094091728402,0.0,0.0,0.0,0.4405913961496241,0.5287096753795489,3-Spatially Isolated,0,Night Advantage
238,113.897307,22.475691,urban_village,0.08261553931775215,0.047579132668120735,0.9173844606822479,-42.408978914821304,0.0,0.0,0.0,0.45869223034112394,0.5504306764093487,3-Spatially Isolated,0,Night Advantage
239,113.906739,22.487598,commodity_housing,0.0721921170671252,0.07520964323371154,0.9278078829328749,4.179855487241928,4.179855487241928,0.1568371446866172,0.14551473917692728,0.542322513809746,0.6194195876343718,3-Spatially Isolated,0,Normal
240,113.927916,22.490717,urban_village,1.0,1.0,0.0,0.0,0.0,0.0,0.0,0.0,0.0,1-Well-Served,0,Normal
241,113.909985,22.490741,commodity_housing,0.14330641025521298,0.14149761484614637,0.856693589744787,-1.2621873689009095,0.0,0.0,0.0,0.4283467948723935,0.5140161538468722,3-Spatially Isolated,0,Normal
242,113.919725,22.472712,commodity_housing,0.035759081435988785,0.03892468067911816,0.9642409185640112,8.85257427206573,8.85257427206573,0.3321675776099953,0.32028957015184434,0.6482042480870033,0.7114115821824047,4-Dual Deprived,0,Dual Deprivation
243,113.90424,22.487167,urban_village,0.041595726756222993,0.05282911505955303,0.958404273243777,27.006111394963067,27.006111394963067,1.0,0.958404273243777,0.9792021366218885,0.9750425639462662,4-Dual Deprived,0,Dual Deprivation
244,113.925259,22.492423,high_end,0.8944365130032749,0.9115324459243432,0.10556348699672513,1.9113634866788778,1.9113634866788778,0.07171845835913743,0.007570850546419977,0.08864097267793128,0.09202547554169005,1-Well-Served,1,Accessibility Illusion
245,113.886264,22.495729,commodity_housing,0.12381321421545753,0.12495430486910872,0.8761867857845425,0.9216226724115898,0.9216226724115898,0.03458125977337578,0.030299642849214423,0.4553840227789591,0.5395445753800757,3-Spatially Isolated,1,Accessibility Illusion
246,113.90501,22.500769,high_end,0.06850766230629565,0.051935202980183594,0.9314923376937043,-24.190665347792926,0.0,0.0,0.0,0.46574616884685216,0.5588954026162226,3-Spatially Isolated,0,Night Advantage
247,113.918633,22.491734,urban_village,0.5200095800558728,0.48669915783725776,0.47999041994412717,-6.405732412667477,0.0,0.0,0.0,0.23999520997206358,0.28799425196647627,1-Well-Served,0,Night Advantage
248,113.907447,22.500446,high_end,0.07664921454301271,0.05693291836336246,0.9233507854569873,-25.722763497577912,0.0,0.0,0.0,0.46167539272849367,0.5540104712741923,3-Spatially Isolated,0,Night Advantage
249,113.893334,22.490536,high_end,0.08092749638246753,0.08076073818418342,0.9190725036175325,-0.20605876338495194,0.0,0.0,0.0,0.4595362518087662,0.5514435021705194,3-Spatially Isolated,0,Normal
250,113.914466,22.478154,urban_village,0.10719229882515001,0.11513001994169068,0.89280770117485,7.405122572740538,7.405122572740538,0.27785608471583545,0.2480720522525894,0.5853318929453427,0.6468270545912441,3-Spatially Isolated,1,Accessibility Illusion
251,113.88995,22.499642,commodity_housing,0.19015211424231257,0.202657771395937,0.8098478857576874,6.576659535685388,6.576659535685388,0.24677037431107943,0.1998464659034608,0.5283091300343834,0.5846168811790442,3-Spatially Isolated,1,Accessibility Illusion
252,113.904034,22.48796,high_end,0.03721179511386387,0.04731491646276676,0.9627882048861361,27.150319725206717,27.150319725206717,1.0,0.9627882048861361,0.9813941024430681,0.9776729229316817,4-Dual Deprived,0,Dual Deprivation
253,113.893846,22.470759,high_end,0.10886087467749224,0.06188073184112051,0.8911391253225077,-43.15613205897307,0.0,0.0,0.0,0.44556956266125386,0.5346834751935046,3-Spatially Isolated,0,Night Advantage
254,113.890219,22.496424,high_end,0.12224819598023247,0.1221336063373486,0.8777518040197675,-0.09373524244267667,0.0,0.0,0.0,0.43887590200988374,0.5266510824118604,3-Spatially Isolated,0,Normal
255,113.906882,22.490565,urban_village,0.06582530132191365,0.06279103535441193,0.9341746986780863,-4.609573988370943,0.0,0.0,0.0,0.46708734933904317,0.5605048192068518,3-Spatially Isolated,0,Normal
256,113.900607,22.499667,commodity_housing,0.08785069946839003,0.06519797539658913,0.9121493005316099,-25.78547946559228,0.0,0.0,0.0,0.45607465026580496,0.5472895803189659,3-Spatially Isolated,0,Night Advantage
257,113.904686,22.486461,commodity_housing,0.05011616771880235,0.0599990774090703,0.9498838322811977,19.720002825675223,19.720002825675223,0.7399368102153512,0.702854012933283,0.8449103212482745,0.8659050234548591,4-Dual Deprived,0,Dual Deprivation
258,113.910154,22.468382,urban_village,0.02063052675630572,0.024065442146828365,0.9793694732436943,16.649673714573304,16.649673714573304,0.6247314753650861,0.6118429359470603,0.8020504743043901,0.837514274092251,4-Dual Deprived,0,Dual Deprivation
259,113.899259,22.471456,urban_village,0.06210293627371522,0.05745089504280065,0.9378970637262848,-7.490855521566586,0.0,0.0,0.0,0.4689485318631424,0.5627382382357708,3-Spatially Isolated,0,Night Advantage
260,113.903878,22.488116,urban_village,0.0346010121400749,0.04098380895481663,0.9653989878599251,18.446850019595754,18.446850019595754,0.6921653857092338,0.668215762795369,0.8287821867845795,0.8561055469996486,4-Dual Deprived,0,Dual Deprivation
261,113.908949,22.5122,commodity_housing,0.16050886465902836,0.1551718282209588,0.8394911353409716,-3.325072698886211,0.0,0.0,0.0,0.4197455676704858,0.5036946812045829,3-Spatially Isolated,0,Normal
262,113.922702,22.490764,urban_village,0.7421570435622612,0.7193244089253571,0.2578429564377388,-3.0765233362618654,0.0,0.0,0.0,0.1289214782188694,0.15470577386264328,1-Well-Served,0,Normal
263,113.915517,22.478276,commodity_housing,0.12882273274384956,0.13540959274511238,0.8711772672561504,5.113119292664052,5.113119292664052,0.19185520474360615,0.16713989297740403,0.5315162359998783,0.5994484422511327,3-Spatially Isolated,1,Accessibility Illusion
264,113.885603,22.483066,urban_village,0.08365840807599996,0.05947909995163051,0.916341591924,-28.902424371264175,0.0,0.0,0.0,0.458170795962,0.5498049551544,3-Spatially Isolated,0,Night Advantage
265,113.900293,22.493648,urban_village,0.06773072091667065,0.06316615400154729,0.9322692790833293,-6.739285885852539,0.0,0.0,0.0,0.4661346395416647,0.5593615674499975,3-Spatially Isolated,0,Night Advantage
266,113.907711,22.470015,high_end,0.03597090511181803,0.030171071910269086,0.964029094888182,-16.12367879962921,0.0,0.0,0.0,0.482014547444091,0.5784174569329091,3-Spatially Isolated,0,Night Advantage
267,113.915525,22.490917,high_end,0.3681444605505373,0.36301468325703473,0.6318555394494627,-1.3934142281623068,0.0,0.0,0.0,0.31592776972473136,0.3791133236696776,1-Well-Served,0,Normal
268,113.905891,22.48137,high_end,0.06865744760288221,0.08730174435726915,0.9313425523971178,27.155534330705667,27.155534330705667,1.0,0.9313425523971178,0.9656712761985589,0.9588055314382707,4-Dual Deprived,0,Dual Deprivation
269,113.890072,22.486023,urban_village,0.10095036389648088,0.09823614704888602,0.8990496361035192,-2.6886647485274477,0.0,0.0,0.0,0.4495248180517596,0.5394297816621115,3-Spatially Isolated,0,Normal
270,113.892155,22.479151,urban_village,0.06610459091497466,0.046704293562163525,0.9338954090850253,-29.347882021937433,0.0,0.0,0.0,0.46694770454251266,0.5603372454510152,3-Spatially Isolated,0,Night Advantage
272,113.948975,22.53361,high_end,0.07778256373968788,0.06849762849445844,0.9222174362603122,-11.937039355379184,0.0,0.0,0.0,0.4611087181301561,0.5533304617561873,3-Spatially Isolated,0,Night Advantage
273,113.944009,22.544643,high_end,0.10725671231298649,0.07787310538278938,0.8927432876870135,-27.395587927823684,0.0,0.0,0.0,0.44637164384350675,0.535645972612208,3-Spatially Isolated,0,Night Advantage
274,113.938497,22.521938,high_end,0.09938456689615582,0.0822891972320873,0.9006154331038442,-17.20123173845593,0.0,0.0,0.0,0.4503077165519221,0.5403692598623064,3-Spatially Isolated,0,Night Advantage
278,113.955947,22.542616,commodity_housing,0.09102310279953753,0.095680210196904,0.9089768972004625,5.116401500422295,5.116401500422295,0.1919783602198283,0.17450389420225224,0.5504776287101454,0.6221774824082088,3-Spatially Isolated,1,Accessibility Illusion
279,113.94522,22.530008,high_end,0.04683950167286011,0.03746973192594226,0.9531604983271399,-20.003991102123337,0.0,0.0,0.0,0.47658024916356995,0.5718962989962839,3-Spatially Isolated,0,Night Advantage
280,113.939291,22.536961,commodity_housing,0.04674639025015864,0.03252585375915262,0.9532536097498414,-30.420608767663637,0.0,0.0,0.0,0.4766268048749207,0.5719521658499048,3-Spatially Isolated,0,Night Advantage
281,113.937919,22.535473,commodity_housing,0.04672796451622445,0.03510167388179002,0.9532720354837756,-24.88079837159963,0.0,0.0,0.0,0.4766360177418878,0.5719632212902653,3-Spatially Isolated,0,Night Advantage
282,113.945403,22.545178,commodity_housing,0.1266487190920559,0.09992225886129097,0.8733512809079441,-21.10282711295212,0.0,0.0,0.0,0.43667564045397206,0.5240107685447665,3-Spatially Isolated,0,Night Advantage
283,113.943172,22.53715,high_end,0.07392585236736739,0.06924641085074586,0.9260741476326326,-6.329912157613682,0.0,0.0,0.0,0.4630370738163163,0.5556444885795796,3-Spatially Isolated,0,Night Advantage
284,113.960929,22.534241,commodity_housing,0.08750269759242153,0.1021137515101217,0.9124973024075784,16.69783254655409,16.69783254655409,0.6265384980533975,0.571714689328221,0.7695179002304879,0.798113780665906,4-Dual Deprived,0,Dual Deprivation
285,113.939977,22.516545,commodity_housing,0.13328827561656711,0.11073202891915418,0.8667117243834329,-16.92290382861649,0.0,0.0,0.0,0.43335586219171646,0.5200270346300597,3-Spatially Isolated,0,Night Advantage
286,113.934709,22.545501,high_end,0.08743049155260807,0.05360544410918544,0.9125695084473919,-38.687930083373324,0.0,0.0,0.0,0.45628475422369597,0.5475417050684351,3-Spatially Isolated,0,Night Advantage
289,113.939109,22.545659,commodity_housing,0.09279308174125,0.05050597078773879,0.90720691825875,-45.57140485044696,0.0,0.0,0.0,0.453603459129375,0.54432415095525,3-Spatially Isolated,0,Night Advantage
291,113.938898,22.544131,high_end,0.07734635656852269,0.04568942882464577,0.9226536434314773,-40.92878985945694,0.0,0.0,0.0,0.46132682171573863,0.5535921860588864,3-Spatially Isolated,0,Night Advantage
292,113.935961,22.543955,commodity_housing,0.08011105149177689,0.04918422812548571,0.9198889485082231,-38.604940005644174,0.0,0.0,0.0,0.45994447425411156,0.5519333691049338,3-Spatially Isolated,0,Night Advantage
293,113.940251,22.529625,high_end,0.04352046995619728,0.041470505204616405,0.9564795300438027,-4.710346082301351,0.0,0.0,0.0,0.47823976502190135,0.5738877180262816,3-Spatially Isolated,0,Normal
294,113.956883,22.531018,commodity_housing,0.056333591752544966,0.03813135069188883,0.9436664082474551,-32.311522298476234,0.0,0.0,0.0,0.47183320412372753,0.566199844948473,3-Spatially Isolated,0,Night Advantage
295,113.936233,22.545298,high_end,0.0859891766491389,0.04792152519469116,0.9140108233508611,-44.27028253773721,0.0,0.0,0.0,0.4570054116754306,0.5484064940105167,3-Spatially Isolated,0,Night Advantage
296,113.921159,22.528697,commodity_housing,0.11864568391562266,0.12258989771954215,0.8813543160843773,3.324363494524165,3.324363494524165,0.12473724988172477,0.10993771355975361,0.503045782983051,0.5787074896033163,3-Spatially Isolated,1,Accessibility Illusion
298,113.928863,22.535157,high_end,0.07627197406470768,0.07940335797650946,0.9237280259352924,4.105549843439456,4.105549843439456,0.15404903752749377,0.1422994133325036,0.5388885317313931,0.615856430572173,3-Spatially Isolated,0,Normal
299,113.937021,22.542933,high_end,0.07219502268262215,0.04703434382020582,0.9278049773173779,-34.85098823644069,0.0,0.0,0.0,0.46390248865868894,0.5566829863904267,3-Spatially Isolated,0,Night Advantage
300,113.954338,22.520515,commodity_housing,0.019006475394312532,0.01289684615318321,0.9809935246056875,-32.144988033696976,0.0,0.0,0.0,0.4904967623028437,0.5885961147634124,3-Spatially Isolated,0,Night Advantage
301,113.925801,22.545135,commodity_housing,0.10519147764331536,0.07701401635658998,0.8948085223566846,-26.786829045476367,0.0,0.0,0.0,0.4474042611783423,0.5368851134140108,3-Spatially Isolated,0,Night Advantage
302,113.962783,22.547215,commodity_housing,0.20556265472456056,0.15938103846337026,0.7944373452754394,-22.46595633972056,0.0,0.0,0.0,0.3972186726377197,0.47666240716526365,3-Spatially Isolated,0,Night Advantage
303,113.938223,22.540155,high_end,0.06122713714897312,0.03841110306129757,0.9387728628510269,-37.26457768580841,0.0,0.0,0.0,0.46938643142551345,0.5632637177106161,3-Spatially Isolated,0,Night Advantage
304,113.949107,22.530719,commodity_housing,0.04924465727726617,0.0388548855298471,0.9507553427227339,-21.098272019481623,0.0,0.0,0.0,0.47537767136136694,0.5704532056336403,3-Spatially Isolated,0,Night Advantage
307,113.938738,22.517457,commodity_housing,0.1381789956775775,0.11607963228531347,0.8618210043224225,-15.993287028825986,0.0,0.0,0.0,0.43091050216121124,0.5170926025934535,3-Spatially Isolated,0,Night Advantage
308,113.953532,22.522833,high_end,0.024882937409937734,0.017887000121776676,0.9751170625900623,-28.11539961261577,0.0,0.0,0.0,0.48755853129503113,0.5850702375540373,3-Spatially Isolated,0,Night Advantage
309,113.942279,22.543795,high_end,0.0919178903173991,0.06976688679750565,0.908082109682601,-24.098685732890996,0.0,0.0,0.0,0.4540410548413005,0.5448492658095605,3-Spatially Isolated,0,Night Advantage
310,113.960336,22.52747,high_end,0.03568882611400859,0.03099180199304926,0.9643111738859914,-13.161049640452168,0.0,0.0,0.0,0.4821555869429957,0.5785867043315949,3-Spatially Isolated,0,Night Advantage
312,113.947359,22.521737,commodity_housing,0.04847690469109011,0.03955985966327232,0.9515230953089099,-18.394419125230804,0.0,0.0,0.0,0.47576154765445494,0.5709138571853459,3-Spatially Isolated,0,Night Advantage
314,113.944687,22.543858,high_end,0.10906168500392285,0.08567907020424252,0.8909383149960771,-21.439807021906255,0.0,0.0,0.0,0.44546915749803856,0.5345629889976462,3-Spatially Isolated,0,Night Advantage
317,113.921299,22.534307,commodity_housing,0.10816401947436008,0.11121868978323395,0.89183598052564,2.8241094623873195,2.8241094623873195,0.10596664542954053,0.0945048671296671,0.4989013129775902,0.5774882464872001,3-Spatially Isolated,1,Accessibility Illusion
318,113.930854,22.539701,commodity_housing,0.07830595559395195,0.06550321120819208,0.9216940444060481,-16.349643253378172,0.0,0.0,0.0,0.46084702220302404,0.5530164266436288,3-Spatially Isolated,0,Night Advantage
320,113.937482,22.545767,commodity_housing,0.09156228030115507,0.04874818354030317,0.9084377196988449,-46.75953528028484,0.0,0.0,0.0,0.45421885984942245,0.5450626318193069,3-Spatially Isolated,0,Night Advantage
322,113.961346,22.547364,commodity_housing,0.19109672063642086,0.1425366645529744,0.8089032793635791,-25.411245112801517,0.0,0.0,0.0,0.40445163968178954,0.4853419676181474,3-Spatially Isolated,0,Night Advantage
323,113.916815,22.544855,commodity_housing,0.11800659369809603,0.08508535599480026,0.8819934063019039,-27.897795090603434,0.0,0.0,0.0,0.44099670315095196,0.5291960437811424,3-Spatially Isolated,0,Night Advantage
325,113.940172,22.537807,high_end,0.05386788616097936,0.04333060401296495,0.9461321138390206,-19.56134331413095,0.0,0.0,0.0,0.4730660569195103,0.5676792683034123,3-Spatially Isolated,0,Night Advantage
328,113.938018,22.541959,commodity_housing,0.06543975710032172,0.04098817930948382,0.9345602428996783,-37.36501917840659,0.0,0.0,0.0,0.46728012144983916,0.560736145739807,3-Spatially Isolated,0,Night Advantage
329,113.932656,22.544369,high_end,0.08258553753493013,0.0569734049453723,0.9174144624650699,-31.012854494922916,0.0,0.0,0.0,0.45870723123253493,0.5504486774790419,3-Spatially Isolated,0,Night Advantage
331,113.933736,22.542088,commodity_housing,0.07629188632577392,0.05722002536991169,0.9237081136742261,-24.99854424155079,0.0,0.0,0.0,0.46185405683711306,0.5542248682045356,3-Spatially Isolated,0,Night Advantage
332,113.934794,22.534271,commodity_housing,0.05089302449383492,0.04623985855749819,0.9491069755061651,-9.14303282741706,0.0,0.0,0.0,0.47455348775308254,0.569464185303699,3-Spatially Isolated,0,Night Advantage
333,113.938,22.545061,high_end,0.08667576770917458,0.0473780265580675,0.9133242322908254,-45.338786364100976,0.0,0.0,0.0,0.4566621161454127,0.5479945393744952,3-Spatially Isolated,0,Night Advantage
334,113.955406,22.546689,commodity_housing,0.1571851299259145,0.16105488826093337,0.8428148700740855,2.4619112105851197,2.4619112105851197,0.09237619001869452,0.07785602658854505,0.46759553004639,0.5426393980519291,3-Spatially Isolated,1,Accessibility Illusion
336,113.953784,22.526239,commodity_housing,0.026239069342308328,0.017329224914252928,0.9737609306576916,-33.956404138499735,0.0,0.0,0.0,0.4868804653288458,0.584256558394615,3-Spatially Isolated,0,Night Advantage
337,113.927949,22.526532,commodity_housing,0.12261631893781727,0.11767846950122883,0.8773836810621827,-4.027073622306819,0.0,0.0,0.0,0.43869184053109134,0.5264302086373096,3-Spatially Isolated,0,Normal
338,113.94703,22.539362,high_end,0.10120649365192147,0.09179052813202095,0.8987935063480785,-9.303716767705405,0.0,0.0,0.0,0.44939675317403927,0.539276103808847,3-Spatially Isolated,0,Night Advantage
339,113.946376,22.521775,commodity_housing,0.05437125192162908,0.04348945927713279,0.9456287480783709,-20.013871779486237,0.0,0.0,0.0,0.47281437403918547,0.5673772488470226,3-Spatially Isolated,0,Night Advantage
341,113.940871,22.532998,high_end,0.04870213268800015,0.038909938190748145,0.9512978673119998,-20.106295056899494,0.0,0.0,0.0,0.4756489336559999,0.5707787203871999,3-Spatially Isolated,0,Night Advantage
342,113.94197,22.537178,commodity_housing,0.06491892512740516,0.059699253958422,0.9350810748725948,-8.040292039246506,0.0,0.0,0.0,0.4675405374362974,0.5610486449235569,3-Spatially Isolated,0,Night Advantage
343,113.944201,22.546115,commodity_housing,0.12579272579024184,0.09777948361551782,0.8742072742097582,-22.26936573537315,0.0,0.0,0.0,0.4371036371048791,0.5245243645258549,3-Spatially Isolated,0,Night Advantage
344,113.924424,22.522299,commodity_housing,0.18799869019604873,0.1859997183912672,0.8120013098039512,-1.0632902828721669,0.0,0.0,0.0,0.4060006549019756,0.4872007858823707,3-Spatially Isolated,0,Normal
345,113.93078,22.542483,commodity_housing,0.08113071595808476,0.06249110511014563,0.9188692840419153,-22.974789052236478,0.0,0.0,0.0,0.45943464202095763,0.5513215704251492,3-Spatially Isolated,0,Night Advantage
346,113.930444,22.536725,high_end,0.068358926753804,0.06652971707882417,0.9316410732461959,-2.6758899851774562,0.0,0.0,0.0,0.46582053662309797,0.5589846439477175,3-Spatially Isolated,0,Normal
347,113.932185,22.544886,high_end,0.08268921388146244,0.055881206095485844,0.9173107861185376,-32.420199113764355,0.0,0.0,0.0,0.4586553930592688,0.5503864716711225,3-Spatially Isolated,0,Night Advantage
348,113.92607,22.548128,high_end,0.12445880453626704,0.10439140543656202,0.875541195463733,-16.123727987325655,0.0,0.0,0.0,0.4377705977318665,0.5253247172782398,3-Spatially Isolated,0,Night Advantage
349,113.940183,22.536368,high_end,0.04785865378669869,0.035444705854728024,0.9521413462133013,-25.93877376346274,0.0,0.0,0.0,0.47607067310665063,0.5712848077279807,3-Spatially Isolated,0,Night Advantage
351,113.931043,22.525118,commodity_housing,0.12615627245597374,0.11611833352719973,0.8738437275440263,-7.956749778158728,0.0,0.0,0.0,0.43692186377201314,0.5243062365264157,3-Spatially Isolated,0,Night Advantage
352,113.93523,22.542834,commodity_housing,0.07654730770717225,0.050779497669766346,0.9234526922928278,-33.66259481780773,0.0,0.0,0.0,0.4617263461464139,0.5540716153756966,3-Spatially Isolated,0,Night Advantage
353,113.942859,22.541264,commodity_housing,0.08336299037668449,0.07185595754529969,0.9166370096233155,-13.803526936100841,0.0,0.0,0.0,0.45831850481165776,0.5499822057739893,3-Spatially Isolated,0,Night Advantage
354,113.95414,22.530139,commodity_housing,0.042335396915858255,0.02692679266104327,0.9576646030841417,-36.39650358171824,0.0,0.0,0.0,0.47883230154207085,0.574598761850485,3-Spatially Isolated,0,Night Advantage
356,113.942978,22.541467,high_end,0.08383627449646877,0.07212592184334624,0.9161637255035312,-13.968121464671931,0.0,0.0,0.0,0.4580818627517656,0.5496982353021187,3-Spatially Isolated,0,Night Advantage
359,113.944521,22.545343,high_end,0.11955750737960462,0.09325600398008253,0.8804424926203954,-21.999039605277748,0.0,0.0,0.0,0.4402212463101977,0.5282654955722372,3-Spatially Isolated,0,Night Advantage
360,113.939814,22.527583,commodity_housing,0.05944785334413192,0.054015767564211975,0.9405521466558681,-9.137564225363478,0.0,0.0,0.0,0.47027607332793403,0.5643312879935208,3-Spatially Isolated,0,Night Advantage
361,113.929151,22.528623,commodity_housing,0.09204859506192528,0.09001849446901003,0.9079514049380747,-2.205466136174605,0.0,0.0,0.0,0.45397570246903735,0.5447708429628448,3-Spatially Isolated,0,Normal
362,113.922887,22.523021,commodity_housing,0.17242540481827967,0.18216623615647395,0.8275745951817204,5.64930170728624,5.64930170728624,0.2119739191817478,0.17542423035591764,0.5197742571817341,0.5813343247817313,3-Spatially Isolated,1,Accessibility Illusion
365,113.937925,22.538249,high_end,0.04840584639064755,0.03344977187851631,0.9515941536093524,-30.897248219630118,0.0,0.0,0.0,0.4757970768046762,0.5709564921656114,3-Spatially Isolated,0,Night Advantage
366,113.961472,22.542529,high_end,0.11453793894766014,0.14406421603633623,0.8854620610523398,25.77859996430404,25.77859996430404,0.9672683720191899,0.8564794462788533,0.9263652165357649,0.9181845854390799,4-Dual Deprived,1,Accessibility Illusion
369,113.960974,22.528981,commodity_housing,0.042968572967751785,0.033421575927814896,0.9570314270322482,-22.21855737937114,0.0,0.0,0.0,0.4785157135161241,0.5742188562193489,3-Spatially Isolated,0,Night Advantage
370,113.963959,22.538536,commodity_housing,0.12960953723472413,0.15677759759937773,0.8703904627652759,20.961466991006986,20.961466991006986,0.7865192089407832,0.684578818243747,0.8284548358530295,0.8368419612354788,4-Dual Deprived,1,Accessibility Illusion
380,113.939581,22.548559,urban_village,0.14213803257214525,0.08249677672584078,0.8578619674278547,-41.96009665184598,0.0,0.0,0.0,0.42893098371392735,0.5147171804567128,3-Spatially Isolated,0,Night Advantage
388,113.933131,22.545235,affordable_housing,0.08481968654409734,0.056187263505578344,0.9151803134559027,-33.75681307621095,0.0,0.0,0.0,0.45759015672795134,0.5491081880735416,3-Spatially Isolated,0,Night Advantage
396,113.920687,22.546622,affordable_housing,0.13894904080507822,0.09605506628248453,0.8610509591949218,-30.870291924336936,0.0,0.0,0.0,0.4305254795974609,0.516630575516953,3-Spatially Isolated,0,Night Advantage
428,113.946016,22.548932,commodity_housing,0.49953117087731375,0.6988203180654725,0.5004688291226862,39.89523753605853,39.89523753605853,1.0,0.5004688291226862,0.7502344145613431,0.7002812974736117,1-Well-Served,1,Accessibility Illusion
441,113.968296,22.542509,commodity_housing,0.2110149649048492,0.23173453611021844,0.7889850350951508,9.819005592665954,9.819005592665954,0.36843015398884293,0.29068587797499906,0.5787075945419968,0.6207630826526276,4-Dual Deprived,1,Accessibility Illusion
442,113.939617,22.532222,high_end,0.04512105826314217,0.03803025199531449,0.9548789417368578,-15.715070835605635,0.0,0.0,0.0,0.4774394708684289,0.5729273650421147,3-Spatially Isolated,0,Night Advantage
443,113.968104,22.537731,high_end,0.13152952742001187,0.16660895476975507,0.8684704725799881,26.670381957447802,26.670381957447802,1.0,0.8684704725799881,0.934235236289994,0.9210822835479928,4-Dual Deprived,1,Accessibility Illusion
444,113.962507,22.530537,commodity_housing,0.04981922258999537,0.04672993874083575,0.9501807774100046,-6.200987668121504,0.0,0.0,0.0,0.4750903887050023,0.5701084664460028,3-Spatially Isolated,0,Night Advantage
445,113.947226,22.516022,commodity_housing,0.060917454061720125,0.05445318406809337,0.9390825459382799,-10.611523566098652,0.0,0.0,0.0,0.46954127296913994,0.563449527562968,3-Spatially Isolated,0,Night Advantage
446,113.963355,22.511592,commodity_housing,0.0016379891885750803,0.0016209490592219338,0.998362010811425,-1.0403078037389297,0.0,0.0,0.0,0.4991810054057125,0.599017206486855,3-Spatially Isolated,0,Normal
447,113.970102,22.527575,commodity_housing,0.061878528980085036,0.0692648818207758,0.9381214710199149,11.936859137469122,11.936859137469122,0.4478965623001345,0.42018138188976517,0.6930090166600247,0.7420315075320028,4-Dual Deprived,0,Dual Deprivation
448,113.963793,22.525016,high_end,0.023237783208728314,0.02317615536410652,0.9767622167912717,-0.26520535142373775,0.0,0.0,0.0,0.48838110839563587,0.586057330074763,3-Spatially Isolated,0,Normal
449,113.951574,22.525614,commodity_housing,0.03370568250388765,0.021536805508769994,0.9662943174961124,-36.10333952951133,0.0,0.0,0.0,0.4831471587480562,0.5797765904976674,3-Spatially Isolated,0,Night Advantage
450,113.958211,22.527828,high_end,0.03411868283426402,0.025213940374298693,0.965881317165736,-26.099314862831264,0.0,0.0,0.0,0.482940658582868,0.5795287902994416,3-Spatially Isolated,0,Night Advantage
451,113.9669,22.52143,high_end,0.015850847971065136,0.025008818151500953,0.9841491520289348,57.77590067833087,57.77590067833087,1.0,0.9841491520289348,0.9920745760144674,0.9904894912173609,4-Dual Deprived,0,Dual Deprivation
452,113.960905,22.530019,high_end,0.046929561017397606,0.039866399990204936,0.9530704389826024,-15.050558483967563,0.0,0.0,0.0,0.4765352194913012,0.5718422633895613,3-Spatially Isolated,0,Night Advantage
453,113.943896,22.51993,commodity_housing,0.06791848506709687,0.054816100222166576,0.9320815149329031,-19.29133848021847,0.0,0.0,0.0,0.46604075746645157,0.5592489089597419,3-Spatially Isolated,0,Night Advantage
454,113.956804,22.525929,commodity_housing,0.022356041591329315,0.018178276766464805,0.9776439584086707,-18.687408536960483,0.0,0.0,0.0,0.48882197920433534,0.5865863750452024,3-Spatially Isolated,0,Night Advantage
455,113.960554,22.51477,high_end,0.002602161260857191,0.0017833945290366027,0.9973978387391428,-31.464872840005086,0.0,0.0,0.0,0.4986989193695714,0.5984387032434857,3-Spatially Isolated,0,Night Advantage
456,113.952417,22.527167,high_end,0.03185383248595611,0.01860652177184052,0.9681461675140439,-41.58780806032095,0.0,0.0,0.0,0.48407308375702196,0.5808877005084263,3-Spatially Isolated,0,Night Advantage
457,113.967371,22.526544,high_end,0.03391195385540218,0.037817551086722426,0.9660880461445979,11.516874692544683,11.516874692544683,0.4321378449579216,0.41748320630053565,0.6991129455512597,0.7525079656699274,4-Dual Deprived,0,Dual Deprivation
458,113.953642,22.539473,high_end,0.08747563638164571,0.08554854312926775,0.9125243636183543,-2.2030056963178635,0.0,0.0,0.0,0.45626218180917716,0.5475146181710125,3-Spatially Isolated,0,Normal
459,113.952101,22.52078,high_end,0.0243323375014925,0.017332734111023172,0.9756676624985074,-28.76667064987071,0.0,0.0,0.0,0.4878338312492537,0.5854005974991044,3-Spatially Isolated,0,Night Advantage
460,113.974462,22.525412,commodity_housing,0.06617059088101054,0.050462640540339686,0.9338294091189895,-23.73856743839155,0.0,0.0,0.0,0.46691470455949474,0.5602976454713937,3-Spatially Isolated,0,Night Advantage
461,113.942074,22.53779,high_end,0.06949898357221874,0.06433560273112704,0.9305010164277813,-7.4294336056386525,0.0,0.0,0.0,0.46525050821389063,0.5583006098566687,3-Spatially Isolated,0,Night Advantage
462,113.967259,22.53174,high_end,0.08970456049441577,0.12370457854606534,0.9102954395055842,37.902217974487606,37.902217974487606,1.0,0.9102954395055842,0.9551477197527921,0.9461772637033505,4-Dual Deprived,1,Accessibility Illusion
463,113.97028,22.528014,high_end,0.07198401967777901,0.08395883130720487,0.928015980322221,16.6353750221626,16.6353750221626,0.6241949577516681,0.5792628956301016,0.7761054690369446,0.8064875712939998,4-Dual Deprived,0,Dual Deprivation
464,113.96022,22.532757,commodity_housing,0.0738585924193338,0.06573112325872879,0.9261414075806662,-11.00409430288236,0.0,0.0,0.0,0.4630707037903331,0.5556848445483997,3-Spatially Isolated,0,Night Advantage
465,113.957657,22.52732,commodity_housing,0.028942559589874104,0.021223605172942257,0.9710574404101259,-26.66990938711728,0.0,0.0,0.0,0.48552872020506294,0.5826344642460755,3-Spatially Isolated,0,Night Advantage
466,113.944672,22.52546,commodity_housing,0.057918919475698556,0.04990110387660064,0.9420810805243014,-13.843171923229688,0.0,0.0,0.0,0.4710405402621507,0.5652486483145808,3-Spatially Isolated,0,Night Advantage
467,113.949502,22.536875,high_end,0.0896355437417647,0.08725523313235724,0.9103644562582353,-2.6555432254251903,0.0,0.0,0.0,0.4551822281291176,0.5462186737549412,3-Spatially Isolated,0,Normal
468,113.956632,22.531656,high_end,0.06242121884090743,0.046804248306989454,0.9375787811590925,-25.018688875205804,0.0,0.0,0.0,0.4687893905795463,0.5625472686954555,3-Spatially Isolated,0,Night Advantage
469,113.945229,22.518306,high_end,0.06615499089278279,0.054907265454119454,0.9338450091072172,-17.002081455792947,0.0,0.0,0.0,0.4669225045536086,0.5603070054643303,3-Spatially Isolated,0,Night Advantage
470,113.952956,22.523385,commodity_housing,0.02687758193150901,0.018561040752890702,0.973122418068491,-30.94229681751503,0.0,0.0,0.0,0.4865612090342455,0.5838734508410945,3-Spatially Isolated,0,Night Advantage
471,113.957629,22.527692,commodity_housing,0.0309109679056892,0.02286033941505791,0.9690890320943109,-26.044569407189496,0.0,0.0,0.0,0.4845445160471554,0.5814534192565864,3-Spatially Isolated,0,Night Advantage
472,113.965083,22.513068,commodity_housing,0.0020755474403203727,0.0024722649742916726,0.9979244525596797,19.113874550131424,19.113874550131424,0.7171935770245693,0.7157050077315618,0.8575590147921245,0.8856321023456355,4-Dual Deprived,0,Dual Deprivation
473,113.957726,22.528098,high_end,0.03416818905211932,0.02510948092635415,0.9658318109478807,-26.512110758774003,0.0,0.0,0.0,0.48291590547394037,0.5794990865687284,3-Spatially Isolated,0,Night Advantage
474,113.964987,22.513056,high_end,0.002148045215399512,0.0024722649742916726,0.9978519547846005,15.093712020948285,15.093712020948285,0.566348454704502,0.5651319126161252,0.7821002047445513,0.825250554752561,4-Dual Deprived,0,Dual Deprivation
475,113.954948,22.529168,high_end,0.03542741261163392,0.02243738551187677,0.964572587388366,-36.66659838289006,0.0,0.0,0.0,0.482286293694183,0.5787435524330196,3-Spatially Isolated,0,Night Advantage
476,113.945567,22.539273,commodity_housing,0.09905599848516261,0.0851404169269961,0.9009440015148373,-14.048196748277586,0.0,0.0,0.0,0.45047200075741867,0.5405664009089024,3-Spatially Isolated,0,Night Advantage
477,113.941929,22.520923,commodity_housing,0.07703277024538006,0.05928743769957146,0.92296722975462,-23.036082551987484,0.0,0.0,0.0,0.46148361487731,0.5537803378527719,3-Spatially Isolated,0,Night Advantage
478,113.957444,22.527278,high_end,0.028026614855385972,0.020672538318999577,0.9719733851446141,-26.23961750048146,0.0,0.0,0.0,0.48598669257230703,0.5831840310867684,3-Spatially Isolated,0,Night Advantage
479,113.965412,22.535254,high_end,0.108310054706016,0.1283542318455861,0.891689945293984,18.506293985332785,18.506293985332785,0.6943958508254325,0.6191857982348995,0.7930428980597083,0.8127723075065634,4-Dual Deprived,1,Accessibility Illusion
480,113.958535,22.528971,commodity_housing,0.04179649532783752,0.03140917291058384,0.9582035046721625,-24.852137328211494,0.0,0.0,0.0,0.47910175233608127,0.5749221028032975,3-Spatially Isolated,0,Night Advantage
481,113.958871,22.529765,high_end,0.047356359251741274,0.03435652813715979,0.9526436407482587,-27.45107799667579,0.0,0.0,0.0,0.47632182037412935,0.5715861844489551,3-Spatially Isolated,0,Night Advantage
482,113.964879,22.542391,commodity_housing,0.14018603165523183,0.16450237100885348,0.8598139683447682,17.345764814446227,17.345764814446227,0.6508503067168068,0.5596101850165872,0.7553321375307875,0.7762285036935836,4-Dual Deprived,1,Accessibility Illusion
483,113.949003,22.518687,high_end,0.036784285914180606,0.028747558596212867,0.9632157140858194,-21.84826242574828,0.0,0.0,0.0,0.4816078570429097,0.5779294284514916,3-Spatially Isolated,0,Night Advantage
484,113.961874,22.528407,commodity_housing,0.03959827047576894,0.0329890991884632,0.9604017295242311,-16.690555440672703,0.0,0.0,0.0,0.48020086476211554,0.5762410377145386,3-Spatially Isolated,0,Night Advantage
485,113.970881,22.533064,commodity_housing,0.1391182805111202,0.20258179844908278,0.8608817194888798,45.61838868680504,45.61838868680504,1.0,0.8608817194888798,0.9304408597444399,0.9165290316933279,4-Dual Deprived,1,Accessibility Illusion
486,113.954425,22.520933,commodity_housing,0.019865746252288968,0.013871886246538751,0.980134253747711,-30.171834119040923,0.0,0.0,0.0,0.4900671268738555,0.5880805522486265,3-Spatially Isolated,0,Night Advantage
487,113.96216,22.527778,high_end,0.03559207711118997,0.030262278932510614,0.96440792288881,-14.974675858419321,0.0,0.0,0.0,0.482203961444405,0.578644753733286,3-Spatially Isolated,0,Night Advantage
488,113.947105,22.529955,high_end,0.044839076783181366,0.034896461844453074,0.9551609232168187,-22.173995657416512,0.0,0.0,0.0,0.47758046160840933,0.5730965539300912,3-Spatially Isolated,0,Night Advantage
489,113.960128,22.516925,commodity_housing,0.004262944826943288,0.0038935597390776277,0.9957370551730567,-8.665021548742995,0.0,0.0,0.0,0.49786852758652833,0.5974422331038339,3-Spatially Isolated,0,Night Advantage
490,113.961501,22.531881,high_end,0.0637872709381948,0.05742949640774042,0.9362127290618052,-9.967152438006954,0.0,0.0,0.0,0.4681063645309026,0.5617276374370831,3-Spatially Isolated,0,Night Advantage
491,113.952289,22.528135,commodity_housing,0.036239973045594606,0.021247610365004745,0.9637600269544054,-41.369684965624884,0.0,0.0,0.0,0.4818800134772027,0.5782560161726432,3-Spatially Isolated,0,Night Advantage
492,113.950248,22.520181,high_end,0.030333442411173184,0.024349977157611766,0.9696665575888268,-19.725638694266486,0.0,0.0,0.0,0.4848332787944134,0.581799934553296,3-Spatially Isolated,0,Night Advantage
493,113.96545,22.519184,high_end,0.005022717842762185,0.009625581845211539,0.9949772821572378,91.6409033225339,91.6409033225339,1.0,0.9949772821572378,0.9974886410786189,0.9969863692943427,4-Dual Deprived,0,Dual Deprivation
494,113.959852,22.531114,commodity_housing,0.059479261420298975,0.0476407246378054,0.940520738579701,-19.903637839143272,0.0,0.0,0.0,0.4702603692898505,0.5643124431478206,3-Spatially Isolated,0,Night Advantage
495,113.973163,22.534832,high_end,0.4842642234075757,0.5608502171277876,0.5157357765924243,15.814918802241177,15.814918802241177,0.5934096803023372,0.30604260230818814,0.5545727284473807,0.5468053380763895,1-Well-Served,1,Accessibility Illusion
496,113.963615,22.51021,commodity_housing,0.0010811683560216037,0.000499415883165832,0.9989188316439784,-53.807759875294316,0.0,0.0,0.0,0.4994594158219892,0.5993512989863871,3-Spatially Isolated,0,Night Advantage
497,113.950942,22.516397,high_end,0.023057125408550153,0.018967612365909197,0.9769428745914498,-17.73643925762083,0.0,0.0,0.0,0.4884714372957249,0.5861657247548698,3-Spatially Isolated,0,Night Advantage
498,113.958507,22.530716,high_end,0.05833324011248685,0.04267147038851569,0.9416667598875131,-26.84879100452812,0.0,0.0,0.0,0.47083337994375657,0.5650000559325079,3-Spatially Isolated,0,Night Advantage
499,113.954852,22.535586,high_end,0.07669331122556146,0.08015578945377394,0.9233066887744386,4.514706918872029,4.514706918872029,0.16940148873903427,0.15640952764109806,0.5463540887567364,0.6217446087602768,3-Spatially Isolated,0,Normal
500,113.957484,22.528959,high_end,0.03916629580590187,0.02938073479251118,0.9608337041940981,-24.984647672287988,0.0,0.0,0.0,0.48041685209704904,0.5765002225164588,3-Spatially Isolated,0,Night Advantage
