community_id,lng,lat,population,A_day_raw,A_night_raw,A_day_norm,A_night_norm,TPI,accessibility_gap,accessibility_ratio,SAII,TPI_level
1,113.916231,22.546877,1702,0.032596445896041354,0.0013216660804881704,0.09702583525370334,0.04827455765938264,-50.24566649371868,0.0487512775943207,0.4975433350628133,0.04875127759432071,0-NightAdv
2,113.93485,22.527444,1371,0.013891470696594486,0.0009313648176601628,0.041349033926521124,0.03401859611578218,-17.728196077725595,0.007330437810738943,0.822718039222744,0.007330437810738943,0-NightAdv
3,113.935645,22.528029,2709,0.014757909197216292,0.001011833212768337,0.04392805494884081,0.03695774711372012,-15.867553988535121,0.00697030783512069,0.8413244601146488,0.006970307835120691,0-NightAdv
4,113.918479,22.526518,3863,0.0494308675394359,0.0037613097607229495,0.14713478965237112,0.13738384271142984,-6.627220498958413,0.00975094694094128,0.9337277950104159,0.00975094694094128,0-NightAdv
5,113.957109,22.52315,1121,0.0016661861844748994,6.310362203162094e-05,0.004959531684909586,0.002304893410865317,-53.52598678059789,0.002654638274044269,0.46474013219402105,0.0026546382740442686,0-NightAdv
6,113.92981,22.530638,1581,0.008344707145669924,0.0006704667748825468,0.02483866441569627,0.024489156119383005,-1.4071138868980395,0.00034950829631326397,0.9859288611310196,0.00034950829631326397,1-None
7,113.953239,22.518945,4533,0.004422707158299306,0.0002675143277188539,0.013164528963835184,0.009771103328463142,-25.777038014001562,0.0033934256353720417,0.7422296198599844,0.003393425635372041,0-NightAdv
8,113.931195,22.526954,1031,0.021374211612752363,0.0014416960448407658,0.06362198937978575,0.05265871604896074,-17.231893308743828,0.010963273330825009,0.8276810669125617,0.010963273330825009,0-NightAdv
9,113.929679,22.506525,5335,0.1099805733450582,0.007378603955061871,0.32736565895919895,0.26950744014162603,-17.673881555421193,0.057858218817572915,0.823261184445788,0.05785821881757291,0-NightAdv
10,113.92211,22.541586,4007,0.04401637091744103,0.002787898366268281,0.13101812285676787,0.10182947297944324,-22.278330082040906,0.029188649877324627,0.7772166991795909,0.029188649877324627,0-NightAdv
11,113.930124,22.507264,4941,0.11234110970635017,0.007381264512429616,0.33439197749808314,0.26960461841679817,-19.37467506428331,0.06478735908128497,0.8062532493571669,0.06478735908128497,0-NightAdv
12,113.952473,22.531496,4843,0.010939234544055425,0.0004957437367323572,0.03256147532335854,0.018107304073601206,-44.39040647334669,0.014454171249757335,0.5560959352665331,0.014454171249757333,0-NightAdv
13,113.935223,22.521598,7723,0.04651334943841338,0.002752777635936129,0.13845057200722327,0.1005466695947692,-27.377208965576934,0.037903902412454074,0.7262279103442307,0.037903902412454074,0-NightAdv
14,113.937297,22.539434,3584,0.008189464500816809,0.0005249965967922658,0.024376572709996023,0.01917578037068701,-21.335207377927834,0.005200792339309014,0.7866479262207217,0.005200792339309014,0-NightAdv
15,113.936653,22.539844,4858,0.009116997497144966,0.00037344120293704707,0.027137446210779705,0.013640138874499209,-49.73683681008647,0.013497307336280497,0.5026316318991353,0.013497307336280497,0-NightAdv
16,113.935174,22.532709,6172,0.007135765327336986,0.0005460334767593933,0.02124015585218661,0.0199441636181193,-6.101613580833925,0.00129599223406731,0.9389838641916608,0.00129599223406731,0-NightAdv
17,113.934844,22.541922,5302,0.01778654378139557,0.0008196601869332164,0.05294301937611091,0.029938524971899715,-43.45142131162875,0.023004494404211193,0.5654857868837125,0.023004494404211193,0-NightAdv
18,113.919313,22.522586,2725,0.04463479432318396,0.0034075217761875935,0.13285890782068732,0.12446154810858995,-6.320509365793408,0.008397359712097374,0.9367949063420659,0.008397359712097372,0-NightAdv
19,113.946107,22.526839,2515,0.016763571543085626,0.0009287873634123668,0.049898063610690276,0.03392445322633639,-32.012485512427105,0.015973610384353888,0.6798751448757289,0.015973610384353888,0-NightAdv
20,113.932012,22.524139,2807,0.0387546651893207,0.002361776017226567,0.11535624994098256,0.08626512717950582,-25.218505955559458,0.02909112276147674,0.7478149404444054,0.02909112276147674,0-NightAdv
21,113.954585,22.544935,6954,0.01379292641318455,0.0007506326212116275,0.04105570926659285,0.027417256361992697,-33.21938202562683,0.01363845290460015,0.6678061797437318,0.013638452904600154,0-NightAdv
22,113.955945,22.541872,2578,0.036696350358962786,0.0028569506702674557,0.10922951709816013,0.1043516451681175,-4.465708591990833,0.004877871930042632,0.9553429140800916,0.004877871930042633,1-None
23,113.951568,22.513775,1430,0.016082763152250577,0.0005136274091844753,0.04787158492711936,0.018760514736791117,-60.81075075046608,0.029111070190328246,0.3918924924953392,0.029111070190328242,0-NightAdv
24,113.943167,22.541014,2899,0.028060649973094546,0.0019532507454992384,0.08352468885977385,0.0713435240026795,-14.5839092888389,0.012181164857094348,0.854160907111611,0.012181164857094348,0-NightAdv
25,113.934599,22.509815,3391,0.07231860811994156,0.004136586708761395,0.21526191473760423,0.15109103315368408,-29.810606145607277,0.06417088158392015,0.7018939385439272,0.06417088158392013,0-NightAdv
26,113.94876,22.516912,5777,0.007688010961184745,0.0004862779829687766,0.02288395757401165,0.017761562374850257,-22.384219087080826,0.005122395199161394,0.7761578091291917,0.005122395199161395,0-NightAdv
27,113.918984,22.528081,7888,0.04648959343857618,0.003558597981470176,0.13837986044149483,0.12997968698689194,-6.070372833013787,0.008400173454602894,0.9392962716698622,0.008400173454602894,0-NightAdv
28,113.945794,22.522781,5567,0.018634254045471192,0.0010586953472975409,0.05546629435791079,0.03866941154149769,-30.283044884929243,0.016796882816413103,0.6971695511507076,0.016796882816413103,0-NightAdv
29,113.940267,22.520858,6125,0.031765856779425845,0.0018830682325695874,0.0945535226878097,0.06878007033074188,-27.258056203960617,0.025773452357067822,0.7274194379603938,0.025773452357067822,0-NightAdv
30,113.910596,22.525177,1610,0.014295923140705232,0.0009845285377964627,0.04255291782034811,0.03596042931479955,-15.49244762340631,0.006592488505548562,0.8450755237659369,0.006592488505548562,0-NightAdv
31,113.943953,22.505433,2855,0.08280025026632182,0.00631190803346066,0.24646133099686185,0.23054580336167174,-6.457616523783505,0.015915527635190108,0.935423834762165,0.01591552763519011,0-NightAdv
32,113.94845,22.537015,4549,0.03713323178833972,0.002695415301338996,0.11052992836776045,0.09845147976591069,-10.927762987108583,0.012078448601849756,0.8907223701289142,0.012078448601849756,0-NightAdv
33,113.936027,22.528199,3222,0.014918341621287483,0.0009801466687399858,0.044405594432652275,0.0358003792132303,-19.378673631929573,0.008605215219421973,0.8062132636807042,0.008605215219421973,0-NightAdv
34,113.918374,22.538354,2273,0.04579623749072209,0.003105748534084719,0.1363160329867098,0.11343911968205937,-16.782261633802698,0.02287691330465043,0.832177383661973,0.02287691330465043,0-NightAdv
35,113.925233,22.535207,7623,0.030925954506779797,0.0023792378151687634,0.09205348879470164,0.08690292865148254,-5.595181899847292,0.005150560143219102,0.9440481810015271,0.005150560143219102,0-NightAdv
36,113.925657,22.516953,5549,0.08811456633817952,0.0056434465791535176,0.26227980265842393,0.206129892644567,-21.40840028272513,0.05614991001385694,0.7859159971727487,0.05614991001385694,0-NightAdv
37,113.938237,22.528294,3308,0.01458428836385787,0.0009066448729964339,0.043411259147612354,0.03311568696828771,-23.716363868452557,0.010295572179324641,0.7628363613154744,0.010295572179324641,0-NightAdv
38,113.960374,22.535904,3150,0.0176169712737793,0.001102947053309026,0.05243827372868645,0.04028572867705469,-23.174952544220943,0.012152545051631762,0.7682504745577906,0.012152545051631762,0-NightAdv
39,113.928049,22.512219,7794,0.09864616970513383,0.0058633221962598415,0.2936279323440457,0.21416096669011642,-27.06383041270656,0.0794669656539293,0.7293616958729343,0.07946696565392929,0-NightAdv
40,113.920245,22.531962,2804,0.04152206081974288,0.003157963029110736,0.12359361647399375,0.1153462819282585,-6.672945400437107,0.008247334545735244,0.933270545995629,0.008247334545735244,0-NightAdv
41,113.937558,22.529191,4001,0.014707444737205673,0.000855471325425756,0.04377784359148078,0.031246545882421765,-28.624748687935874,0.012531297709059013,0.7137525131206413,0.012531297709059013,0-NightAdv
42,113.915605,22.528483,1634,0.026908755057785193,0.0019411565055160406,0.08009598480293198,0.07090177544452655,-11.478989091683985,0.009194209358405425,0.8852101090831601,0.009194209358405423,0-NightAdv
43,113.920887,22.535363,2152,0.044048090224772636,0.003307126733166286,0.13111253782143403,0.12079456568042761,-7.869554134524319,0.010317972141006423,0.9213044586547569,0.010317972141006423,0-NightAdv
44,113.916034,22.537072,1449,0.046386282108142336,0.003036785469906602,0.1380723462984351,0.11092020702538853,-19.665153813174758,0.027152139273046563,0.8033484618682525,0.027152139273046563,0-NightAdv
45,113.934175,22.530675,5994,0.007413180040576787,0.0007087655202036795,0.022065902142122687,0.025888038194501507,17.321458364861307,-0.0038221360523788203,1.173214583648613,0.0038221360523788207,2-Mild
46,113.932532,22.536866,4556,0.009319621245723837,0.0005101931567688513,0.027740571426050152,0.018635076837837335,-32.82374558320086,0.009105494588212817,0.6717625441679914,0.009105494588212817,0-NightAdv
47,113.933389,22.528056,1640,0.014193200043608009,0.0011274107358202152,0.04224715459918307,0.0411792777129133,-2.5276894891530155,0.0010678768862697752,0.9747231051084698,0.0010678768862697754,1-None
48,113.929428,22.530791,4336,0.010027299089988905,0.000815226615384511,0.029847029110097758,0.0297765864092592,-0.23601243721347726,7.044270083855775e-05,0.9976398756278653,7.044270083855775e-05,1-None
49,113.927695,22.535372,6517,0.020433160102855744,0.0013516236504601026,0.060820876980732234,0.049368773861413695,-18.82923050081391,0.01145210311931854,0.8117076949918609,0.01145210311931854,0-NightAdv
50,113.923913,22.523738,1444,0.045990745260466766,0.0035683909234855106,0.1368950003650246,0.13033737941083584,-4.790255989410246,0.00655762095418877,0.9520974401058976,0.00655762095418877,1-None
51,113.944202,22.509304,3242,0.014923211638698792,0.0009482745730129109,0.04442009041508359,0.03463623393809868,-22.025746425906952,0.00978385647698491,0.7797425357409304,0.00978385647698491,0-NightAdv
52,113.943806,22.502073,2500,0.052973280512596345,0.003743289182907117,0.15767905508028351,0.1367256315068989,-13.2886536913327,0.020953423573384616,0.867113463086673,0.020953423573384616,0-NightAdv
53,113.909399,22.518991,8174,0.04698220251257392,0.003023268468638458,0.13984614934337752,0.11042649135337858,-21.03715985612308,0.029419657989998946,0.7896284014387692,0.029419657989998946,0-NightAdv
54,113.936566,22.527584,5606,0.015584441895938385,0.0010026022125458388,0.0463882932740181,0.03662057991311363,-21.056418918467365,0.00976771336090447,0.7894358108153263,0.00976771336090447,0-NightAdv
55,113.925118,22.541016,6139,0.02414262271452427,0.0019163763775385779,0.07186237854158896,0.0699966680694375,-2.5962269966777116,0.0018657104721514634,0.9740377300332229,0.0018657104721514634,1-None
56,113.936429,22.529584,4215,0.012797060520454002,0.0008411637789648152,0.038091437629402154,0.030723955126110706,-19.34157112937268,0.007367482503291448,0.8065842887062732,0.007367482503291449,0-NightAdv
57,113.946034,22.517194,5680,0.008942243272033119,0.0007298407467202908,0.026617276781582832,0.026657822070081424,0.15232695978368024,-4.054528849859254e-05,1.0015232695978369,4.054528849859254e-05,1-None
58,113.942603,22.513997,1131,0.01942598170647789,0.0014691030226560427,0.05782293280394348,0.05365977051373472,-7.199846303757253,0.004163162290208765,0.9280015369624275,0.004163162290208765,0-NightAdv
59,113.962906,22.52795,5022,0.0074397113823924275,0.0006230857422705148,0.022144874727301877,0.022758538662706055,2.77113301818595,-0.0006136639354041781,1.0277113301818595,0.0006136639354041781,1-None
60,113.934102,22.533732,4579,0.00824525406779212,0.0006344778602141253,0.024542634658942408,0.023174641839333078,-5.573944438401544,0.0013679928196093302,0.9442605556159845,0.0013679928196093302,0-NightAdv
61,113.911981,22.531467,1971,0.03992102181412961,0.0029030299830342748,0.11882800039152842,0.10603471661400413,-10.76621986010998,0.012793283777524297,0.8923378013989002,0.012793283777524297,0-NightAdv
62,113.920562,22.510689,2634,0.12511959460969005,0.010777855405866529,0.372428123370476,0.39366691020988914,5.702788137265805,-0.02123878683941316,1.0570278813726581,0.02123878683941316,2-Mild
63,113.943036,22.522476,5619,0.018794120039048987,0.001131275780628453,0.05594214781767195,0.04132045053349629,-26.13717537594563,0.014621697284175658,0.7386282462405437,0.014621697284175658,0-NightAdv
64,113.947339,22.521867,4505,0.008388903029033806,0.0005953008133239661,0.024970216871195005,0.02174367933152265,-12.92154391896533,0.0032265375396723535,0.8707845608103467,0.0032265375396723535,0-NightAdv
65,113.930503,22.523001,2872,0.0518182649668846,0.0032400838305807495,0.1542410622263662,0.11834578794882204,-23.272190789806526,0.035895274277544145,0.7672780921019348,0.035895274277544145,0-NightAdv
66,113.914194,22.540901,5612,0.039105441409757295,0.00228524117560831,0.11640036241519348,0.08346965131824471,-28.290900830262704,0.03293071109694877,0.717090991697373,0.03293071109694877,0-NightAdv
67,113.929525,22.536047,2247,0.016713231754149724,0.0010771777420856515,0.049748223346399556,0.039344490856957286,-20.91277193358348,0.01040373248944227,0.7908722806641653,0.01040373248944227,0-NightAdv
68,113.933411,22.526352,3946,0.020151568959169145,0.0012738184318891728,0.05998269922345852,0.04652689680520907,-22.432805779748982,0.013455802418249452,0.7756719422025101,0.013455802418249452,0-NightAdv
69,113.937344,22.533373,3498,0.007481325523409171,0.0004700328917314945,0.02226874242758405,0.017168201763426795,-22.90448452912756,0.005100540664157254,0.7709551547087243,0.005100540664157254,0-NightAdv
70,113.947894,22.542281,4543,0.047373369600341525,0.003292915173428765,0.14101048834939842,0.1202754808903229,-14.70458524170055,0.020735007459075513,0.8529541475829945,0.020735007459075513,0-NightAdv
71,113.935357,22.53553,1968,0.007042717821713212,0.0004701420594287231,0.020963192775285123,0.017172189171723196,-18.08409455658581,0.0037910036035619273,0.8191590544341418,0.0037910036035619264,0-NightAdv
72,113.919179,22.517452,3341,0.08347297756116111,0.006870996766770322,0.24846375567493612,0.25096681718000285,1.0074151452260434,-0.0025030615050667393,1.0100741514522604,0.0025030615050667393,1-None
73,113.934654,22.515918,4046,0.06971834478481229,0.004748218130354306,0.20752203037183237,0.17343119665176776,-16.427573332326002,0.034090833720064606,0.8357242666767399,0.0340908337200646,0-NightAdv
74,113.929771,22.523903,3864,0.03775845802969688,0.0024886583857883964,0.11239096249656338,0.0908995732831954,-19.12199053729533,0.02149138921336799,0.8087800946270467,0.02149138921336799,0-NightAdv
75,113.923645,22.526237,6952,0.026706860881480526,0.002260451924769766,0.07949503121580492,0.08256421072579478,3.8608444616594575,-0.003069179509989861,1.0386084446165946,0.003069179509989861,1-None
76,113.94908,22.521307,6627,0.003203832817752598,0.0001880948376834965,0.009536455481897282,0.0068702641470758715,-27.957885819134244,0.0026661913348214102,0.7204211418086576,0.0026661913348214107,0-NightAdv
77,113.935153,22.531212,2421,0.007515038298817142,0.000643348826008661,0.02236909110372841,0.023498658590662996,5.049679853761761,-0.0011295674869345879,1.0504967985376177,0.0011295674869345879,2-Mild
78,113.933052,22.53122,1922,0.008594188247320037,0.0008075972598988642,0.025581264156318787,0.0294979201358842,15.310642803389237,-0.003916655979565413,1.1531064280338923,0.003916655979565413,2-Mild
79,113.936071,22.511357,7183,0.06615162868901266,0.004082960012388977,0.19690542482497383,0.14913228950100874,-24.261970114043272,0.0477731353239651,0.7573802988595673,0.04777313532396509,0-NightAdv
80,113.940731,22.527673,4502,0.019404854432800784,0.0012539177691897332,0.057760045844374566,0.04580001449875752,-20.706409025092334,0.011960031345617045,0.7929359097490767,0.011960031345617047,0-NightAdv
81,113.935071,22.505613,3988,0.20058308354224308,0.013971307308212175,0.5970510183999233,0.5103094421384596,-14.528335701348963,0.08674157626146362,0.8547166429865104,0.08674157626146363,0-NightAdv
82,113.929827,22.516451,4530,0.07730714663127958,0.005194115597637953,0.23011068436425292,0.18971783917996704,-17.553659142722015,0.040392845184285875,0.8244634085727799,0.04039284518428588,0-NightAdv
83,113.928262,22.536646,5077,0.016948763776185285,0.0010835094608307048,0.05044930257570809,0.03957576025711331,-21.55340463285316,0.010873542318594775,0.7844659536714684,0.010873542318594775,0-NightAdv
84,113.94925,22.545066,3508,0.07425932482885814,0.003656238496448486,0.22103860770204536,0.1335460588109091,-39.582473759097354,0.08749254889113625,0.6041752624090264,0.08749254889113624,0-NightAdv
85,113.929179,22.506992,5151,0.08923553679395027,0.006160401850211275,0.2656164576763592,0.22501195930907716,-15.286891001594737,0.040604498367282055,0.8471310899840526,0.040604498367282055,0-NightAdv
86,113.942742,22.535988,1674,0.014869652978625752,0.0007885143249500768,0.04426066893259347,0.02880090577113995,-34.92889631875622,0.015459763161453522,0.6507110368124377,0.015459763161453519,0-NightAdv
87,113.922723,22.51294,2608,0.11980870719268821,0.010416090425143871,0.3566198573645319,0.38045325157185333,6.683137159958896,-0.023833394207321446,1.066831371599589,0.023833394207321442,2-Mild
88,113.915843,22.511121,3117,0.10050113091860066,0.008370297569096019,0.29914936746227433,0.3057295776829409,2.199640359091316,-0.006580210220666571,1.0219964035909133,0.006580210220666571,1-None
89,113.954302,22.517191,2748,0.007652014138057721,0.00046748028380715393,0.02277681025367132,0.017074966399181192,-25.033548556567826,0.0057018438544901295,0.7496645144343217,0.0057018438544901295,0-NightAdv
90,113.931979,22.528964,4970,0.010265039010399376,0.0009433347415335414,0.030554680319206304,0.034455803961799085,12.767679458065157,-0.0039011236425927805,1.1276767945806516,0.0039011236425927805,2-Mild
91,113.926728,22.521339,3845,0.06084608668593448,0.004464021213637765,0.18111306985584566,0.16305075287312135,-9.972950597712664,0.018062316982724314,0.9002704940228734,0.018062316982724317,0-NightAdv
92,113.946542,22.521932,5350,0.013519207105985183,0.0008364377559026733,0.04024096263774921,0.030551334616149013,-24.079016470919512,0.0096896280216002,0.7592098352908049,0.0096896280216002,0-NightAdv
93,113.93518,22.544173,6703,0.01878477195649035,0.0007365767623741589,0.0559143225289529,0.026903858630206393,-51.88377965900355,0.029010463898746505,0.48116220340996446,0.029010463898746505,0-NightAdv
95,113.933449,22.526941,3197,0.016796309501178882,0.0012099415267896817,0.0499955106679133,0.04419375881835136,-11.604545632305058,0.0058017518495619425,0.8839545436769494,0.0058017518495619425,0-NightAdv
96,113.929537,22.547233,4379,0.021554258768039503,0.0009597404135457107,0.06415791362387364,0.03505502987156887,-45.36133129721253,0.029102883752304777,0.5463866870278747,0.029102883752304777,0-NightAdv
97,113.933931,22.529824,2911,0.006547869264937908,0.0006258261501996629,0.01949023788019196,0.022858633522170883,17.28247578446562,-0.003368395641978921,1.1728247578446562,0.003368395641978921,2-Mild
98,113.934589,22.527362,2062,0.018605921045184572,0.0011903609402682113,0.05538195899733743,0.04347856746480908,-21.493265583293326,0.011903391532528347,0.7850673441670667,0.011903391532528347,0-NightAdv
99,113.946851,22.517873,7947,0.006992394064512065,0.00047635084051451466,0.02081340023068937,0.01739896820838412,-16.404969800516632,0.00341443202230525,0.8359503019948337,0.00341443202230525,0-NightAdv
100,113.921203,22.512695,1543,0.1164577172449024,0.010297119302626776,0.3466453773354019,0.3761077679443764,8.499288476149996,-0.029462390608974487,1.0849928847615,0.029462390608974483,2-Mild
101,113.949807,22.518685,1119,0.005848567011585455,0.0003078175675847673,0.017408710788474314,0.011243200634651352,-35.4162363240874,0.006165510153822962,0.645837636759126,0.006165510153822962,0-NightAdv
103,113.942448,22.529059,2319,0.014581166373388408,0.0008586200016307537,0.04340196630219234,0.03136155295815208,-27.741631013229163,0.012040413344040261,0.7225836898677084,0.012040413344040261,0-NightAdv
104,113.938602,22.53472,5331,0.009507712969767617,0.0004814008454629752,0.028300440949490226,0.017583422329333173,-37.86873370377678,0.010717018620157052,0.6213126629622321,0.01071701862015705,0-NightAdv
105,113.923467,22.535811,4745,0.03559232946591872,0.00267287030576873,0.10594331376093835,0.09762801179268002,-7.848821858660996,0.008315301968258332,0.9215117814133901,0.008315301968258332,0-NightAdv
106,113.933694,22.527844,6412,0.014261559285389792,0.001008463671683272,0.042450631154643766,0.03683467283058762,-13.229387105218118,0.005615958324056147,0.8677061289478188,0.005615958324056147,0-NightAdv
107,113.928794,22.53318,4621,0.01080237307039528,0.0007720853128161112,0.032154096591386384,0.028200827350987955,-12.294760728738535,0.003953269240398429,0.8770523927126146,0.003953269240398429,0-NightAdv
108,113.935191,22.528852,7119,0.013789161188583244,0.0009430379386290361,0.04104450178516912,0.03444496307760107,-16.078983592274234,0.006599538707568048,0.8392101640772577,0.006599538707568048,0-NightAdv
109,113.925483,22.529554,4339,0.021173021209135938,0.00177750420960466,0.06302313062634465,0.06492428815655268,3.0166028112435868,-0.0019011575302080308,1.0301660281124358,0.0019011575302080308,1-None
110,113.932405,22.520835,3834,0.05661761299680292,0.0036807084382492073,0.16852669179350227,0.1344398364706523,-20.226383702242842,0.03408685532284997,0.7977361629775716,0.03408685532284997,0-NightAdv
111,113.927336,22.526982,3472,0.020833023811889628,0.0017003092438960955,0.06201110215069066,0.06210470091123598,0.15093871468026954,-9.359876054532146e-05,1.0015093871468026,9.359876054532146e-05,1-None
112,113.917603,22.528936,703,0.035772938629213186,0.0027973321070309887,0.10648091086520567,0.10217404538628355,-4.044730124795969,0.004306865478922117,0.9595526987520403,0.004306865478922117,1-None
113,113.918644,22.529622,5555,0.04408752844276477,0.003429117407439969,0.1312299287190125,0.12525034004437036,-4.556573895155851,0.005979588674642156,0.9544342610484415,0.005979588674642156,1-None
114,113.903961,22.528008,1843,0.018825004370261637,0.000974210141695392,0.05603407741152142,0.035583544400457565,-36.496599847397384,0.020450533011063858,0.6350340015260262,0.020450533011063858,0-NightAdv
115,113.908472,22.528166,2792,0.014682459717323723,0.0010349044109803,0.04370347375279934,0.037800434918754115,-13.507024332744532,0.005903038834045228,0.8649297566725547,0.005903038834045226,0-NightAdv
116,113.924562,22.523573,2197,0.05598254378283813,0.004264972529098256,0.1666363592975804,0.15578039363436597,-6.514764070083746,0.010855965663214423,0.9348523592991625,0.010855965663214425,0-NightAdv
117,113.925715,22.5299,4044,0.01568133724240083,0.0013769767396953916,0.046676709745945705,0.05029480895166914,7.7514015563997685,-0.003618099205723438,1.0775140155639977,0.003618099205723438,2-Mild
118,113.917992,22.529927,2094,0.04170407282660072,0.0032441697874177164,0.12413538925032364,0.1184950296989372,-4.543716006732327,0.005640359551386434,0.9545628399326768,0.005640359551386435,1-None
119,113.927383,22.529275,2072,0.009435828131732738,0.0007913142598821333,0.028086470184865903,0.02890317488609685,2.9078225061938148,-0.0008167047012309463,1.0290782250619381,0.0008167047012309463,1-None
120,113.915219,22.527597,1369,0.0398100599277676,0.002893602393760317,0.11849771377868919,0.1056903688935674,-10.808094499646867,0.012807344885121794,0.8919190550035313,0.012807344885121794,0-NightAdv
121,113.918471,22.533855,3992,0.03531220142582278,0.0028193469460567225,0.10510949104434605,0.10297814910930356,-2.0277349969692806,0.0021313419350424967,0.9797226500303072,0.0021313419350424967,1-None
122,113.917272,22.541312,4088,0.043170142905235784,0.00263455266226558,0.12849925991198077,0.09622843945139602,-25.113623598057742,0.032270820460584757,0.7488637640194226,0.032270820460584757,0-NightAdv
123,113.91799,22.529233,1937,0.04153696254945079,0.003198227310982264,0.12363797262178503,0.11681695627294833,-5.51692672096989,0.006821016348836695,0.944830732790301,0.006821016348836695,0-NightAdv
124,113.918467,22.529376,1184,0.04286505988960836,0.0033096020214446937,0.12759115678603342,0.12088497690341629,-5.255991129434769,0.006706179882617125,0.9474400887056523,0.006706179882617125,0-NightAdv
125,113.922229,22.532361,2983,0.025523752931285195,0.00216184629690181,0.07597341915327821,0.07896258763935446,3.934492509867865,-0.002989168486076249,1.0393449250986786,0.002989168486076249,1-None
126,113.90782,22.514299,1307,0.1387923305732089,0.0074369410769969235,0.41312607649379096,0.2716382345972846,-34.24810244304026,0.14148784189650637,0.6575189755695975,0.1414878418965064,0-NightAdv
127,113.925228,22.547999,1845,0.07723509407141838,0.005039759424200798,0.22989621436267677,0.18407989771753555,-19.929130530554488,0.045816316645141214,0.800708694694455,0.04581631664514121,0-NightAdv
128,113.92431,22.530253,4034,0.03372204630442385,0.002752824490028257,0.10037627168267871,0.100548380965444,0.1714641118663773,-0.00017210928276528703,1.0017146411186637,0.00017210928276528703,1-None
129,113.901382,22.525735,2795,0.038980159444368404,0.0036261228709388383,0.11602745098267565,0.13244606954616467,14.150632823900027,-0.016418618563489015,1.1415063282390003,0.016418618563489015,2-Mild
130,113.917432,22.52862,3871,0.03476044618740979,0.002778292376948517,0.10346714902235499,0.10147860910229729,-1.921904622720447,0.001988539920057694,0.9807809537727955,0.001988539920057694,1-None
131,113.932845,22.52908,1909,0.009663315673611813,0.0008354751657500496,0.02876360439854745,0.030516175498039522,6.093016282690136,-0.0017525710994920722,1.0609301628269014,0.0017525710994920724,2-Mild
132,113.921497,22.530023,3903,0.04096259278328964,0.0032867821475096406,0.12192831671377612,0.12005146885148031,-1.5393043329726777,0.0018768478622958051,0.9846069566702732,0.0018768478622958054,1-None
133,113.91247,22.547632,5109,0.05482421070125802,0.0013905541514599576,0.1631884915422815,0.0507907311492424,-68.87603367785115,0.11239776039303909,0.31123966322148844,0.11239776039303909,0-NightAdv
134,113.934308,22.526303,2690,0.020402470750468527,0.0012414172443309536,0.06072952775639467,0.04534342616909046,-25.335454029912302,0.015386101587304205,0.7466454597008769,0.015386101587304205,0-NightAdv
135,113.915294,22.517919,3634,0.08641335320674162,0.00774094961080781,0.25721601056437926,0.2827423082442207,9.924070287783424,-0.025526297679841436,1.0992407028778342,0.025526297679841433,2-Mild
136,113.915974,22.527943,4181,0.04211562567792146,0.0031394380942237348,0.1253604080538395,0.11466964881302523,-8.528018859210176,0.010690759240814265,0.9147198114078983,0.010690759240814265,0-NightAdv
137,113.914271,22.521299,1705,0.04772643587507289,0.0034840906903235887,0.14206141734684116,0.12725826848671234,-10.420245789880525,0.014803148860128817,0.8957975421011948,0.01480314886012882,0-NightAdv
138,113.903399,22.533302,4011,0.0102390202937613,0.0007728734131306302,0.030477233602405028,0.02822961313480755,-7.374752239389968,0.002247620467597477,0.9262524776061003,0.002247620467597477,0-NightAdv
139,113.937095,22.524145,2707,0.03152718496825215,0.0016822115059449885,0.09384309763397111,0.06144367139165989,-34.52510313404516,0.03239942624231122,0.6547489686595483,0.03239942624231122,0-NightAdv
140,113.9178,22.529921,2445,0.04170407282660072,0.0032441697874177164,0.12413538925032364,0.1184950296989372,-4.543716006732327,0.005640359551386434,0.9545628399326768,0.005640359551386435,1-None
141,113.913559,22.535522,1257,0.0444680696699891,0.003185697463029492,0.13236263903159273,0.11635929690165238,-12.090528148294645,0.016003342129940354,0.8790947185170536,0.016003342129940354,0-NightAdv
142,113.917812,22.529331,730,0.03646159515409362,0.002841622477323333,0.10853075012506043,0.10379177475529591,-4.36648172458384,0.004738975369764517,0.9563351827541616,0.004738975369764517,1-None
143,113.920385,22.522923,3178,0.04243264199954659,0.003420902450903389,0.12630403158546108,0.12495028438065235,-1.0718163053193928,0.001353747204808728,0.989281836946806,0.001353747204808728,1-None
144,113.917793,22.528216,2857,0.03752920332844025,0.0029633432645942634,0.11170856819670004,0.10823769135269064,-3.107082026060678,0.0034708768440094018,0.9689291797393932,0.0034708768440094018,1-None
145,113.901912,22.53305,624,0.012314241285923566,0.0014833951478231862,0.03665428893974828,0.05418179799907469,47.81843971421146,-0.01752750905932641,1.4781843971421145,0.01752750905932641,3-Moderate
146,113.915427,22.526443,1469,0.04391882827579142,0.003171691868152957,0.13072777966079213,0.11584773508781548,-11.382465617932827,0.014880044572976647,0.8861753438206718,0.014880044572976647,0-NightAdv
147,113.901921,22.539386,2407,0.0134295051251601,0.0011403916701613588,0.039973957773439074,0.04165341325484439,4.201374031873418,-0.0016794554814053148,1.0420137403187342,0.0016794554814053148,1-None
148,113.907436,22.53814,1341,0.027117049544598378,0.0015251319361388098,0.08071598940792006,0.055706256426059385,-30.984855869717748,0.025009732981860676,0.6901514413028225,0.025009732981860676,0-NightAdv
149,113.919522,22.547004,2100,0.0631571052778921,0.003931213069949902,0.1879919949351825,0.14358965159075504,-23.619273448178944,0.04440234334442747,0.7638072655182105,0.04440234334442747,0-NightAdv
150,113.914999,22.528016,1654,0.03796639439206358,0.002760932757775167,0.11300990111651568,0.10084453976428473,-10.76486328369423,0.012165361352230952,0.8923513671630577,0.012165361352230952,0-NightAdv
151,113.91842,22.535146,1064,0.04168825394763802,0.0031119916309480565,0.12408830313703911,0.11366715212077566,-8.398173520637695,0.010421151016263452,0.916018264793623,0.010421151016263452,0-NightAdv
152,113.917874,22.537903,2698,0.04494886701328008,0.0030827964395889287,0.13379376940603135,0.11260078220370677,-15.840040456599331,0.021192987202324584,0.8415995954340066,0.021192987202324588,0-NightAdv
153,113.922413,22.517902,888,0.10025033283600135,0.00790944600558245,0.2984028476262826,0.28889672882369266,-3.1856662489009944,0.009506118802589947,0.96814333751099,0.009506118802589947,1-None
154,113.925161,22.536906,1664,0.025620384290520045,0.0018631972761845865,0.07626104984686252,0.06805427306325015,-10.761426442583922,0.008206776783612368,0.8923857355741608,0.008206776783612368,0-NightAdv
155,113.925067,22.530775,2037,0.030158182663589037,0.0025034181262193014,0.08976815668802231,0.09143868066514929,1.8609315805967535,-0.0016705239771269836,1.0186093158059675,0.0016705239771269836,1-None
156,113.916753,22.525738,2492,0.04121411724454789,0.0029501761598575743,0.12267699867186908,0.10775675583788674,-12.162217037841247,0.014920242833982342,0.8783778296215875,0.014920242833982342,0-NightAdv
157,113.917515,22.544548,1820,0.03946420503254753,0.002134147996284624,0.117468250008549,0.07795089245404914,-33.64088385723283,0.039517357554499866,0.6635911614276717,0.039517357554499866,0-NightAdv
158,113.923701,22.51061,3090,0.12789405178968277,0.010053778457121918,0.3806865091504153,0.36721961393132324,-3.5375288841063375,0.013466895219092057,0.9646247111589367,0.013466895219092057,1-None
159,113.902028,22.540577,3314,0.00197944976565808,0.0004308421134989656,0.005891984895170636,0.015736737711021447,167.08720390508913,-0.009844752815850812,2.670872039050891,0.009844752815850812,4-Severe
160,113.923023,22.525156,1518,0.04114751931426995,0.0032486448169326814,0.12247876479594307,0.11865848253588057,-3.1191384616160294,0.0038202822600624936,0.9688086153838397,0.0038202822600624936,1-None
161,113.908441,22.522109,1393,0.03326418874764309,0.0014501884036097776,0.09901342335204925,0.05296890397699427,-46.50331017375334,0.046044519375054986,0.5349668982624666,0.04604451937505499,0-NightAdv
162,113.909864,22.5319,3558,0.03242849791028153,0.0022898226596993272,0.096525925120878,0.0836369924652882,-13.352819607218658,0.012888932655589797,0.8664718039278134,0.012888932655589798,0-NightAdv
163,113.924869,22.53933,3028,0.026719404646554534,0.0019482121453116492,0.07953236870000224,0.07115948644669674,-10.527640997199752,0.0083728822533055,0.8947235900280025,0.0083728822533055,0-NightAdv
164,113.900105,22.538303,4448,0.0294103556415447,0.003775770900523729,0.0875421918797561,0.13791204354629977,57.53780044224772,-0.05036985166654366,1.5753780044224772,0.050369851666543654,4-Severe
165,113.926591,22.53636,3401,0.025139927741755358,0.001932191399219269,0.07483093387361567,0.07057432016120255,-5.6883076183470465,0.004256613712413121,0.9431169238165296,0.004256613712413121,0-NightAdv
166,113.916734,22.524137,979,0.04403665744537473,0.003106345603105335,0.13107850727178788,0.1134609279461042,-13.440479062791042,0.017617579325683683,0.8655952093720896,0.017617579325683683,0-NightAdv
167,113.902596,22.527544,3970,0.011918530241706743,0.0007862108438895508,0.03547642449689763,0.028716769898308448,-19.053934251971484,0.006759654598589179,0.8094606574802852,0.006759654598589179,0-NightAdv
168,113.931414,22.533753,3429,0.008995002635849663,0.0006583032501891209,0.026774319097118707,0.024044876900280076,-10.194254378376916,0.002729442196838631,0.8980574562162308,0.002729442196838631,0-NightAdv
169,113.911068,22.524193,1723,0.01915235336749311,0.0013526770160696192,0.057008456949006615,0.04940724860144352,-13.333474986636254,0.0076012083475630945,0.8666652501336375,0.0076012083475630945,0-NightAdv
170,113.916959,22.528174,2053,0.029255753407435667,0.002156589031469682,0.08708200640602815,0.07877056321882897,-9.54438641255724,0.008311443187199175,0.9045561358744276,0.008311443187199175,0-NightAdv
171,113.918437,22.53206,1370,0.03891415213481241,0.003001877874684795,0.11583097513488091,0.10964518851415982,-5.340356164245338,0.006185786620721098,0.9465964383575466,0.006185786620721097,0-NightAdv
172,113.915983,22.542979,2120,0.04033021506692125,0.0021905421876945094,0.12004599566803524,0.08001072033725033,-33.349946500085665,0.04003527533078491,0.6665005349991433,0.04003527533078491,0-NightAdv
173,113.919585,22.531654,1488,0.04408712355920883,0.0033464502857449784,0.1312287235518811,0.1222308793865573,-6.856611816213013,0.008997844165323787,0.9314338818378699,0.008997844165323787,0-NightAdv
174,113.912932,22.535608,2729,0.04192084007437207,0.002998880510455962,0.12478061368177663,0.10953570818896487,-12.217366979529595,0.015244905492811767,0.877826330204704,0.015244905492811767,0-NightAdv
175,113.928443,22.520203,2926,0.06784915890464167,0.0045724246473241555,0.20195825443606363,0.1670102460365048,-17.304570440631704,0.03494800839955883,0.8269542955936829,0.03494800839955883,0-NightAdv
176,113.916759,22.519841,2545,0.08123848033820368,0.007628348162898757,0.24181260235224045,0.278629480375015,15.225376041048772,-0.03681687802277456,1.1522537604104877,0.03681687802277456,2-Mild
177,113.915927,22.529525,1331,0.038779713331740705,0.0028210859380138277,0.11543080766876693,0.10304166671692157,-10.732958732643082,0.01238914095184536,0.8926704126735692,0.012389140951845361,0-NightAdv
178,113.924264,22.520402,3231,0.05922156772258049,0.0043607105367036636,0.17627756386824217,0.15927727536309624,-9.644045522351734,0.017000288505145927,0.9035595447764827,0.017000288505145927,0-NightAdv
179,113.921696,22.53337,1462,0.02036423362099201,0.0015914696132776076,0.06061571199141847,0.058129275422539615,-4.101967109172729,0.0024864365688788553,0.9589803289082727,0.0024864365688788553,1-None
180,113.896176,22.530416,1773,0.04821477194902933,0.004817998967426601,0.1435149873345401,0.17597997889903724,22.621324899551947,-0.03246499156449714,1.2262132489955195,0.03246499156449714,3-Moderate
181,113.931754,22.516751,1693,0.08036154595406966,0.0052776481227455345,0.2392023395231377,0.1927689091584372,-19.411779356869154,0.04643343036470052,0.8058822064313085,0.04643343036470052,0-NightAdv
182,113.899603,22.52091,2250,0.07269237572177852,0.0028890482839557335,0.21637446283179407,0.10552402760691855,-51.230830928069736,0.11085043522487552,0.48769169071930263,0.1108504352248755,0-NightAdv
183,113.932643,22.519115,2914,0.06109377368064529,0.004066392873647431,0.18185032929879044,0.14852716593293294,-18.32449987544738,0.0333231633658575,0.8167550012455262,0.03332316336585751,0-NightAdv
184,113.918192,22.531749,2084,0.03891415213481241,0.003001877874684795,0.11583097513488091,0.10964518851415982,-5.340356164245338,0.006185786620721098,0.9465964383575466,0.006185786620721097,0-NightAdv
185,113.918004,22.529994,2011,0.04170407282660072,0.0032441697874177164,0.12413538925032364,0.1184950296989372,-4.543716006732327,0.005640359551386434,0.9545628399326768,0.005640359551386435,1-None
186,113.932294,22.53543,932,0.008934317576837922,0.0005803464092050487,0.02659368533855457,0.0211974617546641,-20.291371862128557,0.005396223583890469,0.7970862813787144,0.005396223583890469,0-NightAdv
187,113.917513,22.528719,2734,0.03476044618740979,0.002778292376948517,0.10346714902235499,0.10147860910229729,-1.921904622720447,0.001988539920057694,0.9807809537727955,0.001988539920057694,1-None
188,113.915429,22.531288,2872,0.0449563090122094,0.0033758320358803448,0.1338159210898185,0.1233040634623107,-7.855461100515939,0.010511857627507795,0.9214453889948406,0.010511857627507795,0-NightAdv
189,113.923328,22.528768,3249,0.036371276012091544,0.0030288650058850563,0.10826190823290759,0.11063090785766233,2.1882115911519255,-0.0023689996247547446,1.0218821159115192,0.0023689996247547446,1-None
190,113.923291,22.530404,447,0.0362093242269314,0.00302397008014067,0.10777984625363213,0.1104521180872549,2.479379890127388,-0.002672271833622772,1.0247937989012739,0.002672271833622772,1-None
191,113.912148,22.530024,3067,0.03016045776282453,0.002300235911501906,0.0897749286963668,0.08401734203465869,-6.413356986538185,0.005757586661708114,0.9358664301346181,0.005757586661708114,0-NightAdv
192,113.920819,22.529204,2888,0.033588536222105225,0.0027175121582857795,0.09997886862551508,0.09925857923718912,-0.7204416275442291,0.0007202893883259676,0.9927955837245577,0.0007202893883259676,1-None
193,113.918457,22.529289,2890,0.04134964428785889,0.00313943422874231,0.12308040536898729,0.114669507624257,-6.833661068563229,0.008410897744730292,0.9316633893143677,0.008410897744730292,0-NightAdv
194,113.899513,22.535927,2727,0.003465585004667805,0.001163868542843202,0.010315581054235084,0.04251091853599908,312.10396498747036,-0.032195337481763994,4.121039649874704,0.032195337481763994,4-Severe
195,113.91941,22.530686,1802,0.04598426508467821,0.003611532822197169,0.13687571162199783,0.13191316024355718,-3.6255894633413535,0.004962551378440649,0.9637441053665865,0.004962551378440649,1-None
196,113.919647,22.522369,2500,0.04243264199954659,0.003420902450903389,0.12630403158546108,0.12495028438065235,-1.0718163053193928,0.001353747204808728,0.989281836946806,0.001353747204808728,1-None
197,113.927831,22.535617,1380,0.02147864642879607,0.0014658085760352036,0.06393284766441358,0.053539439095911905,-16.25675837725413,0.010393408568501676,0.8374324162274587,0.010393408568501676,0-NightAdv
198,113.928188,22.527372,1104,0.015406861279784786,0.0012265580234810975,0.04585971087389629,0.0448006852118398,-2.3092724351633236,0.0010590256620564842,0.9769072756483668,0.0010590256620564844,1-None
199,113.92805,22.524499,940,0.043973777660389235,0.003332971530337384,0.13089134074209172,0.12173856066497801,-6.992655148325159,0.009152780077113704,0.9300734485167484,0.009152780077113704,0-NightAdv
200,113.905481,22.535011,1401,0.04296070313272837,0.004316528613838849,0.12787584627579215,0.1576635070941458,23.29420425035551,-0.029787660818353656,1.232942042503555,0.029787660818353653,3-Moderate
201,113.920767,22.4872,2020,0.10175994088507183,0.008107871151512229,0.30289631241486453,0.2961443129825601,-2.229145471753545,0.006751999432304423,0.9777085452824645,0.006751999432304424,1-None
202,113.904135,22.481268,1199,0.013217444533160205,0.001981056873547007,0.039342743065896885,0.072359157642328,83.91996084546133,-0.03301641457643112,1.8391996084546134,0.03301641457643112,4-Severe
203,113.900243,22.488274,3116,0.005279315757987111,0.000515507943658576,0.015714290527880672,0.018829202260244014,19.822159497667364,-0.0031149117323633416,1.1982215949766737,0.003114911732363342,2-Mild
204,113.915129,22.476634,2891,0.04565550170501492,0.004409449327986181,0.1358971220661182,0.16105748567850925,18.51427258345452,-0.025160363612391046,1.1851427258345453,0.025160363612391046,2-Mild
205,113.906476,22.487872,2933,0.012761704374200815,0.0012921268372135294,0.03798619733318986,0.047195621062818494,24.244131753567352,-0.009209423729628637,1.2424413175356734,0.009209423729628637,3-Moderate
206,113.90692,22.474455,3291,0.01929752363839138,0.0024368559059452966,0.05744056745678505,0.08900746011103844,54.95574652531503,-0.03156689265425339,1.5495574652531503,0.03156689265425339,4-Severe
207,113.904924,22.471066,4749,0.015615852669672031,0.0006638941477045757,0.04648178986463389,0.024249087410379445,-47.83099471642852,0.022232702454254443,0.5216900528357148,0.022232702454254443,0-NightAdv
208,113.895989,22.494499,565,0.03835087187808903,0.003402130824995982,0.11415432800700664,0.1242646407444831,8.856705579183904,-0.010110312737476451,1.088567055791839,0.010110312737476453,2-Mild
209,113.912976,22.478941,3644,0.04565550170501492,0.004409449327986181,0.1358971220661182,0.16105748567850925,18.51427258345452,-0.025160363612391046,1.1851427258345453,0.025160363612391046,2-Mild
210,113.897035,22.502307,4857,0.033496712166410106,0.0017223193978013608,0.09970554724168644,0.06290863350773507,-36.905583241778494,0.03679691373395137,0.630944167582215,0.03679691373395137,0-NightAdv
211,113.894739,22.486813,1721,0.0016097906167080994,0.0005810575246949448,0.004791665927868721,0.021223435626753478,342.9239422413871,-0.016431769698884758,4.429239422413871,0.016431769698884758,4-Severe
212,113.918666,22.481446,3057,0.09645104530029652,0.008226771107551375,0.28709397525116537,0.3004871972165186,4.665100322511518,-0.013393221965353252,1.0466510032251153,0.013393221965353252,1-None
213,113.902506,22.464289,1473,0.006669187945808559,0.00026353298311479207,0.019851352290667673,0.009625682595883197,-51.511199564936796,0.010225669694784476,0.48488800435063206,0.010225669694784476,0-NightAdv
214,113.89658,22.487154,4763,0.007360439547115051,0.000515507943658576,0.0219089159956533,0.018829202260244014,-14.056896909095357,0.003079713735409287,0.8594310309090465,0.003079713735409287,0-NightAdv
215,113.882483,22.497282,2141,0.03806119540996139,0.0022570170767101556,0.11329208365794281,0.08243875107062709,-27.233440846996565,0.03085333258731572,0.7276655915300343,0.03085333258731572,0-NightAdv
216,113.904509,22.491244,5098,0.00032138745251876483,0.0,0.0009566345398557718,0.0,-100.0,0.0009566345398557718,0.0,0.0009566345398557719,0-NightAdv
217,113.902686,22.494409,2427,0.0013832521830699244,7.469375560203167e-05,0.0041173568080674445,0.002728229213746843,-33.738334059335834,0.0013891275943206014,0.6626166594066416,0.0013891275943206014,0-NightAdv
218,113.903162,22.488066,2360,0.0018466852037186915,0.00020425757797166164,0.005496800936915065,0.00746061684621336,35.72652406074641,-0.0019638159092982945,1.3572652406074641,0.0019638159092982945,3-Moderate
219,113.909068,22.491059,3297,0.048276592637125054,0.0039037052867222574,0.14369900138065964,0.14258491515459393,-0.7752915576041381,0.001114086226065708,0.9922470844239586,0.001114086226065708,1-None
220,113.907594,22.487536,1348,0.015257245801160661,0.0014529295644277827,0.04541436886247929,0.05306902633612567,16.855144451804865,-0.007654657473646374,1.1685514445180487,0.007654657473646374,2-Mild
221,113.90685,22.490484,4682,0.01728185999659264,0.001390243282958963,0.0514407891662385,0.050779376511639676,-1.2857747039248835,0.0006614126545988266,0.9871422529607512,0.0006614126545988266,1-None
222,113.907554,22.474747,2013,0.01929752363839138,0.0024368559059452966,0.05744056745678505,0.08900746011103844,54.95574652531503,-0.03156689265425339,1.5495574652531503,0.03156689265425339,4-Severe
223,113.913829,22.474467,2304,0.04565550170501492,0.004409449327986181,0.1358971220661182,0.16105748567850925,18.51427258345452,-0.025160363612391046,1.1851427258345453,0.025160363612391046,2-Mild
224,113.902743,22.488329,1272,0.0024135616101491225,0.00020425757797166164,0.007184152281750178,0.00746061684621336,3.848255905786985,-0.00027646456446318163,1.03848255905787,0.0002764645644631817,1-None
225,113.910138,22.50907,1988,0.05779060302303907,0.005045260274929415,0.17201818707500616,0.18428081922077652,7.128683515553743,-0.012262632145770364,1.0712868351555374,0.012262632145770365,2-Mild
226,113.911132,22.492791,3064,0.04220633471140329,0.0028185885269768826,0.1256304104880527,0.10295044744839223,-18.052924408630595,0.02267996303966048,0.819470755913694,0.02267996303966048,0-NightAdv
227,113.88983,22.501236,2577,0.0726656080405927,0.006375637128613981,0.2162947867642516,0.23287354251150522,7.6648891983344365,-0.01657875574725362,1.0766488919833443,0.016578755747253624,2-Mild
228,113.911484,22.509138,2809,0.044107773605397964,0.0037545950510933265,0.13129019000702524,0.1371385843651904,4.45455548343119,-0.005848394358165171,1.0445455548343119,0.005848394358165172,1-None
229,113.909753,22.48415,1696,0.04974568796673779,0.004600677740887414,0.14807187693517831,0.1680422053297112,13.486915144106218,-0.019970328394532888,1.1348691514410623,0.019970328394532885,2-Mild
230,113.911273,22.464925,1502,0.011438124895850327,0.000975388432381376,0.034046460933056334,0.035626582095454655,4.641073166180841,-0.0015801211623983208,1.0464107316618083,0.0015801211623983208,1-None
231,113.917025,22.500611,2352,0.10408823975086418,0.006058948927464691,0.30982667356203447,0.22130633726040214,-28.57092169758215,0.08852033630163234,0.7142907830241785,0.08852033630163232,0-NightAdv
232,113.920058,22.49675,4602,0.13428501391988265,0.008355728503285363,0.39970970084238855,0.3051974347930666,-23.64522698601942,0.09451226604932195,0.7635477301398058,0.09451226604932195,0-NightAdv
233,113.883795,22.491701,2286,0.011029824604638142,0.0007987032370459627,0.032831123625561606,0.02917306121321466,-11.142056708345054,0.003658062412346945,0.8885794329165495,0.0036580624123469445,0-NightAdv
234,113.901972,22.477695,1985,0.019601982373282294,0.0017078629860740897,0.05834681236297173,0.062380605368268734,6.913476232776938,-0.004033793005297007,1.0691347623277694,0.004033793005297007,2-Mild
235,113.911294,22.468208,2591,0.01929752363839138,0.0024368559059452966,0.05744056745678505,0.08900746011103844,54.95574652531503,-0.03156689265425339,1.5495574652531503,0.03156689265425339,4-Severe
236,113.90699,22.508711,4378,0.034083488046699785,0.002669542534918325,0.10145213090523693,0.09750646318962004,-3.889191562967172,0.003945667715616885,0.9611080843703282,0.003945667715616885,1-None
237,113.898571,22.5034,3118,0.027525333463897197,0.0012458906197517054,0.08193127798315196,0.04550681858936154,-44.45733093688665,0.036424459393790416,0.5554266906311335,0.036424459393790416,0-NightAdv
238,113.897307,22.475691,2692,0.022162898965905946,0.0016327867775444717,0.06596957811500587,0.05963840685760391,-9.597107391477811,0.006331171257401957,0.9040289260852219,0.0063311712574019565,0-NightAdv
239,113.906739,22.487598,4069,0.023283834727337603,0.0024238876111296066,0.06930612986256497,0.08853378623450779,27.74308190353657,-0.01922765637194282,1.2774308190353658,0.01922765637194282,3-Moderate
240,113.927916,22.490717,3760,0.33595635441640986,0.02737810856421781,1.0,1.0,0.0,0.0,1.0,0.0,1-None
241,113.909985,22.490741,1766,0.0544624209393245,0.004598399225321427,0.16211159641237097,0.1679589813348672,3.607012115050646,-0.005847384922496229,1.0360701211505066,0.005847384922496229,1-None
242,113.919725,22.472712,2312,0.04565550170501492,0.004409449327986181,0.1358971220661182,0.16105748567850925,18.51427258345452,-0.025160363612391046,1.1851427258345453,0.025160363612391046,2-Mild
243,113.90424,22.487167,1896,0.0010734596676348963,0.00013011996523133558,0.0031952354927163207,0.004752701046755204,48.743372987349254,-0.001557465554038883,1.4874337298734925,0.001557465554038883,3-Moderate
244,113.925259,22.492423,3679,0.30915851332995414,0.022516069009209272,0.9202341591871174,0.8224114151785107,-10.63020134951497,0.09782274400860669,0.8936979865048503,0.09782274400860669,0-NightAdv
245,113.886264,22.495729,3588,0.054724603001057234,0.004185084441394984,0.16289200154025782,0.15286243867352975,-6.157185602664058,0.01002956286672807,0.9384281439733594,0.01002956286672807,0-NightAdv
246,113.90501,22.500769,1387,0.006112073530221596,0.00016592630737650478,0.018193058264484637,0.006060546768134466,-66.68758666064689,0.012132511496350171,0.3331241333935312,0.012132511496350173,0-NightAdv
247,113.918633,22.491734,2741,0.06282637842672052,0.004980236937818219,0.18700756095492313,0.1819058071939713,-2.728100262310563,0.005101753760951844,0.9727189973768944,0.005101753760951844,1-None
248,113.907447,22.500446,644,0.003756830116596143,0.0002793536187037992,0.011182494592555442,0.010203539738640098,-8.754351239007676,0.0009789548539153436,0.9124564876099233,0.0009789548539153436,0-NightAdv
249,113.893334,22.490536,1806,0.02848431723566573,0.0028874725647811913,0.0847857671427167,0.1054664736246613,24.391719481801168,-0.020680706481944602,1.2439171948180117,0.020680706481944602,3-Moderate
250,113.914466,22.478154,2271,0.046427297326717715,0.004476427149077895,0.13819443125987785,0.16350388627388315,18.31438125492212,-0.025309455014005305,1.1831438125492213,0.025309455014005305,2-Mild
251,113.88995,22.499642,2102,0.05927568437363015,0.0044119175413280965,0.17643864625390998,0.16114763848567362,-8.66647307315616,0.015291007768236359,0.9133352692684384,0.015291007768236357,0-NightAdv
252,113.904034,22.48796,3256,0.0009380266849203661,0.0001291655902867476,0.0027921087742180475,0.004717841993495574,68.97056579813385,-0.001925733219277527,1.6897056579813385,0.001925733219277527,4-Severe
253,113.893846,22.470759,2993,0.013005907577851214,0.00042661191331700994,0.03871308700335134,0.015582227395890167,-59.74945786539515,0.023130859607461175,0.40250542134604855,0.023130859607461175,0-NightAdv
254,113.890219,22.496424,3452,0.059206694689391895,0.004666178951011452,0.17623329313785388,0.17043467192287995,-3.2903097432549884,0.005798621214973931,0.9670969025674501,0.005798621214973931,1-None
255,113.906882,22.490565,4139,0.01728185999659264,0.001390243282958963,0.0514407891662385,0.050779376511639676,-1.2857747039248835,0.0006614126545988266,0.9871422529607512,0.0006614126545988266,1-None
256,113.900607,22.499667,891,0.01768469591760674,0.0006785197132602419,0.05263986135439184,0.024783293983538457,-52.91915034371431,0.02785656737085338,0.47080849656285695,0.027856567370853385,0-NightAdv
257,113.904686,22.486461,1054,0.004499655688297331,0.0008020862899732051,0.013393572198131773,0.02929662902358064,118.73648486150049,-0.015903056825448868,2.1873648486150046,0.015903056825448868,4-Severe
258,113.910154,22.468382,2269,0.015666753404206174,0.002067942883957011,0.04663329982676145,0.07553271545791651,61.97162915451795,-0.028899415631155063,1.6197162915451795,0.028899415631155067,4-Severe
259,113.899259,22.471456,1830,0.017241960345841648,0.0008108233278397507,0.051322024778464675,0.029615753985995485,-42.29426038073501,0.02170627079246919,0.5770573961926498,0.021706270792469187,0-NightAdv
260,113.903878,22.488116,2167,0.0009380266849203661,0.0001291655902867476,0.0027921087742180475,0.004717841993495574,68.97056579813385,-0.001925733219277527,1.6897056579813385,0.001925733219277527,4-Severe
261,113.908949,22.5122,2521,0.06929225379935038,0.004960373825611716,0.20625373769077243,0.1811802964392779,-12.156599697158496,0.02507344125149452,0.878434003028415,0.025073441251494518,0-NightAdv
262,113.922702,22.490764,2791,0.30369245226222036,0.02208262602640965,0.903964006841796,0.8065796793307642,-10.773031533773793,0.09738432751103177,0.8922696846622621,0.09738432751103178,0-NightAdv
263,113.915517,22.478276,2312,0.046427297326717715,0.004476427149077895,0.13819443125987785,0.16350388627388315,18.31438125492212,-0.025309455014005305,1.1831438125492213,0.025309455014005305,2-Mild
264,113.885603,22.483066,2266,0.03857182263501271,0.001332944024078484,0.11481200497611024,0.048686490556933255,-57.594599478457155,0.066125514419177,0.4240540052154285,0.066125514419177,0-NightAdv
265,113.900293,22.493648,5000,0.017257799318243977,0.0014575218015476616,0.05136917070142197,0.053236760243276615,3.6356233054837888,-0.0018675895418546473,1.036356233054838,0.0018675895418546473,1-None
266,113.907711,22.470015,1569,0.011438124895850327,0.000975388432381376,0.034046460933056334,0.035626582095454655,4.641073166180841,-0.0015801211623983208,1.0464107316618083,0.0015801211623983208,1-None
267,113.915525,22.490917,2014,0.09979396199039338,0.008120623638187302,0.2970444246061235,0.2966101043517908,-0.14621390551551736,0.0004343202543327096,0.9985378609448449,0.0004343202543327096,1-None
268,113.905891,22.48137,2027,0.023593514248086332,0.00300265374073412,0.07022791484051745,0.10967352743492584,56.16799627895338,-0.03944561259440839,1.5616799627895337,0.039445612594408395,4-Severe
269,113.890072,22.486023,2883,0.008224750834651002,0.00021592747428599663,0.02448160520415881,0.007886866025807421,-67.78452246069371,0.01659473917835139,0.32215477539306286,0.01659473917835139,0-NightAdv
270,113.892155,22.479151,4256,0.029371390762862583,0.0017280936076451959,0.08742620991314082,0.0631195395982815,-27.802498059801913,0.02430667031485932,0.7219750194019809,0.02430667031485932,0-NightAdv
272,113.948975,22.53361,3494,0.02291823869323702,0.0014042293986465991,0.0682179050699854,0.051290226837725224,-24.814127925643437,0.016927678232260178,0.7518587207435656,0.016927678232260178,0-NightAdv
273,113.944009,22.544643,1688,0.03143174349247727,0.0018602347894287263,0.09355900872027674,0.06794606665633525,-27.37624352190307,0.02561294206394149,0.7262375647809692,0.02561294206394149,0-NightAdv
274,113.938497,22.521938,5834,0.030743696092631688,0.001783265569894012,0.09151098256806779,0.0651347249102765,-28.823051526271264,0.026376257657791294,0.7117694847372874,0.026376257657791294,0-NightAdv
278,113.955947,22.542616,8282,0.04104816662604263,0.0031668288112573335,0.12218303385672655,0.11567010934408607,-5.330465537692914,0.006512924512640475,0.9466953446230708,0.006512924512640474,0-NightAdv
279,113.94522,22.530008,2782,0.017632539398886402,0.0009164394495199729,0.05248461345378005,0.03347343909351451,-36.22237663426349,0.01901117436026554,0.637776233657365,0.01901117436026554,0-NightAdv
280,113.939291,22.536961,4382,0.011243856658292875,0.0006159809780021517,0.03346820654077102,0.02249903336299924,-32.7749058331199,0.010969173177771779,0.672250941668801,0.010969173177771779,0-NightAdv
281,113.937919,22.535473,4316,0.011038265584223545,0.000688095053116145,0.03285624885231931,0.02513303837268949,-23.506062771632074,0.00772321047962982,0.7649393722836793,0.00772321047962982,0-NightAdv
282,113.945403,22.545178,4645,0.03886775303481522,0.0022435305864567374,0.11569286463514712,0.08194614982968364,-29.169227429788563,0.033746714805463485,0.7083077257021144,0.033746714805463485,0-NightAdv
283,113.943172,22.53715,5312,0.019350865949240653,0.0010510813905053934,0.057599344959124416,0.03839130771360584,-33.34766612215751,0.019208037245518575,0.6665233387784248,0.019208037245518575,0-NightAdv
284,113.960929,22.534241,3420,0.022540750761410915,0.0011832944088219545,0.06709428312664743,0.04322045863929684,-35.58250177930401,0.023873824487350592,0.6441749822069599,0.023873824487350596,0-NightAdv
285,113.939977,22.516545,2445,0.043457423706719324,0.0026619177256240636,0.1293543733745095,0.09722796296830721,-24.83596771265648,0.03212641040620229,0.7516403228734352,0.03212641040620229,0-NightAdv
286,113.934709,22.545501,5861,0.023960149776365142,0.0009473157555414163,0.07131923376769088,0.03460121261917719,-51.48403762737526,0.03671802114851369,0.48515962372624744,0.03671802114851369,0-NightAdv
289,113.939109,22.545659,7694,0.034718389852096326,0.001131705689154234,0.10334196509664381,0.041336153171418574,-60.00061240101091,0.06200581192522524,0.39999387598989083,0.06200581192522524,0-NightAdv
291,113.938898,22.544131,2969,0.022033776656275792,0.0007122574324013534,0.06558523560166227,0.026015582147710815,-60.33317268886743,0.039569653453951456,0.3966682731113258,0.039569653453951456,0-NightAdv
292,113.935961,22.543955,3036,0.020684546153126163,0.0008705281733841639,0.06156914694784479,0.03179650527509093,-48.3564303692144,0.029772641672753855,0.516435696307856,0.02977264167275386,0-NightAdv
293,113.940251,22.529625,3157,0.015009271548192817,0.0008681622585330706,0.04467625437317725,0.031710088974799634,-29.022498820228428,0.012966165398377617,0.7097750117977157,0.01296616539837762,0-NightAdv
294,113.956883,22.531018,9429,0.009604929097019857,0.00040393173854135617,0.02858981225017931,0.01475382193017089,-48.394827496363305,0.01383599032000842,0.516051725036367,0.013835990320008422,0-NightAdv
295,113.936233,22.545298,5896,0.015727119573899606,0.0006155519022758137,0.046812984386674875,0.02248336114352025,-51.97195513576347,0.024329623243154623,0.4802804486423653,0.024329623243154623,0-NightAdv
296,113.921159,22.528697,10103,0.03722431770767636,0.003072331237045446,0.11080105263178833,0.11221853510584989,1.2793041585733962,-0.0014174824740615655,1.012793041585734,0.0014174824740615655,1-None
298,113.928863,22.535157,6936,0.016646488455368338,0.001070267898453621,0.04954955676991129,0.03909210513732939,-21.105035673966167,0.010457451632581896,0.7889496432603383,0.010457451632581896,0-NightAdv
299,113.937021,22.542933,4656,0.018634758425843403,0.0008324844549360957,0.05546779568498968,0.030406938192367408,-45.180914768899086,0.025060857492622275,0.5481908523110092,0.025060857492622275,0-NightAdv
300,113.954338,22.520515,5265,0.0019601634522393714,8.407865132068249e-05,0.00583457769579734,0.0030710175293325493,-47.36521322623555,0.002763560166464791,0.5263478677376445,0.002763560166464791,0-NightAdv
301,113.925801,22.545135,5815,0.045809578635817194,0.0028865958711843886,0.13635574393403888,0.10543445192401144,-22.676926631697594,0.03092129201002744,0.7732307336830241,0.030921292010027437,0-NightAdv
302,113.962783,22.547215,4962,0.019618246153123207,0.002238674789670297,0.058395222758033806,0.08176878926530971,40.026504572345786,-0.023373566507275907,1.4002650457234578,0.023373566507275907,3-Moderate
303,113.938223,22.540155,4066,0.010439794849682818,0.0005970230208489036,0.031074854553109425,0.02180658387881444,-29.825628494752138,0.009268270674294986,0.7017437150524787,0.009268270674294986,0-NightAdv
304,113.949107,22.530719,8485,0.021800810433962387,0.0011931283091061882,0.06489179367311744,0.04357964708583132,-32.84259130614084,0.02131214658728612,0.6715740869385916,0.02131214658728612,0-NightAdv
307,113.938738,22.517457,10192,0.04505750120196735,0.0027469900422966336,0.13411712744721493,0.10033527465395653,-25.1883211609599,0.033781852793258405,0.748116788390401,0.0337818527932584,0-NightAdv
308,113.953532,22.522833,1592,0.004663208951846085,0.00023332706283498014,0.013880401101347079,0.008522395266557242,-38.6012320225375,0.005358005834789837,0.613987679774625,0.005358005834789836,0-NightAdv
309,113.942279,22.543795,4401,0.030335327727505263,0.001824162196520984,0.09029544263331704,0.0666284959840176,-26.210566069662143,0.023666946649299442,0.7378943393033786,0.023666946649299442,0-NightAdv
310,113.960336,22.52747,3843,0.0019371123074551626,0.0002662228111695853,0.005765964185497019,0.009723929998492621,68.64360730770703,-0.003957965812995602,1.6864360730770704,0.003957965812995602,4-Severe
312,113.947359,22.521737,4943,0.008388903029033806,0.0005953008133239661,0.024970216871195005,0.02174367933152265,-12.92154391896533,0.0032265375396723535,0.8707845608103467,0.0032265375396723535,0-NightAdv
314,113.944687,22.543858,3180,0.034586218533955784,0.0021737413594622667,0.10294854697431022,0.07939706113603726,-22.876948272179114,0.023551485838272962,0.7712305172782089,0.023551485838272965,0-NightAdv
317,113.921299,22.534307,4257,0.029204989226780775,0.002410077648978513,0.08693090290705408,0.08802937001018385,1.2636094488794714,-0.0010984671031297744,1.0126360944887947,0.0010984671031297744,1-None
318,113.930854,22.539701,8277,0.011185501775886893,0.0005742442133085701,0.03329450873259189,0.020974575798822215,-37.002897482940575,0.012319932933769675,0.6299710251705942,0.012319932933769675,0-NightAdv
320,113.937482,22.545767,3217,0.028488659039104997,0.001050119253212251,0.08479869085552103,0.038356165136430156,-54.7679748950595,0.04644252571909087,0.45232025104940504,0.04644252571909087,0-NightAdv
322,113.961346,22.547364,8593,0.026040330138747556,0.0018178033155973258,0.0775110510529924,0.06639623447081835,-14.339654063747783,0.011114816582174045,0.8566034593625221,0.011114816582174043,0-NightAdv
323,113.916815,22.544855,3022,0.035859493817717546,0.0016589860273584181,0.10673854905947265,0.060595348413756106,-43.23011793987048,0.046143200645716545,0.5676988206012952,0.04614320064571654,0-NightAdv
325,113.940172,22.537807,5304,0.01028266145256069,0.0005797703850347245,0.030607134877453687,0.021176422164987076,-30.812138248894417,0.00943071271246661,0.6918786175110558,0.00943071271246661,0-NightAdv
328,113.938018,22.541959,4317,0.019955256613658226,0.0008381468664848509,0.05939836038619518,0.030613760790629573,-48.46025952301447,0.028784599595565605,0.5153974047698553,0.028784599595565605,0-NightAdv
329,113.932656,22.544369,2524,0.009624915533031674,0.0003803704926863828,0.028649303418448877,0.01389323487392088,-51.50585453685322,0.014756068544527998,0.4849414546314677,0.014756068544527996,0-NightAdv
331,113.933736,22.542088,6964,0.018919207251245452,0.0009260286579313447,0.05631447955229192,0.03382369003904201,-39.93784492381865,0.022490789513249912,0.6006215507618134,0.022490789513249912,0-NightAdv
332,113.934794,22.534271,5747,0.0037626354726635154,0.00027752053323797235,0.011199774682635765,0.010136585315491135,-9.49295318229043,0.0010631893671446298,0.9050704681770957,0.0010631893671446298,0-NightAdv
333,113.938,22.545061,4809,0.025231182777634253,0.0009040127487580889,0.07510256152607492,0.03301954722831367,-56.0340598811006,0.04208301429776125,0.4396594011889939,0.04208301429776125,0-NightAdv
334,113.955406,22.546689,5744,0.023002280398702845,0.001679752697568783,0.06846806168813246,0.06135386210587822,-10.390537437234546,0.007114199582254246,0.8960946256276545,0.007114199582254247,0-NightAdv
336,113.953784,22.526239,5646,0.008188781531565445,0.0003645884694696549,0.02437453979934443,0.013316788068630816,-45.36599181663738,0.011057751730713616,0.5463400818336263,0.011057751730713616,0-NightAdv
337,113.927949,22.526532,2292,0.01469806327598873,0.001184543698976416,0.0437499189486109,0.04326608962770245,-1.1058976394373545,0.00048382932090844377,0.9889410236056264,0.00048382932090844377,1-None
338,113.94703,22.539362,4919,0.03576094679616954,0.0025017101505994286,0.10644521624926524,0.09137629594577153,-14.156503067461928,0.015068920303493716,0.8584349693253808,0.015068920303493718,0-NightAdv
339,113.946376,22.521775,7110,0.014085397200324711,0.000895315956163828,0.04192627112171302,0.03270189224590823,-22.00142924474774,0.009224378875804795,0.7799857075525226,0.009224378875804795,0-NightAdv
341,113.940871,22.532998,4302,0.017322134956936668,0.0009643013289373474,0.051560670691962254,0.035221619735910245,-31.688980645085145,0.01633905095605201,0.6831101935491485,0.01633905095605201,0-NightAdv
342,113.94197,22.537178,3700,0.01598344266971535,0.0008183527743780117,0.047575949850629275,0.029890771031844364,-37.1725186240312,0.01768517881878491,0.628274813759688,0.01768517881878491,0-NightAdv
343,113.944201,22.546115,4184,0.03895823904985593,0.0018890184570335075,0.11596220323776976,0.06899740544905231,-40.50009095844832,0.046964797788717455,0.5949990904155168,0.046964797788717455,0-NightAdv
344,113.924424,22.522299,8661,0.05559782477224853,0.0043406761182593215,0.16549121349059634,0.15854550755680863,-4.197023991356728,0.00694570593378771,0.9580297600864327,0.00694570593378771,1-None
345,113.93078,22.542483,8844,0.022083470710601193,0.0011890041142213132,0.0657331537870817,0.043429008670646384,-33.931347929359,0.02230414511643531,0.66068652070641,0.022304145116435314,0-NightAdv
346,113.930444,22.536725,2765,0.013438439928662038,0.0008368377049221739,0.04000055290517117,0.03056594296714457,-23.586198821784073,0.009434609938026597,0.7641380117821592,0.009434609938026597,0-NightAdv
347,113.932185,22.544886,6366,0.010874295522974923,0.00044324338457912274,0.032368179318604265,0.016189700743550476,-49.98266481350986,0.01617847857505379,0.5001733518649014,0.01617847857505379,0-NightAdv
348,113.92607,22.548128,2109,0.05544318815854556,0.003669626415855399,0.16503092568335545,0.13403505969917393,-18.781853071377203,0.030995865984181525,0.8121814692862279,0.030995865984181522,0-NightAdv
349,113.940183,22.536368,2712,0.013435061142497005,0.0006858896781247064,0.03999049568755758,0.025052485876293853,-37.35390010659822,0.014938009811263728,0.6264609989340177,0.014938009811263727,0-NightAdv
351,113.931043,22.525118,9191,0.01934068178448846,0.0012606143237961715,0.057569031007272294,0.04604460972310368,-20.018438876820444,0.011524421284168612,0.7998156112317956,0.011524421284168614,0-NightAdv
352,113.93523,22.542834,3222,0.015374320460320657,0.000763798393785187,0.045762850615007435,0.027898143218828626,-39.03757557952535,0.01786470739617881,0.6096242442047465,0.01786470739617881,0-NightAdv
353,113.942859,22.541264,5941,0.028060649973094546,0.0019532507454992384,0.08352468885977385,0.0713435240026795,-14.5839092888389,0.012181164857094348,0.854160907111611,0.012181164857094348,0-NightAdv
354,113.95414,22.530139,8225,0.01039109085859611,0.00043237773470464506,0.03092988336727991,0.015792827093605254,-48.93990738318735,0.015137056273674655,0.5106009261681266,0.015137056273674655,0-NightAdv
356,113.942978,22.541467,6474,0.031275855552454684,0.002107525073862535,0.09309499624373531,0.07697847603018834,-17.311908119478016,0.016116520213546967,0.8268809188052199,0.016116520213546967,0-NightAdv
359,113.944521,22.545343,6054,0.04146128768545766,0.002299169833282491,0.1234127205525852,0.08397840295978014,-31.953203378255008,0.039434317592805065,0.68046796621745,0.039434317592805065,0-NightAdv
360,113.939814,22.527583,8217,0.016748359843380578,0.0009701700149564996,0.04985278481329568,0.03543597661908889,-28.918762007377047,0.014416808194206786,0.7108123799262295,0.014416808194206786,0-NightAdv
361,113.929151,22.528623,9354,0.019751834568221327,0.0015809571817631057,0.05879285897875711,0.05774530326135675,-1.7817737317024507,0.00104755571740036,0.9821822626829755,0.0010475557174003597,1-None
362,113.922887,22.523021,7238,0.04900896039035876,0.00406463811634472,0.14587895048299437,0.14846307248766827,1.7714152700701906,-0.0025841220046738944,1.0177141527007019,0.0025841220046738944,1-None
365,113.937925,22.538249,4853,0.00792270835538274,0.0004845521150281233,0.023582552469189888,0.017698524128924496,-24.95076963340907,0.005884028340265392,0.7504923036659092,0.005884028340265392,0-NightAdv
366,113.961472,22.542529,5729,0.04200027070899639,0.004430768730594379,0.12501704509192899,0.1618361882159103,29.451298498462386,-0.036819143123981324,1.2945129849846237,0.036819143123981324,3-Moderate
369,113.960974,22.528981,5872,0.004911973251073592,0.0004066789432197939,0.014620867224274373,0.01485416504452424,1.595649674340334,-0.00023329782024986666,1.0159564967434034,0.00023329782024986666,1-None
370,113.963959,22.538536,5381,0.024012022624156682,0.002408353408662805,0.07147363729990461,0.08796639121412629,23.075296762941846,-0.016492753914221683,1.2307529676294184,0.016492753914221683,3-Moderate
380,113.939581,22.548559,1005,0.10844640298909276,0.003672432851923958,0.3227990825697437,0.1341375662716048,-58.44549333791147,0.1886615162981389,0.4155450666208853,0.18866151629813893,0-NightAdv
388,113.933131,22.545235,3704,0.024729204441402926,0.0010045588203450584,0.0736083842925372,0.03669204605529179,-50.152355050385445,0.03691633823724541,0.4984764494961455,0.03691633823724541,0-NightAdv
396,113.920687,22.546622,5163,0.06296186416641404,0.0039054020724383193,0.1874108447086383,0.14264689115677398,-23.8854659779467,0.04476395355186433,0.761145340220533,0.044763953551864334,0-NightAdv
428,113.946016,22.548932,1528,0.156100575239887,0.00847076171446976,0.4646454016654915,0.30939908411133765,-33.411783910415004,0.15524631755415386,0.66588216089585,0.15524631755415386,0-NightAdv
441,113.968296,22.542509,2748,0.040346540989157374,0.0043089567468967615,0.12009459103472947,0.15738694062044925,31.05248060250725,-0.03729234958571978,1.3105248060250725,0.03729234958571978,3-Moderate
442,113.939617,22.532222,6975,0.012000171768589724,0.0006718608654028769,0.03571943679837589,0.0245400760182891,-31.297696106437773,0.011179360780086793,0.6870230389356222,0.011179360780086793,0-NightAdv
443,113.968104,22.537731,9025,0.05642331522612899,0.005892156477913078,0.16794834949361798,0.2152141541879161,28.14305995671259,-0.047265804694298114,1.281430599567126,0.047265804694298114,3-Moderate
444,113.962507,22.530537,9640,0.017094551036614752,0.001131955133573848,0.050883249600412274,0.04134526426172742,-18.744843172531137,0.009537985338684857,0.8125515682746887,0.009537985338684858,0-NightAdv
445,113.947226,22.516022,6701,0.008508040966456671,0.0006385851263419892,0.02532484013060565,0.023324661922650005,-7.898088191831794,0.002000178207955644,0.921019118081682,0.002000178207955644,0-NightAdv
446,113.963355,22.511592,12049,0.008773195742156912,0.00190999034576975,0.02611409377089128,0.0697634148571548,167.1485193750752,-0.04364932108626352,2.6714851937507524,0.04364932108626352,4-Severe
447,113.970102,22.527575,9091,0.008201410116967546,0.0005132893298536779,0.024412129757790186,0.01874816620913427,-23.201431439419913,0.005663963548655917,0.7679856856058008,0.005663963548655917,0-NightAdv
448,113.963793,22.525016,5300,0.007036698553021,0.0004865179345275541,0.02094527595777867,0.017770326733360074,-15.158306965344531,0.003174949224418598,0.8484169303465546,0.0031749492244185977,0-NightAdv
449,113.951574,22.525614,3866,0.010655902562910468,0.0004957437367323572,0.03171811582912563,0.018107304073601206,-42.91179157314916,0.013610811755524421,0.5708820842685084,0.013610811755524421,0-NightAdv
450,113.958211,22.527828,3048,0.0007259250111015509,4.243846660958587e-05,0.00216077178347335,0.0015500876004652638,-28.26231755148325,0.0006106841830080863,0.7173768244851675,0.0006106841830080862,0-NightAdv
451,113.9669,22.52143,9485,0.008773195742156912,0.00190999034576975,0.02611409377089128,0.0697634148571548,167.1485193750752,-0.04364932108626352,2.6714851937507524,0.04364932108626352,4-Severe
452,113.960905,22.530019,5313,0.01506415882565585,0.0009040218407310137,0.044839630587800064,0.033019879317468165,-26.36005496786543,0.011819751270331899,0.7363994503213457,0.011819751270331897,0-NightAdv
453,113.943896,22.51993,9213,0.019813202698743138,0.0012912116513042135,0.05897552595235376,0.04716219340994871,-20.030906637354995,0.011813332542405047,0.79969093362645,0.011813332542405046,0-NightAdv
454,113.956804,22.525929,11530,0.004849278702757776,0.0002106726936137097,0.01443425206581213,0.007694932362458787,-46.68977424410914,0.006739319703353343,0.5331022575589086,0.006739319703353342,0-NightAdv
455,113.960554,22.51477,8012,0.0007073766964343218,3.154948682217207e-05,0.002105561294302966,0.0011523618130218865,-45.270564379206576,0.0009531994812810793,0.5472943562079343,0.0009531994812810794,0-NightAdv
456,113.952417,22.527167,4041,0.010678048516031595,0.0004957437367323573,0.03178403496662668,0.01810730407360121,-43.03019080927287,0.013676730893025468,0.5696980919072713,0.013676730893025466,0-NightAdv
457,113.967371,22.526544,2231,0.0032822220543789332,0.0005272460965657624,0.009769787090589444,0.019257944548253192,97.11734114250073,-0.009488157457663748,1.9711734114250072,0.009488157457663748,4-Severe
458,113.953642,22.539473,8114,0.03492200595528654,0.002682153239640297,0.10394804413195159,0.0979670758974845,-5.753805455805257,0.005980968234467088,0.9424619454419474,0.005980968234467088,0-NightAdv
459,113.952101,22.52078,9122,0.005157129579184469,0.000290763391112164,0.01535059394290346,0.010620287753997044,-30.81513462280867,0.004730306188906415,0.6918486537719133,0.004730306188906415,0-NightAdv
460,113.974462,22.525412,10125,0.01026328700599996,0.001239712633548099,0.03054946534298578,0.04528116435217728,48.222444628065894,-0.0147316990091915,1.4822244462806589,0.0147316990091915,3-Moderate
461,113.942074,22.53779,8159,0.013811140843894891,0.0007512663157445913,0.041109925924414314,0.027440402392386924,-33.25115096816399,0.01366952353202739,0.6674884903183601,0.01366952353202739,0-NightAdv
462,113.967259,22.53174,2786,0.024660198432387245,0.0015572885513119574,0.07340298258452203,0.05688079392552621,-22.508879172547054,0.016522188658995823,0.7749112082745294,0.016522188658995823,0-NightAdv
463,113.97028,22.528014,5090,0.008201410116967546,0.0005132893298536779,0.024412129757790186,0.01874816620913427,-23.201431439419913,0.005663963548655917,0.7679856856058008,0.005663963548655917,0-NightAdv
464,113.96022,22.532757,3950,0.017150041359742532,0.0009830433595782182,0.0510484208269669,0.03590618238920347,-29.66250119487413,0.015142238437763432,0.7033749880512586,0.015142238437763434,0-NightAdv
465,113.957657,22.52732,3812,0.0005088959260913437,7.063194400299479e-06,0.0015147679732843491,0.0002579869381309568,-82.96855078262682,0.0012567810351533924,0.17031449217373176,0.0012567810351533924,0-NightAdv
466,113.944672,22.52546,4616,0.01633841889467208,0.0009819542141687968,0.04863256396222528,0.03586640077292173,-26.25023677390216,0.012766163189303549,0.7374976322609784,0.012766163189303549,0-NightAdv
467,113.949502,22.536875,4325,0.03791550280234248,0.002735967764323744,0.11285841837462947,0.09993268007927888,-11.453056388265214,0.012925738295350583,0.8854694361173479,0.012925738295350582,0-NightAdv
468,113.956632,22.531656,4386,0.010487302035175863,0.0004810775393840056,0.031216263354784182,0.01757161340256925,-43.71006804093919,0.013644649952214934,0.562899319590608,0.013644649952214934,0-NightAdv
469,113.945229,22.518306,1993,0.016943618739193703,0.0010634208458434292,0.05043398797628484,0.0388420128932238,-22.984450661549577,0.011591975083061035,0.7701554933845042,0.011591975083061035,0-NightAdv
470,113.952956,22.523385,2875,0.00525703903281334,0.00025778673544665125,0.015647982137278957,0.009415797838699827,-39.82739911066163,0.00623218429857913,0.6017260088933837,0.00623218429857913,0-NightAdv
471,113.957629,22.527692,6925,0.0005614872728562581,2.549677989525659e-05,0.0016713101731075106,0.0009312834681567431,-44.278238525576405,0.0007400267049507675,0.5572176147442359,0.0007400267049507675,0-NightAdv
472,113.965083,22.513068,3479,0.008773195742156912,0.00190999034576975,0.02611409377089128,0.0697634148571548,167.1485193750752,-0.04364932108626352,2.6714851937507524,0.04364932108626352,4-Severe
473,113.957726,22.528098,5092,0.0008151965566296561,4.243846660958587e-05,0.002426495423924143,0.0015500876004652638,-36.11825576994278,0.0008764078234588793,0.6388174423005722,0.0008764078234588793,0-NightAdv
474,113.964987,22.513056,5921,0.008773195742156912,0.00190999034576975,0.02611409377089128,0.0697634148571548,167.1485193750752,-0.04364932108626352,2.6714851937507524,0.04364932108626352,4-Severe
475,113.954948,22.529168,2305,0.010391090858596116,0.00043237773470464506,0.03092988336727993,0.015792827093605254,-48.93990738318738,0.015137056273674676,0.5106009261681262,0.015137056273674676,0-NightAdv
476,113.945567,22.539273,8265,0.03608798835731417,0.002346594324679387,0.10741868067952652,0.08571060777172534,-20.20884335059482,0.021708072907801176,0.7979115664940518,0.021708072907801176,0-NightAdv
477,113.941929,22.520923,3805,0.019108649795623316,0.0012471020181842876,0.05687836989664021,0.045551065562440075,-19.914959508832965,0.011327304334200136,0.8008504049116704,0.011327304334200136,0-NightAdv
478,113.957444,22.527278,5392,0.006965314055505345,0.00026943822351241457,0.02073279449529925,0.009841374647208483,-52.53232915881253,0.010891419848090765,0.47467670841187476,0.010891419848090767,0-NightAdv
479,113.965412,22.535254,9019,0.039799270564813416,0.0028850907603947653,0.11846559840771213,0.1053794769506274,-11.046347321901367,0.013086121457084737,0.8895365267809864,0.013086121457084739,0-NightAdv
480,113.958535,22.528971,8090,0.003648047913376554,8.288563339725055e-05,0.010858695974700587,0.0030274419141422737,-72.1196548720414,0.007831254060558315,0.27880345127958617,0.007831254060558315,0-NightAdv
481,113.958871,22.529765,4328,0.0036925213325522334,8.288563339725055e-05,0.010991074536948456,0.0030274419141422737,-72.45545097556216,0.007963632622806183,0.2754454902443786,0.007963632622806183,0-NightAdv
482,113.964879,22.542391,3963,0.03094521147374826,0.004261954525883508,0.09211080864210239,0.15567015945921578,69.00314062389137,-0.06355935081711339,1.6900314062389137,0.06355935081711339,4-Severe
483,113.949003,22.518687,5664,0.008052448868790217,0.0005566738632074475,0.02396873511375647,0.020332809401413507,-15.169451767424235,0.003635925712342964,0.8483054823257576,0.003635925712342964,0-NightAdv
484,113.961874,22.528407,9060,0.007115229095033219,0.0005419582099465573,0.021179028172850282,0.019795312326830235,-6.533424644072444,0.0013837158460200463,0.9346657535592755,0.0013837158460200463,0-NightAdv
485,113.970881,22.533064,7139,0.02601606493668866,0.0015927079047869806,0.0774388238075782,0.058174504679574246,-24.8768229949778,0.019264319128003957,0.751231770050222,0.019264319128003957,0-NightAdv
486,113.954425,22.520933,4470,0.0019601634522393714,8.407865132068249e-05,0.00583457769579734,0.0030710175293325493,-47.36521322623555,0.002763560166464791,0.5263478677376445,0.002763560166464791,0-NightAdv
487,113.96216,22.527778,5116,0.006730637158236164,0.0004960568245823073,0.020034260610810477,0.0181187397741068,-9.561225512211124,0.0019155208367036755,0.9043877448778888,0.0019155208367036755,0-NightAdv
488,113.947105,22.529955,3521,0.01962838732206518,0.001108709887801941,0.0584254087295407,0.04049621927684896,-30.687315403625902,0.017929189452691736,0.693126845963741,0.017929189452691733,0-NightAdv
489,113.960128,22.516925,11443,0.002063927847443355,0.00010884917738711943,0.006143440421088646,0.003975774189506332,-35.284239497812095,0.0021676662315823136,0.647157605021879,0.0021676662315823136,0-NightAdv
490,113.961501,22.531881,6501,0.01506415882565585,0.0009040218407310137,0.044839630587800064,0.033019879317468165,-26.36005496786543,0.011819751270331899,0.7363994503213457,0.011819751270331897,0-NightAdv
491,113.952289,22.528135,13032,0.0096344587753627,0.0004812440484756547,0.0286777096152824,0.017577695235843398,-38.70607007445178,0.011100014379439003,0.6129392992554822,0.011100014379439003,0-NightAdv
492,113.950248,22.520181,5906,0.008406385909815654,0.0004260611374631229,0.02502225601423255,0.015562110014421131,-37.806926739261755,0.009460145999811417,0.6219307326073825,0.009460145999811417,0-NightAdv
493,113.96545,22.519184,6596,0.008773195742156912,0.00190999034576975,0.02611409377089128,0.0697634148571548,167.1485193750752,-0.04364932108626352,2.6714851937507524,0.04364932108626352,4-Severe
494,113.959852,22.531114,6943,0.01365467707345683,0.0006652757198956114,0.04064419944422955,0.02429955007063938,-40.213977878978,0.01634464937359017,0.59786022121022,0.01634464937359017,0-NightAdv
495,113.973163,22.534832,8129,0.0828125231161371,0.008193920551549915,0.24649786208089686,0.299287313158626,21.41578455573154,-0.052789451077729144,1.2141578455573154,0.052789451077729144,3-Moderate
496,113.963615,22.51021,4416,0.008773195742156912,0.00190999034576975,0.02611409377089128,0.0697634148571548,167.1485193750752,-0.04364932108626352,2.6714851937507524,0.04364932108626352,4-Severe
497,113.950942,22.516397,2290,0.0073029077653543025,0.0003996159679066832,0.021737668210027435,0.014596186108669564,-32.85302743770629,0.007141482101357871,0.671469725622937,0.00714148210135787,0-NightAdv
498,113.958507,22.530716,7081,0.012580113178200888,0.0005642398639833677,0.037445677132834164,0.020609161610265825,-44.962507855960965,0.01683651552256834,0.5503749214403904,0.01683651552256834,0-NightAdv
499,113.954852,22.535586,4776,0.025937387188009496,0.0011345577420627884,0.07720463342050891,0.04144032592323102,-46.32404288804943,0.035764307497277895,0.5367595711195057,0.035764307497277895,0-NightAdv
500,113.957484,22.528959,9304,0.009054931111214774,0.00040376345174891786,0.02695270082610613,0.01474767516542841,-45.283126687088995,0.01220502566067772,0.5471687331291101,0.012205025660677722,0-NightAdv
