id,housetitle,address,quxian,shangquan,sqpinyin,money,price_per_m2,lng,lat,geocode_status,community_type,population,built_year,area_m2,supply
1,星海花园,深圳市南山区高新南七道104号,南山,粤海,粤海,996,279.9264218662403,113.916231,22.546877,OK,high_end,9265,2015,35599.45,1.49
2,金地雅园,深圳市南山区科苑路22号,南山,粤海,粤海,247,123.22370567394016,113.93485,22.527444,OK,commodity_housing,9949,2018,20077.88,1.795
3,华润豪庭,深圳市南山区高新南一道108号,南山,粤海,粤海,1516,267.77639420895207,113.935645,22.528029,OK,high_end,5747,2010,56636.18,1.474
4,中海公馆,深圳市南山区高新南七道89号,南山,粤海,粤海,1290,159.75773894779192,113.918479,22.526518,OK,high_end,6556,2014,80754.49,1.302
5,万科苑,深圳市南山区高新南七道2号,南山,粤海,粤海,442,188.81699724000254,113.957109,22.52315,OK,high_end,3775,2016,23438.85,1.855
6,招商邸,深圳市南山区科苑路190号,南山,粤海,粤海,257,111.4827893358836,113.92981,22.530638,OK,commodity_housing,10989,2010,23131.33,1.705
7,华侨城居,深圳市南山区南海大道188号,南山,粤海,粤海,2254,238.01267484957725,113.953239,22.518945,OK,high_end,9863,2013,94732.01,1.729
8,花样年家园,深圳市南山区高新南一道81号,南山,粤海,粤海,451,209.23222772633545,113.931195,22.526954,OK,high_end,3064,2013,21563.64,1.454
9,佳兆业名苑,深圳市南山区南海大道48号,南山,粤海,粤海,2424,217.41760112073052,113.929679,22.506525,OK,high_end,9184,2013,111495.97,1.71
10,龙光邸,深圳市南山区深圳湾口岸175号,南山,粤海,粤海,1849,220.8322387742924,113.92211,22.541586,OK,high_end,5731,2012,83755.75,1.732
11,卓越花园,深圳市南山区深圳湾口岸179号,南山,粤海,粤海,591,81.77933887208667,113.930124,22.507264,OK,commodity_housing,9938,2011,72273.28,1.457
12,华联雅园,深圳市南山区深圳湾口岸143号,南山,粤海,粤海,690,97.45045604042124,113.952473,22.531496,OK,commodity_housing,8116,2011,70857.07,1.853
13,天悦豪庭,深圳市南山区高新南七道28号,南山,粤海,粤海,1404,124.33826295572965,113.935223,22.521598,OK,commodity_housing,8915,2018,112969.77,1.685
14,龙瑞公馆,深圳市南山区南海大道129号,南山,粤海,粤海,550,104.94084866538824,113.937297,22.539434,OK,commodity_housing,8450,2016,52434.5,1.273
15,阳光苑,深圳市南山区高新南一道172号,南山,粤海,粤海,679,95.54754673295112,113.936653,22.539844,OK,commodity_housing,11901,2009,71074.73,1.45
16,翠湖邸,深圳市南山区高新南七道12号,南山,粤海,粤海,1336,148.02474579046725,113.935174,22.532709,OK,commodity_housing,4495,2010,90301.9,1.418
17,碧海居,深圳市南山区高新南七道160号,南山,粤海,粤海,1903,171.73423081368347,113.934844,22.541922,OK,high_end,8855,2012,110826.59,1.344
18,金湾家园,深圳市南山区深圳湾口岸116号,南山,粤海,粤海,1540,270.47096345698435,113.919313,22.522586,OK,high_end,3202,2013,56965.45,1.345
19,银湖名苑,深圳市南山区高新南一道148号,南山,粤海,粤海,1349,256.67242986570267,113.946107,22.526839,OK,high_end,3659,2011,52595.89,1.573
20,玉泉邸,深圳市南山区高新南七道185号,南山,粤海,粤海,1001,170.62814162189898,113.932012,22.524139,OK,high_end,4959,2012,58673.53,1.762
21,宝安花园,深圳市南山区科苑路129号,南山,粤海,粤海,1190,117.07554048492045,113.954585,22.544935,OK,commodity_housing,9287,2010,101722.22,1.533
22,瑞景雅园,深圳市南山区高新南一道148号,南山,粤海,粤海,1395,258.8933518305359,113.955945,22.541872,OK,high_end,10158,2016,53902.98,1.41
23,盛世豪庭,深圳市南山区深圳湾口岸146号,南山,粤海,粤海,264,126.4451238375639,113.951568,22.513775,OK,commodity_housing,11445,2015,20919.71,1.605
24,雅居公馆,深圳市南山区深圳湾口岸48号,南山,粤海,粤海,409,96.607436124776,113.943167,22.541014,OK,commodity_housing,3956,2017,42426.93,1.627
25,锦绣苑,深圳市南山区深圳湾口岸51号,南山,粤海,粤海,1329,187.56927279083763,113.934599,22.509815,OK,high_end,7555,2011,70881.41,1.582
26,绿景邸,深圳市南山区高新南七道61号,南山,粤海,粤海,1187,140.4917295550332,113.94876,22.516912,OK,commodity_housing,7893,2017,84510.34,1.77
27,振业居,深圳市南山区南海大道37号,南山,粤海,粤海,1222,105.9111090178811,113.918984,22.528081,OK,commodity_housing,5205,2010,115392.86,1.749
28,金成家园,深圳市南山区深圳湾口岸160号,南山,粤海,粤海,2259,194.16733381043787,113.945794,22.522781,OK,high_end,3606,2015,116362.0,1.832
29,星海名苑,深圳市南山区科苑路127号,南山,粤海,粤海,777,86.8023545639538,113.940267,22.520858,OK,commodity_housing,9709,2009,89602.98,1.542
30,金地邸,深圳市南山区科苑路26号,南山,粤海,粤海,784,232.92299653618616,113.910596,22.525177,OK,high_end,11096,2009,33662.13,1.709
31,华润花园,深圳市南山区高新南七道98号,南山,粤海,粤海,1688,282.992572342599,113.943953,22.505433,OK,high_end,9655,2010,59678.38,1.62
32,中海雅园,深圳市南山区科苑路58号,南山,粤海,粤海,665,100.05788764897991,113.94845,22.537015,OK,commodity_housing,7146,2015,66559.8,1.684
33,万科豪庭,深圳市南山区深圳湾口岸116号,南山,粤海,粤海,528,112.008561312961,113.936027,22.528199,OK,commodity_housing,6124,2015,47154.29,1.779
34,招商公馆,深圳市南山区高新南一道145号,南山,粤海,粤海,432,130.02165729259664,113.918374,22.538354,OK,commodity_housing,10987,2008,33274.54,1.782
35,华侨城苑,深圳市南山区南海大道117号,南山,粤海,粤海,1079,96.78511514101822,113.925233,22.535207,OK,commodity_housing,4081,2011,111521.37,1.465
36,花样年邸,深圳市南山区高新南一道86号,南山,粤海,粤海,790,97.34116926508102,113.925657,22.516953,OK,commodity_housing,3580,2018,81172.07,1.452
37,佳兆业居,深圳市南山区深圳湾口岸23号,南山,粤海,粤海,1217,175.98028048650227,113.938237,22.528294,OK,high_end,9617,2013,69161.59,1.484
38,龙光家园,深圳市南山区南海大道69号,南山,粤海,粤海,669,145.3405415655638,113.960374,22.535904,OK,commodity_housing,5849,2012,46089.36,1.639
39,卓越名苑,深圳市南山区高新南七道33号,南山,粤海,粤海,1222,107.17189483445654,113.928049,22.512219,OK,commodity_housing,9303,2013,114023.02,1.545
40,华联邸,深圳市南山区高新南七道29号,南山,粤海,粤海,1675,285.8025962934096,113.920245,22.531962,OK,high_end,8387,2014,58610.26,1.777
41,天悦花园,深圳市南山区高新南一道105号,南山,粤海,粤海,607,103.8437198624968,113.937558,22.529191,OK,commodity_housing,11967,2014,58539.66,1.609
42,龙瑞雅园,深圳市南山区高新南七道138号,南山,粤海,粤海,353,147.73063860641733,113.915605,22.528483,OK,commodity_housing,3412,2012,23918.63,1.967
43,阳光豪庭,深圳市南山区深圳湾口岸12号,南山,粤海,粤海,1260,280.06749108145834,113.920887,22.535363,OK,high_end,8073,2013,45001.64,1.548
44,翠湖公馆,深圳市南山区南海大道86号,南山,粤海,粤海,684,225.78785586717856,113.916034,22.537072,OK,high_end,5914,2014,30312.39,1.742
45,碧海苑,深圳市南山区深圳湾口岸69号,南山,粤海,粤海,1004,114.51179604402634,113.934175,22.530675,OK,commodity_housing,3717,2013,87676.99,1.49
46,金湾邸,深圳市南山区深圳湾口岸181号,南山,粤海,粤海,2556,268.4427214191831,113.932532,22.536866,OK,high_end,8588,2012,95237.45,1.675
47,银湖居,深圳市南山区深圳湾口岸7号,南山,粤海,粤海,832,242.73270949743915,113.933389,22.528056,OK,high_end,7846,2019,34299.17,1.657
48,玉泉家园,深圳市南山区高新南一道136号,南山,粤海,粤海,1474,162.72565711277878,113.929428,22.530791,OK,high_end,9938,2015,90624.22,1.249
49,宝安名苑,深圳市南山区深圳湾口岸108号,南山,粤海,粤海,818,85.84505016890681,113.927695,22.535372,OK,commodity_housing,4324,2014,95337.82,1.426
50,瑞景邸,深圳市南山区高新南七道61号,南山,粤海,粤海,177,83.94122929772861,113.923913,22.523738,OK,commodity_housing,7268,2013,21135.36,1.481
51,盛世花园,深圳市南山区深圳湾口岸134号,南山,粤海,粤海,1553,229.25551819458138,113.944202,22.509304,OK,high_end,4214,2015,67771.49,1.771
52,雅居雅园,深圳市南山区高新南七道164号,南山,粤海,粤海,1508,288.6964995335394,113.943806,22.502073,OK,high_end,4852,2014,52268.64,1.667
53,锦绣豪庭,深圳市南山区南海大道12号,南山,粤海,粤海,1278,106.8941281965454,113.909399,22.518991,OK,commodity_housing,6486,2012,119583.14,1.631
54,绿景公馆,深圳市南山区科苑路136号,南山,粤海,粤海,764,93.16848118066329,113.936566,22.527584,OK,commodity_housing,10575,2012,82013.26,1.366
55,振业苑,深圳市南山区高新南七道157号,南山,粤海,粤海,913,101.66693314004294,113.925118,22.541016,OK,commodity_housing,9042,2010,89816.17,1.522
56,金成邸,深圳市南山区科苑路56号,南山,粤海,粤海,890,144.34235862848917,113.936429,22.529584,OK,commodity_housing,8713,2011,61663.91,1.549
57,星海居,深圳市南山区南海大道86号,南山,粤海,粤海,2839,239.11960730282027,113.946034,22.517194,OK,high_end,5193,2013,118727.61,1.606
58,金地家园,深圳市南山区高新南七道197号,南山,粤海,粤海,360,152.05079472404958,113.942603,22.513997,OK,high_end,4633,2013,23682.19,1.654
59,华润名苑,深圳市南山区南海大道51号,南山,粤海,粤海,2283,217.58162029651402,113.962906,22.52795,OK,high_end,7809,2018,104964.74,1.584
60,中海邸,深圳市南山区科苑路162号,南山,粤海,粤海,1821,190.3008723037961,113.934102,22.533732,OK,high_end,7976,2015,95699.91,1.228
61,万科花园,深圳市南山区深圳湾口岸85号,南山,粤海,粤海,349,121.29691279963453,113.911981,22.531467,OK,commodity_housing,11580,2014,28840.82,1.76
62,招商雅园,深圳市南山区高新南一道179号,南山,粤海,粤海,1149,208.83660676495984,113.920562,22.510689,OK,high_end,9881,2017,55058.76,1.554
63,华侨城豪庭,深圳市南山区高新南七道138号,南山,粤海,粤海,1204,146.46644365603495,113.943036,22.522476,OK,commodity_housing,7637,2016,82208.67,1.883
64,花样年公馆,深圳市南山区深圳湾口岸126号,南山,粤海,粤海,754,114.48326657950088,113.947339,22.521867,OK,commodity_housing,8971,2013,65913.58,1.897
65,佳兆业苑,深圳市南山区高新南七道184号,南山,粤海,粤海,1062,177.01009085239477,113.930503,22.523001,OK,high_end,9238,2007,60030.05,1.619
66,龙光邸,深圳市南山区深圳湾口岸5号,南山,粤海,粤海,2153,183.57735988594808,113.914194,22.540901,OK,high_end,7188,2020,117311.03,1.582
67,卓越居,深圳市南山区科苑路47号,南山,粤海,粤海,337,102.51079352760203,113.929525,22.536047,OK,commodity_housing,5593,2009,32874.84,1.398
68,华联家园,深圳市南山区南海大道99号,南山,粤海,粤海,812,140.78107749249108,113.933411,22.526352,OK,commodity_housing,5878,2013,57728.6,1.202
69,天悦名苑,深圳市南山区高新南一道56号,南山,粤海,粤海,1165,159.3512043766862,113.937344,22.533373,OK,high_end,11150,2013,73126.58,1.632
70,龙瑞邸,深圳市南山区高新南一道115号,南山,粤海,粤海,2659,280.0822471612085,113.947894,22.542281,OK,high_end,5797,2014,94961.62,1.218
71,阳光花园,深圳市南山区南海大道13号,南山,粤海,粤海,691,167.96431977288768,113.935357,22.53553,OK,high_end,4296,2014,41144.8,1.396
72,翠湖雅园,深圳市南山区科苑路111号,南山,粤海,粤海,1610,230.56598127278215,113.919179,22.517452,OK,high_end,3232,2010,69844.22,1.252
73,碧海豪庭,深圳市南山区深圳湾口岸198号,南山,粤海,粤海,1720,203.41450888467693,113.934654,22.515918,OK,high_end,5739,2009,84591.72,1.542
74,金湾公馆,深圳市南山区南海大道131号,南山,粤海,粤海,788,139.55722624853024,113.929771,22.523903,OK,commodity_housing,4733,2010,56535.68,1.493
75,银湖苑,深圳市南山区高新南一道62号,南山,粤海,粤海,935,91.96213111730461,113.923645,22.526237,OK,commodity_housing,8966,2016,101707.21,1.355
76,玉泉邸,深圳市南山区高新南一道20号,南山,粤海,粤海,995,102.65754654829706,113.94908,22.521307,OK,commodity_housing,9316,2014,96949.29,1.576
77,宝安居,深圳市南山区南海大道134号,南山,粤海,粤海,415,117.281260278611,113.935153,22.531212,OK,commodity_housing,4917,2013,35436.27,1.489
78,瑞景家园,深圳市南山区深圳湾口岸73号,南山,粤海,粤海,655,163.18021668639852,113.933052,22.53122,OK,high_end,5219,2014,40173.05,1.611
79,盛世名苑,深圳市南山区深圳湾口岸120号,南山,粤海,粤海,1141,108.59628050551419,113.936071,22.511357,OK,commodity_housing,10984,2017,105072.75,1.648
80,雅居邸,深圳市南山区高新南一道105号,南山,粤海,粤海,2600,276.2743165137408,113.940731,22.527673,OK,high_end,5560,2015,94112.06,1.545
81,锦绣花园,深圳市南山区科苑路89号,南山,粤海,粤海,1646,197.42948734447418,113.935071,22.505613,OK,high_end,10546,2015,83375.86,1.745
82,绿景雅园,深圳市南山区南海大道153号,南山,粤海,粤海,876,132.3326566123376,113.929827,22.516451,OK,commodity_housing,9943,2012,66267.98,1.381
83,振业豪庭,深圳市南山区高新南一道42号,南山,粤海,粤海,767,103.2971050138739,113.928262,22.536646,OK,commodity_housing,7018,2016,74284.93,1.459
84,金成公馆,深圳市南山区南海大道97号,南山,粤海,粤海,1967,268.2895816836796,113.94925,22.545066,OK,high_end,8408,2014,73346.11,1.736
85,星海苑,深圳市南山区高新南七道109号,南山,粤海,粤海,2941,273.1885957008019,113.929179,22.506992,OK,high_end,7612,2014,107676.56,1.405
86,金地邸,深圳市南山区科苑路155号,南山,粤海,粤海,903,258.33788525895994,113.942742,22.535988,OK,high_end,6719,2012,34991.74,1.338
87,华润居,深圳市南山区科苑路46号,南山,粤海,粤海,461,120.83742563362844,113.922723,22.51294,OK,commodity_housing,8779,2016,38159.77,1.745
88,中海家园,深圳市南山区高新南七道100号,南山,粤海,粤海,554,121.50740336811751,113.915843,22.511121,OK,commodity_housing,3984,2018,45601.55,1.636
89,万科名苑,深圳市南山区南海大道11号,南山,粤海,粤海,928,161.5981598233181,113.954302,22.517191,OK,high_end,11795,2011,57443.54,1.537
90,招商邸,深圳市南山区高新南一道168号,南山,粤海,粤海,2993,288.12628239260584,113.931979,22.528964,OK,high_end,6417,2015,103889.81,1.275
91,华侨城花园,深圳市南山区科苑路75号,南山,粤海,粤海,1705,212.17568763054416,113.926728,22.521339,OK,high_end,7212,2017,80372.15,1.269
92,花样年雅园,深圳市南山区高新南一道179号,南山,粤海,粤海,1732,154.92700053651575,113.946542,22.521932,OK,high_end,11609,2012,111845.47,1.727
93,佳兆业豪庭,深圳市南山区科苑路49号,南山,粤海,粤海,935,95.4068049856768,113.93518,22.544173,OK,commodity_housing,9320,2016,98049.57,1.367
94,龙光公馆,深圳市南山区南海大道71号,南山,粤海,粤海,1840,299.53113777689214,113.946757,22.552206,OK,high_end,7243,2013,61462.41,1.251
95,卓越苑,深圳市南山区高新南一道18号,南山,粤海,粤海,1380,206.65889211602538,113.933449,22.526941,OK,high_end,5079,2018,66823.18,1.575
96,华联邸,深圳市南山区高新南七道129号,南山,粤海,粤海,763,119.17482319157526,113.929537,22.547233,OK,commodity_housing,9645,2013,64076.27,1.44
97,天悦居,深圳市南山区科苑路135号,南山,粤海,粤海,1055,173.42288960492854,113.933931,22.529824,OK,high_end,9305,2009,60873.42,1.215
98,龙瑞家园,深圳市南山区南海大道67号,南山,粤海,粤海,659,152.95658066315463,113.934589,22.527362,OK,high_end,8954,2011,43107.48,1.603
99,阳光名苑,深圳市南山区科苑路7号,南山,粤海,粤海,1044,89.87572941443995,113.946851,22.517873,OK,commodity_housing,5538,2013,116264.93,1.889
100,翠湖邸,深圳市南山区科苑路2号,南山,粤海,粤海,795,246.43883454213798,113.921203,22.512695,OK,high_end,7242,2012,32277.69,1.726
101,碧海花园,深圳市南山区南海大道53号,南山,粤海,粤海,472,201.77882173219135,113.949807,22.518685,OK,high_end,7566,2011,23422.81,1.839
102,金湾雅园,深圳市南山区南海大道114号,南山,粤海,粤海,388,114.12018387746596,113.927677,22.553527,OK,commodity_housing,4387,2009,34011.32,1.721
103,银湖豪庭,深圳市南山区科苑路29号,南山,粤海,粤海,505,148.90815264924865,113.942448,22.529059,OK,commodity_housing,10368,2011,33935.61,1.884
104,玉泉公馆,深圳市南山区科苑路17号,南山,粤海,粤海,2635,236.47747132713803,113.938602,22.53472,OK,high_end,9981,2018,111429.88,1.271
105,宝安苑,深圳市南山区深圳湾口岸190号,南山,粤海,粤海,962,138.6674874224807,113.923467,22.535811,OK,commodity_housing,9136,2014,69427.39,1.544
106,瑞景邸,深圳市南山区科苑路29号,南山,粤海,粤海,1146,122.22064766264717,113.933694,22.527844,OK,commodity_housing,8941,2016,93803.36,1.25
107,盛世居,深圳市南山区深圳湾口岸56号,南山,粤海,粤海,984,145.57808175273306,113.928794,22.53318,OK,commodity_housing,4333,2014,67605.04,1.598
108,雅居家园,深圳市南山区高新南一道154号,南山,粤海,粤海,1529,146.86654189064353,113.935191,22.528852,OK,commodity_housing,4762,2015,104152.97,1.708
109,锦绣名苑,深圳市南山区深圳湾口岸108号,南山,粤海,粤海,871,137.33716223719398,113.925483,22.529554,OK,commodity_housing,4639,2013,63482.73,1.348
110,绿景邸,深圳市南山区深圳湾口岸17号,南山,粤海,粤海,808,144.211950282357,113.932405,22.520835,OK,commodity_housing,9667,2019,56097.39,1.255
111,振业小区,深圳市南山区前海路143号,南山,南山,南山,134,47.584095315900626,113.927336,22.526982,OK,urban_village,4150,2005,28241.9,1.188
112,金成苑,深圳市南山区南新路86号,南山,南山,南山,154,149.95474496960844,113.917603,22.528936,OK,commodity_housing,2046,2007,10296.6,0.953
113,星海园,深圳市南山区学府路146号,南山,南山,南山,210,46.55106627473283,113.918644,22.529622,OK,urban_village,10407,1999,45165.96,0.885
114,金地居,深圳市南山区学府路37号,南山,南山,南山,306,113.67433186908605,113.903961,22.528008,OK,commodity_housing,3182,2005,26964.26,0.999
115,华润新区,深圳市南山区桂庙路170号,南山,南山,南山,86,38.004202746968296,113.908472,22.528166,OK,urban_village,9040,2001,22707.82,1.132
116,中海家园,深圳市南山区学府路123号,南山,南山,南山,61,34.59909724799314,113.924562,22.523573,OK,urban_village,5641,2000,17856.39,0.711
117,万科大厦,深圳市南山区前海路133号,南山,南山,南山,646,109.24367475171337,113.925715,22.5299,OK,commodity_housing,3771,2013,59172.34,1.061
118,招商村,深圳市南山区南头街181号,南山,南山,南山,67,39.72771336177237,113.917992,22.529927,OK,urban_village,3565,1999,17030.09,1.029
119,华侨城花园,深圳市南山区学府路62号,南山,南山,南山,79,46.97795768905412,113.927383,22.529275,OK,urban_village,4228,1998,16852.63,0.851
120,花样年小区,深圳市南山区桂庙路110号,南山,南山,南山,251,125.4752654294658,113.915219,22.527597,OK,commodity_housing,6867,2001,20046.93,1.452
121,佳兆业苑,深圳市南山区南新路61号,南山,南山,南山,846,144.9426598236649,113.918471,22.533855,OK,commodity_housing,2053,2004,58393.34,1.13
122,龙光园,深圳市南山区桂庙路120号,南山,南山,南山,672,112.43665237509339,113.917272,22.541312,OK,commodity_housing,4109,2004,59809.46,1.138
123,卓越居,深圳市南山区学府路153号,南山,南山,南山,321,113.36737798312578,113.91799,22.529233,OK,commodity_housing,3640,1998,28340.83,0.764
124,华联新区,深圳市南山区南新路146号,南山,南山,南山,40,42.39285732124375,113.918467,22.529376,OK,urban_village,3354,2003,9648.72,0.603
125,天悦家园,深圳市南山区学府路80号,南山,南山,南山,105,43.347747973842544,113.922229,22.532361,OK,urban_village,3991,2006,24265.17,1.119
126,龙瑞大厦,深圳市南山区学府路166号,南山,南山,南山,29,27.6458523457146,113.90782,22.514299,OK,urban_village,4104,2002,10638.14,1.114
127,阳光村,深圳市南山区桂庙路12号,南山,南山,南山,58,38.904543375993924,113.925228,22.547999,OK,urban_village,8906,2001,15002.91,0.601
128,翠湖花园,深圳市南山区前海路192号,南山,南山,南山,579,98.18625067449119,113.92431,22.530253,OK,commodity_housing,3690,2003,59021.68,0.979
129,碧海小区,深圳市南山区前海路148号,南山,南山,南山,356,87.17568095934755,113.901382,22.525735,OK,commodity_housing,3435,2007,40896.34,1.16
130,金湾苑,深圳市南山区学府路50号,南山,南山,南山,83,26.44801151396996,113.917432,22.52862,OK,urban_village,3440,2001,31465.39,0.884
131,银湖园,深圳市南山区学府路58号,南山,南山,南山,384,137.50590631852086,113.932845,22.52908,OK,commodity_housing,4428,2000,27947.84,0.639
132,玉泉居,深圳市南山区桂庙路157号,南山,南山,南山,798,139.79468421230962,113.921497,22.530023,OK,commodity_housing,5356,2004,57103.79,0.661
133,宝安新区,深圳市南山区桂庙路187号,南山,南山,南山,179,43.28175167434214,113.91247,22.547632,OK,urban_village,8058,2007,41534.28,0.82
134,瑞景家园,深圳市南山区南头街25号,南山,南山,南山,66,30.327617600627082,113.934308,22.526303,OK,urban_village,8026,2007,21877.62,0.738
135,盛世大厦,深圳市南山区南新路199号,南山,南山,南山,712,133.96452912508363,113.915294,22.517919,OK,commodity_housing,2984,2004,53168.4,1.011
136,雅居村,深圳市南山区南头街126号,南山,南山,南山,125,37.03805878781375,113.915974,22.527943,OK,urban_village,8055,2002,33995.7,1.519
137,锦绣花园,深圳市南山区桂庙路72号,南山,南山,南山,275,110.32727242801589,113.914271,22.521299,OK,commodity_housing,7109,2000,24948.12,1.269
138,绿景小区,深圳市南山区南头街33号,南山,南山,南山,739,125.98887002951452,113.903399,22.533302,OK,commodity_housing,3389,2000,58684.39,1.114
139,振业苑,深圳市南山区前海路161号,南山,南山,南山,89,40.45389335795298,113.937095,22.524145,OK,urban_village,9131,1998,22017.39,0.899
140,金成园,深圳市南山区桂庙路116号,南山,南山,南山,306,85.77559741082949,113.9178,22.529921,OK,commodity_housing,2001,2002,35780.59,1.13
141,星海居,深圳市南山区学府路61号,南山,南山,南山,160,87.31974882340802,113.913559,22.535522,OK,commodity_housing,6238,2009,18407.81,0.767
142,金地新区,深圳市南山区南新路92号,南山,南山,南山,138,129.63423636156415,113.917812,22.529331,OK,commodity_housing,5144,2005,10702.51,0.925
143,华润家园,深圳市南山区南头街188号,南山,南山,南山,106,41.08944237991312,113.920385,22.522923,OK,urban_village,2607,2011,25847.83,0.871
144,中海大厦,深圳市南山区学府路55号,南山,南山,南山,514,123.101941535957,113.917793,22.528216,OK,commodity_housing,4134,2001,41815.3,0.888
145,万科村,深圳市南山区南头街59号,南山,南山,南山,16,33.307865633877725,113.901912,22.53305,OK,urban_village,2706,2005,5093.23,1.086
146,招商花园,深圳市南山区桂庙路159号,南山,南山,南山,35,29.35483341445634,113.915427,22.526443,OK,urban_village,8636,2007,11955.95,1.536
147,华侨城小区,深圳市南山区南新路117号,南山,南山,南山,77,39.70145945225198,113.901921,22.539386,OK,urban_village,9075,1997,19580.13,1.022
148,花样年苑,深圳市南山区桂庙路143号,南山,南山,南山,39,36.645320175506214,113.907436,22.53814,OK,urban_village,3794,1996,10915.35,0.962
149,佳兆业园,深圳市南山区南头街84号,南山,南山,南山,332,108.35145593562251,113.919522,22.547004,OK,commodity_housing,5052,2003,30732.6,0.658
150,龙光居,深圳市南山区前海路45号,南山,南山,南山,59,44.33682814216502,113.914999,22.528016,OK,urban_village,10619,2001,13461.5,1.23
151,卓越新区,深圳市南山区前海路1号,南山,南山,南山,188,121.15190597772708,113.91842,22.535146,OK,commodity_housing,6957,1993,15579.34,0.87
152,华联家园,深圳市南山区南头街120号,南山,南山,南山,463,117.34583477097868,113.917874,22.537903,OK,commodity_housing,5192,2003,39487.98,0.814
153,天悦大厦,深圳市南山区桂庙路1号,南山,南山,南山,35,48.41514230737404,113.922413,22.517902,OK,urban_village,4339,2009,7236.82,0.919
154,龙瑞村,深圳市南山区桂庙路43号,南山,南山,南山,38,28.70858002405222,113.925161,22.536906,OK,urban_village,7578,2012,13530.47,0.625
155,阳光花园,深圳市南山区桂庙路52号,南山,南山,南山,46,28.14353779516622,113.925067,22.530775,OK,urban_village,9038,2001,16557.69,0.919
156,翠湖小区,深圳市南山区桂庙路86号,南山,南山,南山,73,36.09375548261428,113.916753,22.525738,OK,urban_village,9575,2007,20274.19,1.004
157,碧海苑,深圳市南山区学府路72号,南山,南山,南山,65,44.21298411309478,113.917515,22.544548,OK,urban_village,8657,2003,14806.47,1.119
158,金湾园,深圳市南山区南头街161号,南山,南山,南山,72,28.98218613107013,113.923701,22.51061,OK,urban_village,5524,2004,25122.62,0.809
159,银湖居,深圳市南山区南新路82号,南山,南山,南山,112,41.68983463908962,113.902028,22.540577,OK,urban_village,9514,2001,26952.54,0.947
160,玉泉新区,深圳市南山区南头街76号,南山,南山,南山,41,33.20953069712703,113.923023,22.525156,OK,urban_village,7850,2000,12347.63,0.989
161,宝安家园,深圳市南山区南新路194号,南山,南山,南山,45,40.086214834534445,113.908441,22.522109,OK,urban_village,11327,1998,11337.36,0.796
162,瑞景大厦,深圳市南山区南头街12号,南山,南山,南山,712,136.96364018237105,113.909864,22.5319,OK,commodity_housing,4863,1993,52052.7,1.185
163,盛世村,深圳市南山区桂庙路151号,南山,南山,南山,93,38.03085331213336,113.924869,22.53933,OK,urban_village,11535,2012,24627.31,1.029
164,雅居花园,深圳市南山区桂庙路19号,南山,南山,南山,108,29.928853164321936,113.900105,22.538303,OK,urban_village,7643,2005,36161.71,0.97
165,锦绣小区,深圳市南山区前海路158号,南山,南山,南山,506,101.79153894092025,113.926591,22.53636,OK,commodity_housing,3692,2011,49757.35,0.923
166,绿景苑,深圳市南山区南新路39号,南山,南山,南山,183,127.6782497775488,113.916734,22.524137,OK,commodity_housing,4137,2003,14338.08,0.709
167,振业园,深圳市南山区南头街172号,南山,南山,南山,792,136.41947848426108,113.902596,22.527544,OK,commodity_housing,7047,2000,58072.2,0.978
168,金成居,深圳市南山区南头街15号,南山,南山,南山,85,30.701994298723314,113.931414,22.533753,OK,urban_village,8684,2004,27875.58,1.131
169,星海新区,深圳市南山区前海路167号,南山,南山,南山,63,45.56535796284196,113.911068,22.524193,OK,urban_village,3472,2003,14024.25,0.919
170,金地家园,深圳市南山区前海路161号,南山,南山,南山,289,96.46649093613894,113.916959,22.528174,OK,commodity_housing,5040,2003,30045.13,0.692
171,华润大厦,深圳市南山区南头街2号,南山,南山,南山,243,121.61334346303212,113.918437,22.53206,OK,commodity_housing,3546,1998,20061.25,0.835
172,中海村,深圳市南山区学府路24号,南山,南山,南山,405,130.71617959790328,113.915983,22.542979,OK,commodity_housing,5906,1999,31021.28,0.878
173,万科花园,深圳市南山区南头街136号,南山,南山,南山,265,121.70255097322698,113.919585,22.531654,OK,commodity_housing,7101,2005,21774.56,0.987
174,招商小区,深圳市南山区桂庙路8号,南山,南山,南山,59,26.748290142735854,113.912932,22.535608,OK,urban_village,3107,2001,22197.68,0.968
175,华侨城苑,深圳市南山区南头街35号,南山,南山,南山,540,126.3287432894565,113.928443,22.520203,OK,commodity_housing,2341,2001,42813.32,1.196
176,花样年园,深圳市南山区南头街55号,南山,南山,南山,343,92.27120596503617,113.916759,22.519841,OK,commodity_housing,2661,1996,37239.43,1.175
177,佳兆业居,深圳市南山区前海路65号,南山,南山,南山,52,48.17502419810738,113.915927,22.529525,OK,urban_village,9846,1992,10821.41,1.195
178,龙光新区,深圳市南山区前海路142号,南山,南山,南山,651,137.824734117677,113.924264,22.520402,OK,commodity_housing,6551,2000,47274.06,0.677
179,卓越家园,深圳市南山区学府路150号,南山,南山,南山,47,40.01485833401543,113.921696,22.53337,OK,urban_village,4896,1999,11907.58,0.868
180,华联大厦,深圳市南山区学府路158号,南山,南山,南山,65,45.43624271227979,113.896176,22.530416,OK,urban_village,10835,2001,14420.16,0.901
181,天悦村,深圳市南山区学府路20号,南山,南山,南山,224,90.76538047676218,113.931754,22.516751,OK,commodity_housing,2072,2000,24771.45,0.614
182,龙瑞花园,深圳市南山区南头街110号,南山,南山,南山,403,122.44596611033629,113.899603,22.52091,OK,commodity_housing,2792,2000,32926.43,0.913
183,阳光小区,深圳市南山区前海路25号,南山,南山,南山,483,113.47638161336505,113.932643,22.519115,OK,commodity_housing,3048,1991,42647.96,0.673
184,翠湖苑,深圳市南山区南新路60号,南山,南山,南山,351,115.42993039881708,113.918192,22.531749,OK,commodity_housing,6223,2002,30489.89,0.787
185,碧海园,深圳市南山区学府路178号,南山,南山,南山,49,30.29388376663696,113.918004,22.529994,OK,urban_village,9010,2008,16358.05,0.715
186,金湾居,深圳市南山区学府路7号,南山,南山,南山,24,32.58187868918989,113.932294,22.53543,OK,urban_village,7478,2007,7584.81,0.673
187,银湖新区,深圳市南山区前海路166号,南山,南山,南山,494,123.6727085404147,113.917513,22.528719,OK,commodity_housing,4148,1997,39991.41,0.784
188,玉泉家园,深圳市南山区桂庙路86号,南山,南山,南山,490,116.7853235378048,113.915429,22.531288,OK,commodity_housing,7693,2005,42011.94,0.813
189,宝安大厦,深圳市南山区南头街13号,南山,南山,南山,558,117.47170920168142,113.923328,22.528768,OK,commodity_housing,4708,2000,47535.07,0.682
190,瑞景村,深圳市南山区学府路191号,南山,南山,南山,11,31.646278416357838,113.923291,22.530404,OK,urban_village,4785,2002,3650.18,0.823
191,盛世花园,深圳市南山区南新路21号,南山,南山,南山,86,34.861906964250885,113.912148,22.530024,OK,urban_village,7119,1997,24932.72,1.073
192,雅居小区,深圳市南山区桂庙路97号,南山,南山,南山,577,136.62184231454296,113.920819,22.529204,OK,commodity_housing,2016,2002,42251.99,1.166
193,锦绣苑,深圳市南山区南头街188号,南山,南山,南山,526,124.56687775170451,113.918457,22.529289,OK,commodity_housing,6854,2004,42286.4,1.137
194,绿景园,深圳市南山区学府路129号,南山,南山,南山,60,27.11980040114508,113.899513,22.535927,OK,urban_village,9483,2004,22170.69,0.814
195,振业居,深圳市南山区学府路135号,南山,南山,南山,275,104.47922608220946,113.91941,22.530686,OK,commodity_housing,6327,2002,26369.07,0.778
196,金成新区,深圳市南山区南新路38号,南山,南山,南山,310,84.80989827627874,113.919647,22.522369,OK,commodity_housing,7380,2000,36580.03,1.098
197,星海家园,深圳市南山区南头街169号,南山,南山,南山,45,40.37532420097166,113.927831,22.535617,OK,urban_village,4776,2006,11223.57,0.673
198,金地大厦,深圳市南山区桂庙路181号,南山,南山,南山,24,27.84891586785793,113.928188,22.527372,OK,urban_village,10961,1999,8976.65,0.885
199,华润村,深圳市南山区学府路78号,南山,南山,南山,119,86.65081892946132,113.92805,22.524499,OK,commodity_housing,6878,1998,13762.01,0.959
200,中海花园,深圳市南山区南头街120号,南山,南山,南山,192,93.8229342901956,113.905481,22.535011,OK,commodity_housing,6083,2003,20516.02,0.862
201,万科村,深圳市南山区兴华路86号,南山,蛇口,蛇口,1095,259.273601574242,113.920767,22.4872,OK,high_end,8665,2002,42237.76,1.496
202,招商苑,深圳市南山区太子路95号,南山,蛇口,蛇口,151,86.43096213970313,113.904135,22.481268,OK,commodity_housing,5037,2005,17556.06,1.428
203,华侨城居,深圳市南山区海滨社区30号,南山,蛇口,蛇口,544,119.55153950013113,113.900243,22.488274,OK,commodity_housing,2876,2012,45585.24,1.248
204,花样年园,深圳市南山区海滨社区3号,南山,蛇口,蛇口,411,97.26752051651361,113.915129,22.476634,OK,commodity_housing,7779,2000,42309.02,1.16
205,佳兆业湾,深圳市南山区望海路112号,南山,蛇口,蛇口,1092,178.20371019231243,113.906476,22.487872,OK,high_end,2928,1995,61314.99,1.399
206,龙光邸,深圳市南山区望海路162号,南山,蛇口,蛇口,1043,151.65474213936986,113.90692,22.474455,OK,high_end,4149,2010,68797.48,1.475
207,卓越公馆,深圳市南山区工业八路154号,南山,蛇口,蛇口,166,43.05177345506843,113.904924,22.471066,OK,urban_village,9178,2002,38608.15,1.324
208,华联花园,深圳市南山区望海路119号,南山,蛇口,蛇口,16,34.69183986875986,113.895989,22.494499,OK,urban_village,12444,2011,4614.73,1.173
209,天悦邨,深圳市南山区兴华路60号,南山,蛇口,蛇口,133,45.12472499201924,113.912976,22.478941,OK,urban_village,8443,2004,29633.6,1.428
210,龙瑞村,深圳市南山区兴华路192号,南山,蛇口,蛇口,119,30.246049871410236,113.897035,22.502307,OK,urban_village,14493,1999,39488.84,1.502
211,阳光苑,深圳市南山区工业八路57号,南山,蛇口,蛇口,972,270.20503737292785,113.894739,22.486813,OK,high_end,2669,1999,35999.54,1.132
212,翠湖居,深圳市南山区兴华路75号,南山,蛇口,蛇口,572,128.01378897349048,113.918666,22.481446,OK,commodity_housing,2783,1991,44731.65,1.235
213,碧海园,深圳市南山区海滨社区198号,南山,蛇口,蛇口,261,121.00671021803313,113.902506,22.464289,OK,commodity_housing,3597,2000,21570.59,1.43
214,金湾湾,深圳市南山区海滨社区49号,南山,蛇口,蛇口,741,106.38399153154603,113.89658,22.487154,OK,commodity_housing,2949,1996,69690.96,1.198
215,银湖邸,深圳市南山区望海路182号,南山,蛇口,蛇口,1160,259.42623429785954,113.882483,22.497282,OK,high_end,8962,2000,44752.28,1.279
216,玉泉公馆,深圳市南山区兴华路106号,南山,蛇口,蛇口,603,80.93818385025159,113.904509,22.491244,OK,commodity_housing,9210,2004,74583.61,1.372
217,宝安花园,深圳市南山区兴华路73号,南山,蛇口,蛇口,87,44.417763923879534,113.902686,22.494409,OK,urban_village,2705,2008,19736.07,1.289
218,瑞景邨,深圳市南山区工业八路7号,南山,蛇口,蛇口,973,197.27842816460384,113.903162,22.488066,OK,high_end,3797,1999,49339.5,1.279
219,盛世村,深圳市南山区海滨社区58号,南山,蛇口,蛇口,108,40.6106361617932,113.909068,22.491059,OK,urban_village,8142,2003,26802.05,1.482
220,雅居苑,深圳市南山区兴华路189号,南山,蛇口,蛇口,53,48.675899693468075,113.907594,22.487536,OK,urban_village,3553,2006,10969.87,1.281
221,锦绣居,深圳市南山区工业八路169号,南山,蛇口,蛇口,133,35.099446908163706,113.90685,22.490484,OK,urban_village,4862,2007,38056.78,1.245
222,绿景园,深圳市南山区太子路22号,南山,蛇口,蛇口,735,174.86618102449137,113.907554,22.474747,OK,high_end,3017,2000,42081.04,1.35
223,振业湾,深圳市南山区兴华路59号,南山,蛇口,蛇口,1093,226.87539731554975,113.913829,22.474467,OK,high_end,5250,2002,48180.23,1.175
224,金成邸,深圳市南山区兴华路143号,南山,蛇口,蛇口,34,33.25537662178744,113.902743,22.488329,OK,urban_village,12600,2010,10344.43,1.195
225,星海公馆,深圳市南山区太子路153号,南山,蛇口,蛇口,1105,265.8018714464986,113.910138,22.50907,OK,high_end,9048,2000,41586.75,1.491
226,金地花园,深圳市南山区望海路123号,南山,蛇口,蛇口,564,125.9746073307006,113.911132,22.492791,OK,commodity_housing,3077,1999,44846.88,1.201
227,华润邨,深圳市南山区望海路47号,南山,蛇口,蛇口,85,40.86456043875759,113.88983,22.501236,OK,urban_village,1807,2000,20962.22,1.341
228,中海村,深圳市南山区工业八路109号,南山,蛇口,蛇口,1159,197.514251560129,113.911484,22.509138,OK,high_end,8471,2000,58712.94,1.376
229,万科苑,深圳市南山区海滨社区4号,南山,蛇口,蛇口,968,273.056626117346,113.909753,22.48415,OK,high_end,8667,2001,35458.52,1.454
230,招商居,深圳市南山区海滨社区119号,南山,蛇口,蛇口,60,49.71039973530191,113.911273,22.464925,OK,urban_village,4391,2001,12215.04,1.254
231,华侨城园,深圳市南山区太子路154号,南山,蛇口,蛇口,1268,257.90304335537377,113.917025,22.500611,OK,high_end,9504,1996,49182.9,1.216
232,花样年湾,深圳市南山区兴华路121号,南山,蛇口,蛇口,873,129.7169959036318,113.920058,22.49675,OK,commodity_housing,1764,2001,67334.45,1.224
233,佳兆业邸,深圳市南山区太子路190号,南山,蛇口,蛇口,434,129.84098142315466,113.883795,22.491701,OK,commodity_housing,2087,2002,33464.56,1.178
234,龙光公馆,深圳市南山区望海路69号,南山,蛇口,蛇口,1028,247.67213773225112,113.901972,22.477695,OK,high_end,7950,1989,41524.57,1.441
235,卓越花园,深圳市南山区望海路148号,南山,蛇口,蛇口,61,29.372035929398983,113.911294,22.468208,OK,urban_village,7849,1997,21068.29,1.153
236,华联邨,深圳市南山区海滨社区57号,南山,蛇口,蛇口,116,32.63276691741828,113.90699,22.508711,OK,urban_village,10631,2005,35590.26,1.255
237,天悦村,深圳市南山区望海路134号,南山,蛇口,蛇口,1232,189.04302863490045,113.898571,22.5034,OK,high_end,1892,2002,65191.31,1.391
238,龙瑞苑,深圳市南山区工业八路147号,南山,蛇口,蛇口,84,38.666205504694716,113.897307,22.475691,OK,urban_village,3177,2005,21893.16,1.493
239,阳光居,深圳市南山区工业八路28号,南山,蛇口,蛇口,820,137.82273361666003,113.906739,22.487598,OK,commodity_housing,3467,2002,59538.18,1.542
240,翠湖园,深圳市南山区海滨社区61号,南山,蛇口,蛇口,110,36.24605519931398,113.927916,22.490717,OK,urban_village,12802,2006,30569.03,1.281
241,碧海湾,深圳市南山区工业八路68号,南山,蛇口,蛇口,315,121.9165807468444,113.909985,22.490741,OK,commodity_housing,3262,2003,25844.6,1.46
242,金湾邸,深圳市南山区海滨社区62号,南山,蛇口,蛇口,418,123.83233201151967,113.919725,22.472712,OK,commodity_housing,9289,2001,33828.41,1.573
243,银湖公馆,深圳市南山区望海路189号,南山,蛇口,蛇口,61,39.974462704430266,113.90424,22.487167,OK,urban_village,3292,2008,15430.05,1.492
244,玉泉花园,深圳市南山区兴华路182号,南山,蛇口,蛇口,1954,254.1675684196063,113.925259,22.492423,OK,high_end,2227,1999,76907.71,0.915
245,宝安邨,深圳市南山区海滨社区179号,南山,蛇口,蛇口,637,121.41880136144279,113.886264,22.495729,OK,commodity_housing,1905,1997,52496.27,1.357
246,瑞景村,深圳市南山区望海路145号,南山,蛇口,蛇口,863,297.5760469283157,113.90501,22.500769,OK,high_end,1693,2000,29009.81,1.314
247,盛世苑,深圳市南山区海滨社区84号,南山,蛇口,蛇口,81,36.743594074767095,113.918633,22.491734,OK,urban_village,9416,2000,22281.63,1.345
248,雅居居,深圳市南山区望海路90号,南山,蛇口,蛇口,372,276.5886918917586,113.907447,22.500446,OK,high_end,2825,1999,13464.78,1.333
249,锦绣园,深圳市南山区海滨社区51号,南山,蛇口,蛇口,916,242.5599774176702,113.893334,22.490536,OK,high_end,7876,2000,37791.05,1.142
250,绿景湾,深圳市南山区海滨社区1号,南山,蛇口,蛇口,89,48.23566736182785,113.914466,22.478154,OK,urban_village,6292,2002,18468.42,1.336
251,振业邸,深圳市南山区海滨社区8号,南山,蛇口,蛇口,451,146.78231893095284,113.88995,22.499642,OK,commodity_housing,4811,2008,30770.93,1.394
252,金成公馆,深圳市南山区太子路194号,南山,蛇口,蛇口,1911,280.7396590932346,113.904034,22.48796,OK,high_end,4552,2012,68071.13,1.172
253,星海花园,深圳市南山区望海路167号,南山,蛇口,蛇口,1014,162.02700211228552,113.893846,22.470759,OK,high_end,2435,2004,62582.46,1.185
254,金地邨,深圳市南山区工业八路118号,南山,蛇口,蛇口,1625,225.32304149429802,113.890219,22.496424,OK,high_end,3997,1998,72162.73,1.341
255,华润村,深圳市南山区望海路12号,南山,蛇口,蛇口,153,45.5003157279839,113.906882,22.490565,OK,urban_village,13577,1999,33652.94,1.552
256,中海苑,深圳市南山区望海路23号,南山,蛇口,蛇口,155,119.10496775152978,113.900607,22.499667,OK,commodity_housing,3498,2005,13061.74,1.16
257,万科居,深圳市南山区兴华路108号,南山,蛇口,蛇口,216,140.32197464428066,113.904686,22.486461,OK,commodity_housing,4158,1999,15433.03,1.38
258,招商园,深圳市南山区望海路118号,南山,蛇口,蛇口,63,34.27931058594069,113.910154,22.468382,OK,urban_village,6960,2014,18454.96,1.359
259,华侨城湾,深圳市南山区海滨社区188号,南山,蛇口,蛇口,42,28.861493680583095,113.899259,22.471456,OK,urban_village,1806,1995,14887.25,1.288
260,花样年邸,深圳市南山区太子路176号,南山,蛇口,蛇口,70,40.14448123631726,113.903878,22.488116,OK,urban_village,13538,2003,17620.22,1.424
261,佳兆业公馆,深圳市南山区工业八路51号,南山,蛇口,蛇口,303,82.16690536435405,113.908949,22.5122,OK,commodity_housing,6152,2003,36894.47,1.111
262,龙光花园,深圳市南山区海滨社区35号,南山,蛇口,蛇口,110,48.89797072388298,113.922702,22.490764,OK,urban_village,6140,2006,22686.61,1.046
263,卓越邨,深圳市南山区望海路141号,南山,蛇口,蛇口,307,90.7901530224941,113.915517,22.478276,OK,commodity_housing,5307,2002,33827.1,1.369
264,华联村,深圳市南山区望海路85号,南山,蛇口,蛇口,55,29.865595917621796,113.885603,22.483066,OK,urban_village,12382,2006,18421.54,1.228
265,天悦苑,深圳市南山区兴华路179号,南山,蛇口,蛇口,184,45.41892325298821,113.900293,22.493648,OK,urban_village,3427,1991,40639.86,1.162
266,龙瑞居,深圳市南山区海滨社区8号,南山,蛇口,蛇口,719,219.2168267830969,113.907711,22.470015,OK,high_end,3651,2008,32807.62,1.455
267,阳光园,深圳市南山区兴华路5号,南山,蛇口,蛇口,1102,261.8790057940518,113.915525,22.490917,OK,high_end,3208,2005,42092.65,1.157
268,翠湖湾,深圳市南山区太子路102号,南山,蛇口,蛇口,943,222.511115395972,113.905891,22.48137,OK,high_end,2382,2006,42387.29,1.55
269,碧海邸,深圳市南山区兴华路179号,南山,蛇口,蛇口,85,36.39948189399843,113.890072,22.486023,OK,urban_village,4608,2004,23437.85,1.472
270,金湾公馆,深圳市南山区望海路113号,南山,蛇口,蛇口,86,25.079196214517545,113.892155,22.479151,OK,urban_village,2164,1988,34599.03,1.17
271,银湖豪庭,深圳市南山区深南大道171号,南山,科技园,科技园,855,81.33812661008348,113.935839,22.55188,OK,commodity_housing,13134,2010,105191.1,1.656
272,玉泉府,深圳市南山区科技路47号,南山,科技园,科技园,1401,191.81398086218294,113.948975,22.53361,OK,high_end,4276,2015,73045.86,1.722
273,宝安花园,深圳市南山区深南大道141号,南山,科技园,科技园,864,244.93594960176512,113.944009,22.544643,OK,high_end,14886,2009,35299.43,1.305
274,瑞景公馆,深圳市南山区科技路34号,南山,科技园,科技园,2951,242.04061713561876,113.938497,22.521938,OK,high_end,12392,2014,121933.91,1.608
275,盛世邸,深圳市南山区科技中一路168号,南山,科技园,科技园,883,228.38648990051178,113.9488,22.550731,OK,high_end,14207,2019,38677.98,1.673
276,雅居名苑,深圳市南山区朗山一路34号,南山,科技园,科技园,2241,256.516508463256,113.957165,22.561459,OK,high_end,11823,2014,87391.19,1.187
277,锦绣中心,深圳市南山区科技路158号,南山,科技园,科技园,1261,183.90434967239997,113.933334,22.568649,OK,high_end,7701,2009,68579.48,1.386
278,绿景雅居,深圳市南山区科技中一路10号,南山,科技园,科技园,1579,130.385401734828,113.955947,22.542616,OK,commodity_housing,11480,2008,121153.37,1.213
279,振业豪庭,深圳市南山区朗山一路59号,南山,科技园,科技园,1125,193.49551784154136,113.94522,22.530008,OK,high_end,10555,2007,58158.41,1.533
280,金成府,深圳市南山区科发路105号,南山,科技园,科技园,795,124.06903878242156,113.939291,22.536961,OK,commodity_housing,10046,2014,64112.89,1.18
281,星海花园,深圳市南山区科技中一路8号,南山,科技园,科技园,532,84.3882735135306,113.937919,22.535473,OK,commodity_housing,5809,2013,63140.35,1.524
282,金地公馆,深圳市南山区科发路137号,南山,科技园,科技园,714,105.21637431602996,113.945403,22.545178,OK,commodity_housing,9951,2009,67952.42,1.161
283,华润邸,深圳市南山区深南大道161号,南山,科技园,科技园,1735,156.34376238340218,113.943172,22.53715,OK,high_end,10091,2004,111016.81,1.17
284,中海名苑,深圳市南山区科技路24号,南山,科技园,科技园,633,126.64697895047445,113.960929,22.534241,OK,commodity_housing,10318,2006,50034.37,1.641
285,万科中心,深圳市南山区朗山一路41号,南山,科技园,科技园,525,146.97598708390004,113.939977,22.516545,OK,commodity_housing,5316,2020,35782.32,1.316
286,招商雅居,深圳市南山区深南大道141号,南山,科技园,科技园,3415,278.84350281309446,113.934709,22.545501,OK,high_end,10093,2009,122493.67,1.102
287,华侨城豪庭,深圳市南山区科技中一路137号,南山,科技园,科技园,684,122.54264855769058,113.919362,22.555897,OK,commodity_housing,6005,2010,55888.88,1.507
288,花样年府,深圳市南山区科技路100号,南山,科技园,科技园,1420,209.2696361417255,113.95078,22.559793,OK,high_end,11170,2019,67875.28,1.487
289,佳兆业花园,深圳市南山区科技中一路81号,南山,科技园,科技园,1618,143.77480919371686,113.939109,22.545659,OK,commodity_housing,6100,2004,112565.33,1.245
290,龙光公馆,深圳市南山区深南大道171号,南山,科技园,科技园,955,121.6592172433977,113.946809,22.55374,OK,commodity_housing,12578,2011,78514.77,1.419
291,卓越邸,深圳市南山区朗山一路27号,南山,科技园,科技园,1053,169.7277400374567,113.938898,22.544131,OK,high_end,7227,2006,62070.32,1.232
292,华联名苑,深圳市南山区深南大道153号,南山,科技园,科技园,360,81.22866543566403,113.935961,22.543955,OK,commodity_housing,6792,2015,44424.87,1.259
293,天悦中心,深圳市南山区科发路160号,南山,科技园,科技园,1953,296.1291665724535,113.940251,22.529625,OK,high_end,4719,2015,65976.06,1.488
294,龙瑞雅居,深圳市南山区科技中一路156号,南山,科技园,科技园,2008,145.61649067150245,113.956883,22.531018,OK,commodity_housing,12835,2018,137934.63,1.654
295,阳光豪庭,深圳市南山区科技中一路185号,南山,科技园,科技园,3189,258.8440800411624,113.936233,22.545298,OK,high_end,10683,2011,123231.36,1.223
296,翠湖府,深圳市南山区朗山一路65号,南山,科技园,科技园,2120,143.4494674740106,113.921159,22.528697,OK,commodity_housing,10410,2012,147798.4,1.416
297,碧海花园,深圳市南山区深南大道84号,南山,科技园,科技园,1977,172.09545664184554,113.922501,22.567746,OK,high_end,12350,2012,114926.56,1.137
298,金湾公馆,深圳市南山区深南大道122号,南山,科技园,科技园,2700,186.28399411693337,113.928863,22.535157,OK,high_end,5696,2018,144952.09,1.418
299,银湖邸,深圳市南山区深南大道108号,南山,科技园,科技园,2162,222.2000064803497,113.937021,22.542933,OK,high_end,5757,2006,97304.94,1.618
300,玉泉名苑,深圳市南山区朗山一路99号,南山,科技园,科技园,674,87.62253197867274,113.954338,22.520515,OK,commodity_housing,13738,2012,77023.0,1.679
301,宝安中心,深圳市南山区科技中一路154号,南山,科技园,科技园,785,92.32668299314163,113.925801,22.545135,OK,commodity_housing,9258,2011,85075.62,1.652
302,瑞景雅居,深圳市南山区科技中一路162号,南山,科技园,科技园,781,107.66441484169792,113.962783,22.547215,OK,commodity_housing,7642,2012,72604.93,1.519
303,盛世豪庭,深圳市南山区科技中一路86号,南山,科技园,科技园,2498,294.0251677093118,113.938223,22.540155,OK,high_end,10976,2008,84988.16,1.569
304,雅居府,深圳市南山区科发路170号,南山,科技园,科技园,1472,118.63932114845048,113.949107,22.530719,OK,commodity_housing,10217,2015,124130.5,1.542
305,锦绣花园,深圳市南山区科技路182号,南山,科技园,科技园,1471,167.77539353972273,113.926927,22.567905,OK,high_end,8444,2009,87706.82,1.497
306,绿景公馆,深圳市南山区朗山一路148号,南山,科技园,科技园,375,106.02068464816402,113.915905,22.561516,OK,commodity_housing,6176,2014,35389.36,1.557
307,振业邸,深圳市南山区科技中一路68号,南山,科技园,科技园,1791,120.16888778731594,113.938738,22.517457,OK,commodity_housing,8369,2004,149093.07,1.332
308,金成名苑,深圳市南山区深南大道122号,南山,科技园,科技园,875,262.765825955864,113.953532,22.522833,OK,high_end,7699,2009,33302.3,1.742
309,星海中心,深圳市南山区朗山一路199号,南山,科技园,科技园,1769,192.37440989592784,113.942279,22.543795,OK,high_end,4660,2005,92003.81,1.555
310,金地雅居,深圳市南山区科技中一路116号,南山,科技园,科技园,1778,221.45035999516483,113.960336,22.52747,OK,high_end,11812,2019,80333.76,1.704
311,华润豪庭,深圳市南山区科发路111号,南山,科技园,科技园,865,226.0380656942752,113.940162,22.552348,OK,high_end,8570,2014,38280.91,1.664
312,中海府,深圳市南山区科技路181号,南山,科技园,科技园,839,116.09615840995174,113.947359,22.521737,OK,commodity_housing,7607,2009,72312.31,1.735
313,万科花园,深圳市南山区深南大道57号,南山,科技园,科技园,349,116.57571267599118,113.935415,22.557492,OK,commodity_housing,8776,2015,30001.4,1.35
314,招商公馆,深圳市南山区朗山一路76号,南山,科技园,科技园,998,150.22107331294671,113.944687,22.543858,OK,high_end,7156,2003,66473.1,1.238
315,华侨城邸,深圳市南山区科发路179号,南山,科技园,科技园,861,129.8834933168959,113.941199,22.564633,OK,commodity_housing,5849,2017,66351.71,1.295
316,花样年名苑,深圳市南山区深南大道54号,南山,科技园,科技园,1683,132.79737817774566,113.942636,22.555117,OK,commodity_housing,11214,2009,126803.22,1.691
317,佳兆业中心,深圳市南山区科技中一路17号,南山,科技园,科技园,615,98.81927197169904,113.921299,22.534307,OK,commodity_housing,8538,2017,62282.36,1.411
318,龙光雅居,深圳市南山区科技路51号,南山,科技园,科技园,1404,115.96981249447374,113.930854,22.539701,OK,commodity_housing,9754,2009,121080.63,1.162
319,卓越豪庭,深圳市南山区深南大道126号,南山,科技园,科技园,2133,168.76878857126204,113.918933,22.565489,OK,high_end,5914,2010,126422.17,1.173
320,华联府,深圳市南山区深南大道3号,南山,科技园,科技园,595,126.56023359668838,113.937482,22.545767,OK,commodity_housing,6524,2010,47060.45,1.228
321,天悦花园,深圳市南山区朗山一路146号,南山,科技园,科技园,1524,226.00089734741186,113.954834,22.560586,OK,high_end,8160,2013,67438.08,1.39
322,龙瑞公馆,深圳市南山区朗山一路59号,南山,科技园,科技园,1747,139.02946636554816,113.961346,22.547364,OK,commodity_housing,6535,2011,125705.68,1.47
323,阳光邸,深圳市南山区科发路80号,南山,科技园,科技园,574,130.00875345386189,113.916815,22.544855,OK,commodity_housing,4389,2018,44219.08,1.677
324,翠湖名苑,深圳市南山区科发路57号,南山,科技园,科技园,1885,280.71210512862814,113.955565,22.564114,OK,high_end,11262,2011,67174.54,1.274
325,碧海中心,深圳市南山区深南大道75号,南山,科技园,科技园,2576,232.3287997616034,113.940172,22.537807,OK,high_end,8595,2011,110882.39,1.131
326,金湾雅居,深圳市南山区科发路33号,南山,科技园,科技园,1966,240.82571499238148,113.942443,22.556523,OK,high_end,7168,2011,81664.83,1.627
327,银湖豪庭,深圳市南山区科发路128号,南山,科技园,科技园,1022,134.94032760712162,113.935108,22.557657,OK,commodity_housing,6606,2009,75772.92,1.689
328,玉泉府,深圳市南山区科技中一路62号,南山,科技园,科技园,938,148.62581186595295,113.938018,22.541959,OK,commodity_housing,9911,2012,63158.29,1.359
329,宝安花园,深圳市南山区科技路71号,南山,科技园,科技园,953,180.66608609243204,113.932656,22.544369,OK,high_end,5988,2012,52777.84,1.449
330,瑞景公馆,深圳市南山区科技中一路171号,南山,科技园,科技园,1355,128.2845194473685,113.937448,22.551135,OK,commodity_housing,12399,2011,105684.06,1.43
331,盛世邸,深圳市南山区深南大道34号,南山,科技园,科技园,1277,125.39533740830817,113.933736,22.542088,OK,commodity_housing,6195,2011,101885.35,1.474
332,雅居名苑,深圳市南山区科发路100号,南山,科技园,科技园,1016,120.8489877127373,113.934794,22.534271,OK,commodity_housing,7849,2012,84082.38,1.503
333,锦绣中心,深圳市南山区朗山一路193号,南山,科技园,科技园,2533,252.0167828170459,113.938,22.545061,OK,high_end,5271,2013,100510.3,1.521
334,绿景雅居,深圳市南山区深南大道46号,南山,科技园,科技园,906,107.93247223497043,113.955406,22.546689,OK,commodity_housing,11304,2012,84030.51,1.675
335,振业豪庭,深圳市南山区科技路156号,南山,科技园,科技园,2151,262.2576524514347,113.945598,22.563688,OK,high_end,5818,2011,82029.94,1.156
336,金成府,深圳市南山区科发路121号,南山,科技园,科技园,793,96.04203658499135,113.953784,22.526239,OK,commodity_housing,12264,2019,82606.2,1.787
337,星海花园,深圳市南山区科发路176号,南山,科技园,科技园,272,81.10692373630735,113.927949,22.526532,OK,commodity_housing,9166,2012,33540.49,1.314
338,金地公馆,深圳市南山区科技中一路82号,南山,科技园,科技园,1667,162.17237678043588,113.94703,22.539362,OK,high_end,7901,2013,102807.81,1.504
339,华润邸,深圳市南山区科发路73号,南山,科技园,科技园,1369,131.65421753478176,113.946376,22.521775,OK,commodity_housing,14626,2015,104014.03,1.689
340,中海名苑,深圳市南山区科技中一路56号,南山,科技园,科技园,1876,140.1876684773893,113.944517,22.568089,OK,commodity_housing,9488,2008,133823.2,1.649
341,万科中心,深圳市南山区朗山一路18号,南山,科技园,科技园,1543,171.6581448200501,113.940871,22.532998,OK,high_end,6041,2014,89931.81,1.421
342,招商雅居,深圳市南山区科发路54号,南山,科技园,科技园,587,108.5343000585759,113.94197,22.537178,OK,commodity_housing,11352,2007,54131.85,1.454
343,华侨城豪庭,深圳市南山区深南大道92号,南山,科技园,科技园,558,91.23238299898586,113.944201,22.546115,OK,commodity_housing,12312,2009,61228.39,1.196
344,花样年府,深圳市南山区科发路56号,南山,科技园,科技园,1833,144.71927387637635,113.924424,22.522299,OK,commodity_housing,4802,2017,126701.34,1.105
345,佳兆业花园,深圳市南山区深南大道36号,南山,科技园,科技园,1767,136.65270787996837,113.93078,22.542483,OK,commodity_housing,10296,2015,129374.02,1.23
346,龙光公馆,深圳市南山区科发路109号,南山,科技园,科技园,1650,285.5337665148795,113.930444,22.536725,OK,high_end,6854,2009,57814.03,1.291
347,卓越邸,深圳市南山区科技路29号,南山,科技园,科技园,2872,215.88159018745762,113.932185,22.544886,OK,high_end,10219,2012,133051.71,1.549
348,华联名苑,深圳市南山区科技中一路134号,南山,科技园,科技园,662,150.29882028286053,113.92607,22.548128,OK,high_end,5647,2012,44106.16,1.199
349,天悦中心,深圳市南山区科发路118号,南山,科技园,科技园,1366,241.1629024643479,113.940183,22.536368,OK,high_end,12306,2008,56683.36,1.412
350,龙瑞雅居,深圳市南山区科发路195号,南山,科技园,科技园,2075,214.34165001452163,113.943475,22.573271,OK,high_end,14602,2006,96825.41,1.349
351,阳光豪庭,深圳市南山区深南大道48号,南山,科技园,科技园,1576,117.27528464911873,113.931043,22.525118,OK,commodity_housing,8236,2009,134463.24,1.479
352,翠湖府,深圳市南山区深南大道26号,南山,科技园,科技园,445,94.43764796853068,113.93523,22.542834,OK,commodity_housing,8390,2007,47141.04,1.515
353,碧海花园,深圳市南山区科技中一路124号,南山,科技园,科技园,1077,123.9898519630211,113.942859,22.541264,OK,commodity_housing,12442,2015,86910.6,1.436
354,金湾公馆,深圳市南山区科技路108号,南山,科技园,科技园,1698,141.1919477509918,113.95414,22.530139,OK,commodity_housing,6679,2012,120316.6,1.574
355,银湖邸,深圳市南山区科技路146号,南山,科技园,科技园,2192,161.35495909646812,113.926089,22.565543,OK,high_end,8008,2016,135907.19,1.38
356,玉泉名苑,深圳市南山区朗山一路79号,南山,科技园,科技园,3128,231.26414464013448,113.942978,22.541467,OK,high_end,7719,2011,135282.05,1.334
357,宝安中心,深圳市南山区深南大道67号,南山,科技园,科技园,977,119.13414994626216,113.955773,22.552899,OK,commodity_housing,12181,2014,82016.67,1.698
358,瑞景雅居,深圳市南山区科发路96号,南山,科技园,科技园,1175,156.7978918441342,113.939963,22.555331,OK,high_end,14813,2000,74937.65,1.322
359,盛世豪庭,深圳市南山区科技路164号,南山,科技园,科技园,2939,232.2628744490344,113.944521,22.545343,OK,high_end,4670,2010,126539.36,1.564
360,雅居府,深圳市南山区科技路99号,南山,科技园,科技园,1397,116.26056464832374,113.939814,22.527583,OK,commodity_housing,7439,2015,120209.64,1.582
361,锦绣花园,深圳市南山区科发路21号,南山,科技园,科技园,1964,143.5759942090226,113.929151,22.528623,OK,commodity_housing,6942,2017,136849.14,1.55
362,绿景公馆,深圳市南山区深南大道11号,南山,科技园,科技园,1198,113.1744854081272,113.922887,22.523021,OK,commodity_housing,9876,2007,105886.96,1.194
363,振业邸,深圳市南山区科技路2号,南山,科技园,科技园,935,115.49417527171028,113.937204,22.551015,OK,commodity_housing,14625,2012,80982.1,1.645
364,金成名苑,深圳市南山区科发路166号,南山,科技园,科技园,1612,128.46512457227408,113.94689,22.554913,OK,commodity_housing,11485,2006,125548.97,1.263
365,星海中心,深圳市南山区朗山一路23号,南山,科技园,科技园,2528,249.29534171908028,113.937925,22.538249,OK,high_end,4922,2008,101436.39,1.259
366,金地雅居,深圳市南山区深南大道63号,南山,科技园,科技园,2186,182.58463296795162,113.961472,22.542529,OK,high_end,7940,2009,119740.63,1.19
367,华润豪庭,深圳市南山区科发路157号,南山,科技园,科技园,2850,214.34773977613358,113.936905,22.557409,OK,high_end,7191,2012,132974.45,1.57
368,中海府,深圳市南山区科发路20号,南山,科技园,科技园,3763,295.0895381289548,113.919572,22.55278,OK,high_end,6378,2005,127525.63,1.524
369,万科花园,深圳市南山区深南大道113号,南山,科技园,科技园,870,101.28211907135997,113.960974,22.528981,OK,commodity_housing,8460,2012,85899.09,1.616
370,招商公馆,深圳市南山区深南大道35号,南山,科技园,科技园,673,85.61555725189999,113.963959,22.538536,OK,commodity_housing,8594,2012,78721.42,1.108
371,华侨城新区,深圳市南山区珠光路125号,南山,西丽,西丽,353,68.73842144343595,113.930597,22.578059,OK,affordable_housing,5839,1998,51464.47,0.738
372,花样年苑,深圳市南山区松坪山路48号,南山,西丽,西丽,111,34.730761792294714,113.912626,22.567437,OK,urban_village,8060,2009,32183.3,0.824
373,佳兆业园,深圳市南山区松坪山路113号,南山,西丽,西丽,165,79.43353723603806,113.903345,22.559429,OK,affordable_housing,5262,2011,20872.69,0.997
374,龙光居,深圳市南山区留仙大道120号,南山,西丽,西丽,275,70.32594841651054,113.898077,22.585947,OK,affordable_housing,6383,1995,39107.33,0.805
375,卓越小区,深圳市南山区松坪山路193号,南山,西丽,西丽,96,40.89850817066777,113.935469,22.575902,OK,urban_village,5304,2004,23478.7,0.494
376,华联邨,深圳市南山区留仙大道112号,南山,西丽,西丽,201,51.81814723144729,113.940598,22.600288,OK,affordable_housing,9086,2001,38968.33,0.911
377,天悦村,深圳市南山区珠光路66号,南山,西丽,西丽,1075,146.7474568496056,113.935927,22.578937,OK,commodity_housing,9389,2006,73265.98,0.783
378,龙瑞花园,深圳市南山区珠光路40号,南山,西丽,西丽,255,51.55968055933123,113.921296,22.573729,OK,affordable_housing,11802,2006,49463.01,0.613
379,阳光新区,深圳市南山区茶光路181号,南山,西丽,西丽,544,127.84176441852563,113.933858,22.609815,OK,commodity_housing,4566,2005,42618.18,0.918
380,翠湖苑,深圳市南山区西丽路8号,南山,西丽,西丽,32,40.07598887633208,113.939581,22.548559,OK,urban_village,17666,2008,8179.2,0.815
381,碧海园,深圳市南山区珠光路147号,南山,西丽,西丽,266,76.75679309769689,113.955298,22.568126,OK,affordable_housing,7750,2001,34697.12,0.802
382,金湾居,深圳市南山区留仙大道160号,南山,西丽,西丽,147,83.865576452012,113.903825,22.569153,OK,commodity_housing,4411,2002,17608.86,0.685
383,银湖小区,深圳市南山区松坪山路49号,南山,西丽,西丽,244,89.07752847569648,113.932554,22.582477,OK,commodity_housing,2191,2001,27453.75,0.676
384,玉泉邨,深圳市南山区留仙大道31号,南山,西丽,西丽,114,46.61647304645351,113.92358,22.586418,OK,urban_village,14457,2001,24527.71,0.637
385,宝安村,深圳市南山区松坪山路190号,南山,西丽,西丽,139,50.094227181443664,113.923622,22.596659,OK,affordable_housing,3447,2005,27771.8,0.779
386,瑞景花园,深圳市南山区留仙大道9号,南山,西丽,西丽,345,99.73433300333105,113.94096,22.567095,OK,commodity_housing,11182,1998,34678.1,0.829
387,盛世新区,深圳市南山区珠光路81号,南山,西丽,西丽,107,53.79069443943532,113.93442,22.589314,OK,affordable_housing,7518,2010,19943.45,0.542
388,雅居苑,深圳市南山区松坪山路38号,南山,西丽,西丽,270,64.77707212259892,113.933131,22.545235,OK,affordable_housing,9124,2007,41704.44,0.845
389,锦绣园,深圳市南山区西丽路134号,南山,西丽,西丽,582,93.74934511104122,113.936659,22.567245,OK,commodity_housing,2186,2002,62183.52,0.476
390,绿景居,深圳市南山区西丽路77号,南山,西丽,西丽,355,66.57986803330245,113.911532,22.56963,OK,affordable_housing,2269,2005,53355.89,0.538
391,振业小区,深圳市南山区珠光路166号,南山,西丽,西丽,160,74.77132854682,113.927395,22.573799,OK,affordable_housing,7570,2002,21403.24,0.51
392,金成邨,深圳市南山区西丽路59号,南山,西丽,西丽,62,27.175430457569718,113.949638,22.574244,OK,urban_village,12645,2005,23126.26,0.62
393,星海村,深圳市南山区留仙大道114号,南山,西丽,西丽,337,68.7043349155789,113.945676,22.554972,OK,affordable_housing,5558,2004,49169.98,0.851
394,金地花园,深圳市南山区留仙大道109号,南山,西丽,西丽,46,32.34872752542244,113.942441,22.582348,OK,urban_village,12565,1995,14373.09,0.641
395,华润新区,深圳市南山区留仙大道145号,南山,西丽,西丽,70,129.1741839111928,113.950071,22.570726,OK,commodity_housing,10102,2005,5482.64,0.864
396,中海苑,深圳市南山区珠光路112号,南山,西丽,西丽,408,70.23198955441944,113.920687,22.546622,OK,affordable_housing,3756,2003,58109.14,0.685
397,万科园,深圳市南山区西丽路52号,南山,西丽,西丽,141,99.49295102492866,113.920386,22.593064,OK,commodity_housing,8622,2004,14255.06,0.917
398,招商居,深圳市南山区西丽路185号,南山,西丽,西丽,298,130.72188007933403,113.961402,22.562832,OK,commodity_housing,5791,2008,22810.89,0.616
399,华侨城小区,深圳市南山区珠光路85号,南山,西丽,西丽,68,30.923333122666214,113.942046,22.607951,OK,urban_village,11474,1997,22238.96,0.841
400,花样年邨,深圳市南山区西丽路115号,南山,西丽,西丽,322,52.62645992083342,113.946534,22.550069,OK,affordable_housing,10100,2006,61206.95,0.659
401,佳兆业村,深圳市南山区珠光路115号,南山,西丽,西丽,778,139.36764645109412,113.929407,22.578871,OK,commodity_housing,11221,2010,55887.5,0.591
402,龙光花园,深圳市南山区松坪山路83号,南山,西丽,西丽,100,42.65615406388156,113.917745,22.577512,OK,urban_village,14339,2013,23572.86,0.83
403,卓越新区,深圳市南山区松坪山路155号,南山,西丽,西丽,274,145.0041393480776,113.925489,22.589011,OK,commodity_housing,8603,2004,18929.98,0.774
404,华联苑,深圳市南山区茶光路152号,南山,西丽,西丽,440,143.92628762950193,113.934765,22.581124,OK,commodity_housing,8615,2005,30606.9,0.68
405,天悦园,深圳市南山区西丽路15号,南山,西丽,西丽,211,78.24598730853323,113.907218,22.582204,OK,affordable_housing,10002,1996,27070.01,0.469
406,龙瑞居,深圳市南山区松坪山路87号,南山,西丽,西丽,503,72.72393336352152,113.900568,22.585087,OK,affordable_housing,8305,2008,69209.94,0.614
407,阳光小区,深圳市南山区珠光路190号,南山,西丽,西丽,375,74.67483947870682,113.928868,22.581572,OK,affordable_housing,9545,2001,50284.77,0.845
408,翠湖邨,深圳市南山区西丽路122号,南山,西丽,西丽,114,40.80595377169652,113.925924,22.578364,OK,urban_village,13806,2001,28098.76,0.84
409,碧海村,深圳市南山区留仙大道138号,南山,西丽,西丽,908,128.9782936341096,113.899765,22.568866,OK,commodity_housing,6059,2004,70476.45,0.714
410,金湾花园,深圳市南山区珠光路56号,南山,西丽,西丽,783,120.38001667928901,113.929824,22.578335,OK,commodity_housing,6298,2002,65073.55,0.463
411,银湖新区,深圳市南山区留仙大道123号,南山,西丽,西丽,106,30.57655153856892,113.947139,22.589207,OK,urban_village,10016,2004,34973.69,0.935
412,玉泉苑,深圳市南山区留仙大道31号,南山,西丽,西丽,114,44.551269231593956,113.929773,22.558357,OK,urban_village,16149,2000,25618.07,0.419
413,宝安园,深圳市南山区茶光路8号,南山,西丽,西丽,617,85.35079027276134,113.952901,22.585884,OK,commodity_housing,8837,1998,72330.77,0.905
414,瑞景居,深圳市南山区茶光路110号,南山,西丽,西丽,523,77.38677334209726,113.930987,22.57952,OK,affordable_housing,10848,2005,67594.32,0.615
415,盛世小区,深圳市南山区珠光路58号,南山,西丽,西丽,208,81.17294131446677,113.932006,22.582455,OK,commodity_housing,11968,2001,25681.81,0.665
416,雅居邨,深圳市南山区留仙大道146号,南山,西丽,西丽,223,54.83656435925368,113.92249,22.560978,OK,affordable_housing,9982,2010,40669.71,0.645
417,锦绣村,深圳市南山区西丽路163号,南山,西丽,西丽,355,69.85333197414916,113.913975,22.606256,OK,affordable_housing,9566,2003,50959.69,0.963
418,绿景花园,深圳市南山区留仙大道65号,南山,西丽,西丽,223,76.97781076774069,113.918219,22.593254,OK,affordable_housing,3895,2000,28973.9,1.175
419,振业新区,深圳市南山区松坪山路144号,南山,西丽,西丽,141,66.68984021771237,113.905351,22.587029,OK,affordable_housing,9023,2010,21271.72,0.573
420,金成苑,深圳市南山区西丽路45号,南山,西丽,西丽,84,43.2871589925779,113.944166,22.581819,OK,urban_village,7713,2010,19445.18,0.755
421,星海园,深圳市南山区珠光路117号,南山,西丽,西丽,412,117.19058128456524,113.930909,22.576496,OK,commodity_housing,9119,1995,35240.8,0.851
422,金地居,深圳市南山区留仙大道108号,南山,西丽,西丽,188,117.8207572253215,113.906941,22.589125,OK,commodity_housing,9549,1998,15982.72,0.9
423,华润小区,深圳市南山区茶光路191号,南山,西丽,西丽,144,56.45613439199578,113.906786,22.600064,OK,affordable_housing,2607,2003,25578.85,0.941
424,中海邨,深圳市南山区茶光路22号,南山,西丽,西丽,129,33.645152460260626,113.929969,22.578221,OK,urban_village,9663,2010,38527.96,0.837
425,万科村,深圳市南山区西丽路23号,南山,西丽,西丽,399,101.31447729242656,113.93901,22.58789,OK,commodity_housing,10790,2004,39473.81,0.72
426,招商花园,深圳市南山区西丽路74号,南山,西丽,西丽,90,28.262531602929606,113.958442,22.590455,OK,urban_village,17806,2002,32058.42,0.946
427,华侨城新区,深圳市南山区茶光路11号,南山,西丽,西丽,299,54.890573414446585,113.93236,22.576239,OK,affordable_housing,3048,2009,54628.9,0.761
428,花样年苑,深圳市南山区留仙大道54号,南山,西丽,西丽,323,144.85246585693295,113.946016,22.548932,OK,commodity_housing,5792,2000,22360.64,0.921
429,佳兆业园,深圳市南山区留仙大道76号,南山,西丽,西丽,774,101.95945584364456,113.933324,22.592319,OK,commodity_housing,3881,2002,76006.7,0.842
430,龙光居,深圳市南山区松坪山路12号,南山,西丽,西丽,64,66.98214939344496,113.916978,22.592938,OK,affordable_housing,8785,2003,9641.43,1.214
431,卓越小区,深圳市南山区珠光路175号,南山,西丽,西丽,833,111.50410475983577,113.925164,22.581048,OK,commodity_housing,10711,2000,74779.88,0.457
432,华联邨,深圳市南山区珠光路195号,南山,西丽,西丽,398,72.77260797666915,113.93201,22.575878,OK,affordable_housing,2969,2000,54709.72,0.922
433,天悦村,深圳市南山区松坪山路130号,南山,西丽,西丽,560,90.44746288190318,113.905833,22.580378,OK,commodity_housing,8308,2000,62012.07,0.492
434,龙瑞花园,深圳市南山区珠光路100号,南山,西丽,西丽,11,29.835883573912064,113.910039,22.590941,OK,urban_village,11541,2000,3769.48,0.818
435,阳光新区,深圳市南山区留仙大道82号,南山,西丽,西丽,189,38.63955304480166,113.953656,22.557429,OK,urban_village,17317,2001,49108.91,0.485
436,翠湖苑,深圳市南山区珠光路42号,南山,西丽,西丽,166,149.28294893865342,113.952049,22.58445,OK,commodity_housing,5748,1996,11151.78,0.612
437,碧海园,深圳市南山区茶光路116号,南山,西丽,西丽,706,133.7603804719247,113.9134,22.584032,OK,commodity_housing,7308,2001,52842.64,0.991
438,金湾居,深圳市南山区西丽路139号,南山,西丽,西丽,116,42.22719134370574,113.909558,22.585151,OK,urban_village,8383,1998,27569.81,0.961
439,银湖小区,深圳市南山区珠光路106号,南山,西丽,西丽,291,69.56279185644952,113.9044,22.568566,OK,affordable_housing,9392,1995,41917.42,0.517
440,玉泉邨,深圳市南山区茶光路12号,南山,西丽,西丽,392,147.46762126149315,113.935432,22.557625,OK,commodity_housing,8553,2004,26587.35,0.456
441,宝安花园,深圳市南山区世界之窗125号,南山,沙河,沙河,362,90.03767590076248,113.968296,22.542509,OK,commodity_housing,18675,2017,40215.4,1.727
442,瑞景公馆,深圳市南山区华侨城波托菲诺22号,南山,沙河,沙河,2735,187.66201554977516,113.939617,22.532222,OK,high_end,12036,2015,145782.51,1.891
443,盛世邸,深圳市南山区华侨城香山中街10号,南山,沙河,沙河,4145,219.8005400909229,113.968104,22.537731,OK,high_end,14864,2008,188617.53,1.699
444,雅居名苑,深圳市南山区世界之窗155号,南山,沙河,沙河,1669,118.37016419096153,113.962507,22.530537,OK,commodity_housing,10206,2016,141020.05,1.956
445,锦绣雅居,深圳市南山区世界之窗142号,南山,沙河,沙河,1360,138.78742465424418,113.947226,22.516022,OK,commodity_housing,19663,2017,98040.58,2.057
446,绿景湾,深圳市南山区沙河东路80号,南山,沙河,沙河,2306,130.87871817337663,113.963355,22.511592,OK,commodity_housing,9135,2018,176255.09,2.317
447,振业岸,深圳市南山区世界之窗187号,南山,沙河,沙河,1768,132.94339887080207,113.970102,22.527575,OK,commodity_housing,10697,2016,132991.27,1.908
448,金成居,深圳市南山区华侨城香山中街87号,南山,沙河,沙河,2799,252.69392913974494,113.963793,22.525016,OK,high_end,8581,2015,110778.65,1.803
449,星海花园,深圳市南山区沙河东路79号,南山,沙河,沙河,740,131.025744007361,113.951574,22.525614,OK,commodity_housing,10940,2011,56549.46,1.954
450,金地公馆,深圳市南山区华侨城香山中街35号,南山,沙河,沙河,1734,272.291449663584,113.958211,22.527828,OK,high_end,15370,2000,63714.79,1.821
451,华润邸,深圳市南山区华侨城香山中街172号,南山,沙河,沙河,4132,208.48496194366209,113.9669,22.52143,OK,high_end,17252,2003,198213.69,1.886
452,中海名苑,深圳市南山区沙河东路20号,南山,沙河,沙河,3121,281.0427793105823,113.960905,22.530019,OK,high_end,15853,2014,111056.57,2.014
453,万科雅居,深圳市南山区世界之窗163号,南山,沙河,沙河,1422,105.52694733640357,113.943896,22.51993,OK,commodity_housing,10493,2003,134768.22,2.065
454,招商湾,深圳市南山区沙河东路173号,南山,沙河,沙河,2523,149.6278915637541,113.956804,22.525929,OK,commodity_housing,6144,2010,168655.31,1.956
455,华侨城岸,深圳市南山区世界之窗42号,南山,沙河,沙河,3079,183.9049795182978,113.960554,22.51477,OK,high_end,13164,2009,167441.36,1.932
456,花样年居,深圳市南山区世界之窗39号,南山,沙河,沙河,2092,247.78512983436912,113.952417,22.527167,OK,high_end,3298,2004,84455.23,2.093
457,佳兆业花园,深圳市南山区华侨城波托菲诺116号,南山,沙河,沙河,1182,253.39656181540354,113.967371,22.526544,OK,high_end,18882,2014,46652.63,2.014
458,龙光公馆,深圳市南山区世界之窗7号,南山,沙河,沙河,4401,259.5332576635874,113.953642,22.539473,OK,high_end,19226,2006,169587.91,1.85
459,卓越邸,深圳市南山区世界之窗121号,南山,沙河,沙河,4954,259.85826698963325,113.952101,22.52078,OK,high_end,11106,2015,190652.3,2.019
460,华联名苑,深圳市南山区华侨城波托菲诺122号,南山,沙河,沙河,1968,132.9377653995704,113.974462,22.525412,OK,commodity_housing,13355,2014,148106.06,1.973
461,天悦雅居,深圳市南山区华侨城波托菲诺78号,南山,沙河,沙河,2754,161.5084240279328,113.942074,22.53779,OK,high_end,7633,2008,170523.1,1.78
462,龙瑞湾,深圳市南山区华侨城波托菲诺179号,南山,沙河,沙河,1636,280.8982608264083,113.967259,22.53174,OK,high_end,16007,2015,58262.4,2.178
463,阳光岸,深圳市南山区华侨城香山中街169号,南山,沙河,沙河,1811,170.30331524599262,113.97028,22.528014,OK,high_end,14350,2019,106393.67,2.101
464,翠湖居,深圳市南山区世界之窗181号,南山,沙河,沙河,582,100.81530719159306,113.96022,22.532757,OK,commodity_housing,15668,2008,57793.4,2.082
465,碧海花园,深圳市南山区世界之窗178号,南山,沙河,沙河,545,97.79828620114051,113.957657,22.52732,OK,commodity_housing,15744,2019,55775.08,1.831
466,金湾公馆,深圳市南山区沙河东路187号,南山,沙河,沙河,804,119.08466205448795,113.944672,22.52546,OK,commodity_housing,19017,2016,67533.77,2.144
467,银湖邸,深圳市南山区世界之窗18号,南山,沙河,沙河,2597,287.36823591811907,113.949502,22.536875,OK,high_end,10837,2016,90401.66,2.217
468,玉泉名苑,深圳市南山区华侨城波托菲诺70号,南山,沙河,沙河,1823,198.852720309593,113.956632,22.531656,OK,high_end,11448,2012,91695.95,2.176
469,宝安雅居,深圳市南山区世界之窗118号,南山,沙河,沙河,718,172.3711238909606,113.945229,22.518306,OK,high_end,8476,2021,41678.98,2.213
470,瑞景湾,深圳市南山区华侨城香山中街15号,南山,沙河,沙河,503,119.68249573746752,113.952956,22.523385,OK,commodity_housing,19788,2013,42065.16,1.897
471,盛世岸,深圳市南山区沙河东路95号,南山,沙河,沙河,1124,110.98041421529707,113.957629,22.527692,OK,commodity_housing,19081,2012,101314.46,1.867
472,雅居居,深圳市南山区华侨城波托菲诺25号,南山,沙河,沙河,740,145.47647129149823,113.965083,22.513068,OK,commodity_housing,9748,2009,50897.44,1.937
473,锦绣花园,深圳市南山区华侨城波托菲诺173号,南山,沙河,沙河,2359,221.7503222505834,113.957726,22.528098,OK,high_end,12627,2011,106419.99,1.787
474,绿景公馆,深圳市南山区沙河东路199号,南山,沙河,沙河,3093,249.97829650395522,113.964987,22.513056,OK,high_end,6124,2013,123744.22,1.935
475,振业邸,深圳市南山区沙河东路67号,南山,沙河,沙河,1092,226.75611706720514,113.954948,22.529168,OK,high_end,11226,2008,48184.03,1.944
476,金成名苑,深圳市南山区沙河东路16号,南山,沙河,沙河,1027,84.98089752145368,113.945567,22.539273,OK,commodity_housing,7270,2014,120911.48,1.537
477,星海雅居,深圳市南山区世界之窗113号,南山,沙河,沙河,517,92.9693795233478,113.941929,22.520923,OK,commodity_housing,9470,2009,55681.23,1.868
478,金地湾,深圳市南山区华侨城香山中街188号,南山,沙河,沙河,3273,290.53917955967086,113.957444,22.527278,OK,high_end,12837,2010,112684.54,1.965
479,华润岸,深圳市南山区沙河东路188号,南山,沙河,沙河,3635,192.88508006568037,113.965412,22.535254,OK,high_end,8649,2015,188488.28,1.803
480,中海居,深圳市南山区华侨城香山中街68号,南山,沙河,沙河,966,81.68035313914223,113.958535,22.528971,OK,commodity_housing,16983,2015,118343.05,1.946
481,万科花园,深圳市南山区华侨城香山中街148号,南山,沙河,沙河,1678,185.53859908450852,113.958871,22.529765,OK,high_end,8911,2011,90458.2,1.925
482,招商公馆,深圳市南山区华侨城香山中街114号,南山,沙河,沙河,781,134.7142790637273,113.964879,22.542391,OK,commodity_housing,5038,2013,57978.32,1.699
483,华侨城邸,深圳市南山区华侨城波托菲诺151号,南山,沙河,沙河,3089,260.95243466446624,113.949003,22.518687,OK,high_end,12643,2011,118379.28,2.057
484,花样年名苑,深圳市南山区华侨城香山中街126号,南山,沙河,沙河,1806,136.29158954887188,113.961874,22.528407,OK,commodity_housing,13171,2011,132537.56,2.125
485,佳兆业雅居,深圳市南山区世界之窗28号,南山,沙河,沙河,1564,149.75684161590334,113.970881,22.533064,OK,commodity_housing,15581,2009,104438.32,2.017
486,龙光湾,深圳市南山区世界之窗85号,南山,沙河,沙河,925,141.57210476982334,113.954425,22.520933,OK,commodity_housing,5887,2019,65397.88,2.196
487,卓越岸,深圳市南山区沙河东路149号,南山,沙河,沙河,2556,239.06709479151783,113.96216,22.527778,OK,high_end,19234,2015,106942.33,1.936
488,华联居,深圳市南山区华侨城波托菲诺135号,南山,沙河,沙河,1132,153.77986422316044,113.947105,22.529955,OK,high_end,5987,2007,73617.15,2.092
489,天悦花园,深圳市南山区华侨城香山中街177号,南山,沙河,沙河,2054,122.70755454253643,113.960128,22.516925,OK,commodity_housing,19184,2016,167398.98,2.097
490,龙瑞公馆,深圳市南山区华侨城波托菲诺41号,南山,沙河,沙河,2625,193.2276788939294,113.961501,22.531881,OK,high_end,4627,2008,135887.89,1.975
491,阳光邸,深圳市南山区世界之窗19号,南山,沙河,沙河,2154,113.01546435254167,113.952289,22.528135,OK,commodity_housing,5881,2010,190635.88,1.853
492,翠湖名苑,深圳市南山区华侨城香山中街177号,南山,沙河,沙河,2214,179.44414534666006,113.950248,22.520181,OK,high_end,9487,2009,123420.32,2.163
493,碧海雅居,深圳市南山区华侨城波托菲诺147号,南山,沙河,沙河,2596,188.36155523224505,113.96545,22.519184,OK,high_end,7818,2015,137863.43,1.924
494,金湾湾,深圳市南山区华侨城香山中街122号,南山,沙河,沙河,1234,121.58346258967677,113.959852,22.531114,OK,commodity_housing,4462,2005,101557.21,1.963
495,银湖岸,深圳市南山区华侨城香山中街109号,南山,沙河,沙河,4203,247.40682303549335,113.973163,22.534832,OK,high_end,7476,2005,169898.58,1.864
496,玉泉居,深圳市南山区世界之窗79号,南山,沙河,沙河,724,112.09629935309107,113.963615,22.51021,OK,commodity_housing,11334,2011,64605.39,2.229
497,宝安花园,深圳市南山区华侨城香山中街11号,南山,沙河,沙河,1362,284.6078576195572,113.950942,22.516397,OK,high_end,3066,2009,47875.35,1.894
498,瑞景公馆,深圳市南山区世界之窗199号,南山,沙河,沙河,3902,263.7060631516825,113.958507,22.530716,OK,high_end,15940,2010,147982.91,1.867
499,盛世邸,深圳市南山区沙河东路178号,南山,沙河,沙河,1724,172.70567568949124,113.954852,22.535586,OK,high_end,14469,2016,99831.54,2.214
500,雅居名苑,深圳市南山区沙河东路70号,南山,沙河,沙河,4759,244.80288126336546,113.957484,22.528959,OK,high_end,10297,2013,194433.54,1.947
